doc_title,chunk_id,text,scene_context
106、EXT. HOTEL SAINT GABRIEL - NIGHT,doc_105_chunk_0,What danger?,Lobby: Louis asks about the danger Claudia senses.
103、INT. FOOT OF STAIRWAY,doc_102_chunk_3,Monstrous.,Louis and Armand discussing Armand's speed and grace
103、INT. FOOT OF STAIRWAY,doc_102_chunk_3,"Your lips, they didn't move.",Louis and Armand discussing Armand's speed and grace
101、EXT BOULEVARD DES CAPUCHINES - THEATRE DES VAMPIRES -,doc_100_chunk_0,Remember what I've told you. They'll have different powers. They'll read your thoughts if you allow it.,"Night at theatre entrance, Louis speaking to Claudia about vampire powers."
104、INT. MEDIEVAL ROOM,doc_103_chunk_5,He knew nothing. He just didn't care.,Armand and Louis discussing the vampire who made Louis
107、INT. HOTEL ROOMS - NIGHT,doc_106_chunk_2,"He can protect us, Claudia.","Louis lifts Claudia in his arms, speaking about protection."
1、INT. ROOM - NIGHT (SAN FRANCISCO),doc_0_chunk_4,We can't begin this way. Let me turn on the light.,Speaking with Malloy about vampires and light
1、INT. ROOM - NIGHT (SAN FRANCISCO),doc_0_chunk_4,We love it. I only wanted to prepare you.,Speaking with Malloy about vampires and light
102、INT. THEATRE BOX - NIGHT,doc_101_chunk_9,I've seen enough of this! I loathe it!,Stage scene: Louis witnesses Armand's ritual and expresses disgust.
102、INT. THEATRE BOX - NIGHT,doc_101_chunk_11,We've been searching for you for a very long time...,"Empty theatre, Louis speaks to Armand about searching for him."
102、INT. THEATRE BOX - NIGHT,doc_101_chunk_3,This is no performance.,Louis whispers to Claudia about a performance.
104、INT. MEDIEVAL ROOM,doc_103_chunk_0,We had feared we were the only ones...,Medieval room: Louis speaks to Armand about fearing they were the only ones.
105、INT. DARKENED CORRIDORS AND THEATRE - NIGHT,doc_104_chunk_0,"The place was dark as we left, a darkness that confounded even Claudia. And as we blundered through it, again came the thought: I have wronged Lestat, I have hated him for the wrong reasons.","Darkened corridors, Louis (V.O.) reflects on wronging Lestat."
104、INT. MEDIEVAL ROOM,doc_103_chunk_4,"My God... So it's as I always feared. Nothing, leading to nothing.",Armand holds Claudia and Louis in a trance; Louis speaks of his fears.
104、INT. MEDIEVAL ROOM,doc_103_chunk_3,Then there is nothing.,"By a candle, Louis and Armand discuss the existence of God and evil."
104、INT. MEDIEVAL ROOM,doc_103_chunk_3,Then God does not exist...,"By a candle, Louis and Armand discuss the existence of God and evil."
104、INT. MEDIEVAL ROOM,doc_103_chunk_3,And no vampire here has discourse with God or the Devil?,"By a candle, Louis and Armand discuss the existence of God and evil."
107、INT. HOTEL ROOMS - NIGHT,doc_106_chunk_0,Do you think I would let them harm you?,Room: Louis and Claudia discuss danger and love
107、INT. HOTEL ROOMS - NIGHT,doc_106_chunk_0,"Love holds you to me. And we are in danger, not you.",Room: Louis and Claudia discuss danger and love
1、INT. ROOM - NIGHT (SAN FRANCISCO),doc_0_chunk_5,Don't be frightened. I want this opportunity.,Room: Louis reassures Malloy and states his desire for the opportunity.
107、INT. HOTEL ROOMS - NIGHT,doc_106_chunk_1,Never.,Claudia accuses Louis of leaving for Armand; Louis denies it.
107、INT. HOTEL ROOMS - NIGHT,doc_106_chunk_1,That's not so.,Claudia claims Armand wants Louis; Louis disagrees.
107、INT. HOTEL ROOMS - NIGHT,doc_106_chunk_1,So you felt it too!,Claudia reveals Armand's soul message during a trance; Louis confirms he felt it.
102、INT. THEATRE BOX - NIGHT,doc_101_chunk_0,They are here. I know they are. Listen for something that doesn't make a sound.,"Theater, Louis and Claudia observe crowd as lights go down; Louis speaks about 'they' and listening for silence."
110、INT. ARMAND'S ROOM - NIGHT,doc_109_chunk_4,And the vampires of the Theatre?,Speaking with Armand about the vampires of the Theatre
110、INT. ARMAND'S ROOM - NIGHT,doc_109_chunk_4,Yes... My God...,Responding to Armand's question about the answers
102、INT. THEATRE BOX - NIGHT,doc_101_chunk_5,This is monstrous!,Louis and Claudia scene: Louis objects to a monstrous subject.
105、INT. DARKENED CORRIDORS AND THEATRE - NIGHT,doc_104_chunk_1,You read my thoughts?,"Santiago confronts Louis about a name, with other vampires appearing behind Santiago."
105、INT. DARKENED CORRIDORS AND THEATRE - NIGHT,doc_104_chunk_1,A name I don't want to say again.,"Santiago confronts Louis about a name, with other vampires appearing behind Santiago."
110、INT. ARMAND'S ROOM - NIGHT,doc_109_chunk_3,He? Don't you see? I'm not the spirit of any age! I'm at odds with everything and always have been! I'm not even sure what I am!,Armand and Louis discuss Louis's identity and his place in the modern age.
1、INT. ROOM - NIGHT (SAN FRANCISCO),doc_0_chunk_2,It's just a room...,"Alleyway, Louis speaks with Malloy about being a vampire and waiting in the alley."
1、INT. ROOM - NIGHT (SAN FRANCISCO),doc_0_chunk_2,I'm a vampire.,"Alleyway, Louis speaks with Malloy about being a vampire and waiting in the alley."
1、INT. ROOM - NIGHT (SAN FRANCISCO),doc_0_chunk_2,Absolutely. I was watching you watching me. I was waiting for you in that alleyway. And then you began to speak.,"Alleyway, Louis speaks with Malloy about being a vampire and waiting in the alley."
11、EXT. PLANTATION - NIGHT,doc_10_chunk_2,I can't do it.,"With Lestat, refusing to commit the act."
11、EXT. PLANTATION - NIGHT,doc_10_chunk_2,"Kill me if you will, but I can't do this...","With Lestat, pleading to be killed but unable to proceed."
11、EXT. PLANTATION - NIGHT,doc_10_chunk_1,"How do you mean, start?",Lestat instructs Louis to call Carlos; Louis questions the meaning of 'start'.
11、EXT. PLANTATION - NIGHT,doc_10_chunk_1,Carlos!!!,Louis calls Carlos (the overseer) who approaches with a bloodied whip.
110、INT. ARMAND'S ROOM - NIGHT,doc_109_chunk_2,We can do that?,Speaking with Armand about immortality
110、INT. ARMAND'S ROOM - NIGHT,doc_109_chunk_2,That's what the one who made me said.,Speaking with Armand about the one who made Louis
110、INT. ARMAND'S ROOM - NIGHT,doc_109_chunk_1,But why?,Conversation with Armand about the young vampire and Louis's departure
110、INT. ARMAND'S ROOM - NIGHT,doc_109_chunk_1,Then blame the one who made her...,Conversation with Armand about the young vampire and Louis's departure
110、INT. ARMAND'S ROOM - NIGHT,doc_109_chunk_1,We want no quarrel with him.,Conversation with Armand about the young vampire and Louis's departure
110、INT. ARMAND'S ROOM - NIGHT,doc_109_chunk_1,Then I leave too.,Conversation with Armand about the young vampire and Louis's departure
110、INT. ARMAND'S ROOM - NIGHT,doc_109_chunk_1,You said there were none.,Conversation with Armand about the young vampire and Louis's departure
113、EXT. HOTEL BALCONY - LATER,doc_112_chunk_0,"She is dying. It happened to you too, but your child's mind can't remember.",Balcony: Louis speaks to Claudia about Madeleine's condition and Claudia's past experience as a vampire.
112、INT. HOTEL SUITE - NIGHT,doc_111_chunk_2,You haven't the vaguest conception under God of what you ask!,Speaking to Madeleine about her request
114、INT. CORRIDOR OF THEATRE DES VAMPIRES - NIGHT,doc_113_chunk_0,Armand! Get me Armand! he wouldn't countenance this,"Ballroom, speaking to Santiago about Armand"
110、INT. ARMAND'S ROOM - NIGHT,doc_109_chunk_5,Louis Lestat! You knew Lestat!,"In a room, Louis speaks to Armand about Lestat."
114、INT. CORRIDOR OF THEATRE DES VAMPIRES - NIGHT,doc_113_chunk_4,"They've fooled you, Lestat! You must reach Armand! Armand has the power!","Forced into coffin, speaking to Lestat about Armand"
113、EXT. HOTEL BALCONY - LATER,doc_112_chunk_1,It's only mortal death.,"In a room, Louis speaks to Claudia about the death of his humanity."
113、EXT. HOTEL BALCONY - LATER,doc_112_chunk_1,"Bear me no ill will, my love. We are now even.","In a room, Louis speaks to Claudia about the death of his humanity."
113、EXT. HOTEL BALCONY - LATER,doc_112_chunk_1,"What died tonight inside that room was not that woman. It will take her many nights to die, perhaps years. What has died in that room tonight is the last vestige in me of what was human.","In a room, Louis speaks to Claudia about the death of his humanity."
119、INT. COFFIN,doc_118_chunk_0,Claudia!!!,"In a coffin, Louis cries out Claudia's name after a scream pierces the coffin."
120、INT. COFFIN,doc_119_chunk_0,Where is she? Where's Claudia?,Catacomb: Louis asks Armand about Claudia
120、INT. COFFIN,doc_119_chunk_1,Not without Claudia. Where is she?,Passage: Louis speaks to Armand about Claudia
120、INT. COFFIN,doc_119_chunk_1,You can't believe I'd leave without her. Armand! You must save her! You have no choice.,Passage: Louis speaks to Armand about Claudia
112、INT. HOTEL SUITE - NIGHT,doc_111_chunk_5,You promise to care for her then?,Louis and Madeleine discussing Claudia and Madeleine's daughter.
112、INT. HOTEL SUITE - NIGHT,doc_111_chunk_5,And you know what you ask for?,Louis and Madeleine discussing Claudia and Madeleine's daughter.
112、INT. HOTEL SUITE - NIGHT,doc_111_chunk_5,"What do you think she is, Madeleine? A doll?",Louis and Madeleine discussing Claudia and Madeleine's daughter.
112、INT. HOTEL SUITE - NIGHT,doc_111_chunk_5,And the child who did die?,Louis and Madeleine discussing Claudia and Madeleine's daughter.
112、INT. HOTEL SUITE - NIGHT,doc_111_chunk_4,Yes...,Claudia tells Louis she must leave; Louis says Yes...
13、EXT. CEMETERY - NIGHT,doc_12_chunk_0,Yes. Kill me. Kill me like you promised -,"Front of crypt, speaking to Lestat about being killed as promised."
122、EXT. NOTRE DAME DOOR - NIGHT,doc_121_chunk_1,"I understand you only too well. You let them do it, as I let Lestat turn a child into a demon. As I let her rip Lestat's heart to pieces! Well I am no longer that passive fool that has spun evil from evil till the web traps the one who made it. Your melancholy spirit of this century! I know what I must do.And I warn you - you saved me tonight, so I return the favor - do not go near your cell in the Theatre Des Vampires again.","Speaking to Armand, Louis warns about the Theatre des Vampires."
114、INT. CORRIDOR OF THEATRE DES VAMPIRES - NIGHT,doc_113_chunk_1,"You are alive, Lestat! It can't be murder! Tell them how you treated us...",Lestat scarred and teetering; Louis confronts Lestat about the murder.
129、INT. LOUVRE - NIGHTS LATER,doc_128_chunk_0,"You didn't even warm them, did you?",Museum: Louis and Armand discuss Louis's past actions and Armand's leadership.
129、INT. LOUVRE - NIGHTS LATER,doc_128_chunk_0,And yet you knew what I would do.,Museum: Louis and Armand discuss Louis's past actions and Armand's leadership.
129、INT. LOUVRE - NIGHTS LATER,doc_128_chunk_0,You were their leader. They trusted you.,Museum: Louis and Armand discuss Louis's past actions and Armand's leadership.
120、INT. COFFIN,doc_119_chunk_2,CLAUDIA!!!,"In a room, Louis shouts Claudia's name at Lestat in rage."
122、EXT. NOTRE DAME DOOR - NIGHT,doc_121_chunk_0,I don't believe you. I do not have to read your soul to know that you lie.,Stone wall: Louis confronts Armand about the deaths.
122、EXT. NOTRE DAME DOOR - NIGHT,doc_121_chunk_0,You let them do it.,Stone wall: Louis confronts Armand about the deaths.
122、EXT. NOTRE DAME DOOR - NIGHT,doc_121_chunk_0,You held sway over them. They feared you. You wanted it to happen.,Stone wall: Louis confronts Armand about the deaths.
12、EXT. POINTE DU LAC - NIGHT,doc_11_chunk_1,"You're the devil, aren't you? That's who you are.",Louis and Lestat conversing about Louis becoming a vampire.
12、EXT. POINTE DU LAC - NIGHT,doc_11_chunk_1,"I can't go through with it, I tell you.",Louis and Lestat conversing about Louis becoming a vampire.
12、EXT. POINTE DU LAC - NIGHT,doc_11_chunk_1,But why do you want me?,Louis and Lestat conversing about Louis becoming a vampire.
13、EXT. CEMETERY - NIGHT,doc_12_chunk_3,Yes...,Lestat invites Louis to join him; Louis agrees.
13、EXT. CEMETERY - NIGHT,doc_12_chunk_3,Yes...,Lestat confirms Louis's agreement; Louis repeats.
13、EXT. CEMETERY - NIGHT,doc_12_chunk_12,What have I done?,"With Lestat, after feeding on a slave, Louis expresses horror."
13、EXT. CEMETERY - NIGHT,doc_12_chunk_12,"Dear God, what have I done?","With Lestat, after Lestat's taunt, Louis repeats his anguish."
102、INT. THEATRE BOX - NIGHT,doc_101_chunk_1,It's a vampire. It's the one I saw in Rue St Jacques.,Theater performance: Louis and Claudia observe a vampire-themed play.
102、INT. THEATRE BOX - NIGHT,doc_101_chunk_1,They use no paint. And the audience think it is paint.,Theater performance: Louis and Claudia observe a vampire-themed play.
102、INT. THEATRE BOX - NIGHT,doc_101_chunk_1,No. She's frightened. She doesn't know where she is.,Theater performance: Louis and Claudia observe a vampire-themed play.
13、EXT. CEMETERY - NIGHT,doc_12_chunk_10,The crucifix -,"In the darkness, speaking with Lestat about the crucifix."
130、INT. MOVIE THEATRE - NIGHT,doc_129_chunk_0,"And there, a technological wonder allowed me see sunrise, for the first time in two hundred years...","Cinema, watching Murnau's Sunrise"
130、INT. MOVIE THEATRE - NIGHT,doc_129_chunk_0,And what sunrises! Seen as the human eye could never see them.,"Cinema, watching Murnau's Sunrise"
132、EXT. GARDEN DISTRICT - NIGHT,doc_131_chunk_2,"They were like the doomed princess caught in the thorny vines of Sleeping Beauty's castle. I knew what it meant. A vampire had lured them here, but had been too weak to get rid of them.","Louis alone in a forest, observing corpses and reflecting on the vampire's weakness."
132、EXT. GARDEN DISTRICT - NIGHT,doc_131_chunk_3,"It spelt weakness, madness, the behavior of a dying animal that pollutes its own lair.","Observing dead rats near the steps, Louis reflects on weakness and madness."
13、EXT. CEMETERY - NIGHT,doc_12_chunk_5,No. Don't leave me here. Give it to me.,"Beside broken crypt, speaking with Lestat about drinking blood."
13、EXT. CEMETERY - NIGHT,doc_12_chunk_5,Sure...,"Beside broken crypt, speaking with Lestat about drinking blood."
132、EXT. GARDEN DISTRICT - NIGHT,doc_131_chunk_6,Don't try to speak... it's alright...,"Candlelit room, Louis speaks to Lestat about past events involving Santiago and a woman."
132、EXT. GARDEN DISTRICT - NIGHT,doc_131_chunk_6,"That's all past, Lestat.","Candlelit room, Louis speaks to Lestat about past events involving Santiago and a woman."
13、EXT. CEMETERY - NIGHT,doc_12_chunk_9,Dying?,Lestat informs Louis his body is dying
13、EXT. CEMETERY - NIGHT,doc_12_chunk_9,I want a woman.,Lestat instructs Louis to feed
132、EXT. GARDEN DISTRICT - NIGHT,doc_131_chunk_9,Yes. I remember...,"Lestat and Louis, Lestat discussing his past as a vampire."
132、EXT. GARDEN DISTRICT - NIGHT,doc_131_chunk_8,It's only a siren...,Urban night: Louis and Lestat discuss Lestat's fear of modern lights and machines.
132、EXT. GARDEN DISTRICT - NIGHT,doc_131_chunk_8,And they frighten you?,Urban night: Louis and Lestat discuss Lestat's fear of modern lights and machines.
132、EXT. GARDEN DISTRICT - NIGHT,doc_131_chunk_8,"It's false light, Lestat. It can't harm you...",Urban night: Louis and Lestat discuss Lestat's fear of modern lights and machines.
132、EXT. GARDEN DISTRICT - NIGHT,doc_131_chunk_8,I have to go now Lestat...,Urban night: Louis and Lestat discuss Lestat's fear of modern lights and machines.
111、EXT. THEATRE DES VAMPIRES - NIGHT,doc_110_chunk_0,"I felt a kind of peace at last. I
had found the teacher which Lestat
could never, I knew now, have been.
I knew knowledge would never be
withheld by Armand. It would pass
through him as through a pane of
glass. And I knew Claudia must
leave me...","Street outside, alone, reflecting on Armand as teacher and Claudia leaving."
132、EXT. GARDEN DISTRICT - NIGHT,doc_131_chunk_10,I tried...,"Paris, night: Lestat references Louis's resistance to the dark gift; Louis says 'I tried...' "
132、EXT. GARDEN DISTRICT - NIGHT,doc_131_chunk_10,You have it...,"Paris, night: Lestat asks for forgiveness; Louis grants it with 'You have it...' "
132、EXT. GARDEN DISTRICT - NIGHT,doc_131_chunk_0,"And then on Prytania Street, only blocks from the Lafayette cemetery I caught the scent of death and it wasn't coming from the graves...","Prytania Street, near Lafayette cemetery, Louis narrates the scent of death."
132、EXT. GARDEN DISTRICT - NIGHT,doc_131_chunk_0,The scent grew stronger as I walked. Old death. A scent too faint for mortals to detect.,"Prytania Street, near Lafayette cemetery, Louis narrates the scent of death."
133、INT. ROOM. SAN FRANCISCO - NIGHT (PRESENT),doc_132_chunk_4,You like it? You like being food for the immortals? You like dying? Is it beautiful? Is it intense?,"Confronting Malloy, Louis questions if he likes being food for immortals."
133、INT. ROOM. SAN FRANCISCO - NIGHT (PRESENT),doc_132_chunk_4,Thank God.,"After dropping Malloy, Louis expresses relief."
133、INT. ROOM. SAN FRANCISCO - NIGHT (PRESENT),doc_132_chunk_0,But it has. There is no more to tell.,"Malloy staring at Louis, discussing the story's ending."
114、INT. CORRIDOR OF THEATRE DES VAMPIRES - NIGHT,doc_113_chunk_2,Are you mad???ESTELLE,Lestat reaches out to Louis; Louis responds to Lestat's plea.
136、EXT. GOLDEN GATE BRIDGE - NIGHT,doc_135_chunk_2,My invitation was open to anyone.,"In a car, Louis speaks via tape about an open invitation."
133、INT. ROOM. SAN FRANCISCO - NIGHT (PRESENT),doc_132_chunk_1,"It's over, I'm telling you...","Louis and Malloy, Louis says it's over."
133、INT. ROOM. SAN FRANCISCO - NIGHT (PRESENT),doc_132_chunk_1,Do what you want with it. Learn what you can. Give the story to others.,"Louis and Malloy, Louis speaks about the cassettes."
133、INT. ROOM. SAN FRANCISCO - NIGHT (PRESENT),doc_132_chunk_1,Is this what you want? You ask me for this after all I've told you?,"Louis and Malloy, Louis reacts to Malloy's request."
1、INT. ROOM - NIGHT (SAN FRANCISCO),doc_0_chunk_7,"What can I do to put you at ease? Shall we begin like David Copperfield? I am born, I grow up. Or shall we begin when I was born to darkness, as I call it. That's really where we should start, don't you think?","With Malloy, discussing how to start the story"
1、INT. ROOM - NIGHT (SAN FRANCISCO),doc_0_chunk_7,Why should I lie? 1791 was the year it happened. I was twenty-four - younger than you are now.,"With Malloy, explaining the year 1791 and his age"
1、INT. ROOM - NIGHT (SAN FRANCISCO),doc_0_chunk_7,But times were different then. I was a man at that age. The master of a large plantation just south of New Orleans...,"With Malloy, describing his life as a plantation owner"
1、INT. ROOM - NIGHT (SAN FRANCISCO),doc_0_chunk_1,So you want me to tell you the story of my life...,Interview with Malloy at Louis's home about Louis's life story.
1、INT. ROOM - NIGHT (SAN FRANCISCO),doc_0_chunk_1,You'd have to have a lot of tape for my story. I've had a very unusual life.,Interview with Malloy at Louis's home about Louis's life story.
1、INT. ROOM - NIGHT (SAN FRANCISCO),doc_0_chunk_1,"You followed me here, didn't you?",Interview with Malloy at Louis's home about Louis's life story.
140、INT. WATERFRONT TAVERN - NIGHT,doc_139_chunk_1,You're calling me a cheat?,"Gambling hall, Gambler accuses Louis of cheating"
140、INT. WATERFRONT TAVERN - NIGHT,doc_139_chunk_1,Then do me a favor. Get rid of this piece of shit...,"Gambler has drawn pistol, Louis challenges him to shoot"
140、INT. WATERFRONT TAVERN - NIGHT,doc_139_chunk_1,"You lack the courage of your convictions, sir. Do it.","Gambler's hand shakes, Louis mocks his courage"
104、INT. MEDIEVAL ROOM,doc_103_chunk_1,Are you the leader of this group?,Armand and Louis discussing leadership
104、INT. MEDIEVAL ROOM,doc_103_chunk_1,So you have the answers...,Armand and Louis discussing answers
104、INT. MEDIEVAL ROOM,doc_103_chunk_1,What are we?,Armand and Louis discussing their nature
104、INT. MEDIEVAL ROOM,doc_103_chunk_1,Who made us what we are?,Armand and Louis discussing their origin
14、EXT. GRAVEYARD - NIGHT,doc_13_chunk_0,"Dear God, what have I become????","At his wife's grave, Louis laments his transformation into a vampire."
142、EXT. WHARF - NIGHT,doc_141_chunk_1,But it was a vampire that accepted.,"Wharf, Louis reflects on the vampire's acceptance."
142、EXT. WHARF - NIGHT,doc_141_chunk_2,Then my luck would have changed.,Confrontation with Lestat regarding death
142、EXT. WHARF - NIGHT,doc_141_chunk_2,Yes...,Confrontation with Lestat regarding death
138、INT. ROOM - NIGHT (SAN FRANCISCO),doc_137_chunk_2,It's just a room...,"In a room, Louis reveals his vampirism to Malloy."
138、INT. ROOM - NIGHT (SAN FRANCISCO),doc_137_chunk_2,I'm a vampire.,"In a room, Louis reveals his vampirism to Malloy."
138、INT. ROOM - NIGHT (SAN FRANCISCO),doc_137_chunk_2,Absolutely.,"In a room, Louis reveals his vampirism to Malloy."
138、INT. ROOM - NIGHT (SAN FRANCISCO),doc_137_chunk_2,I was watching you watching me. I was waiting for you in that alleyway. And then you began to speak.,"In a room, Louis reveals his vampirism to Malloy."
138、INT. ROOM - NIGHT (SAN FRANCISCO),doc_137_chunk_2,Perhaps lucky for both of us.,"In a room, Louis reveals his vampirism to Malloy."
138、INT. ROOM - NIGHT (SAN FRANCISCO),doc_137_chunk_3,I'll tell you my story. All of it. I'd like to do that very much.,Louis and Malloy; Louis begins to tell his story.
138、INT. ROOM - NIGHT (SAN FRANCISCO),doc_137_chunk_3,Yes but you needn't worry about that now. Things change.,Louis and Malloy; Louis reassures Malloy about his changed intentions.
140、INT. WATERFRONT TAVERN - NIGHT,doc_139_chunk_0,"I wanted to lose everything. My wealth, my estate, my sanity. But Lady Luck didn't oblige.",Gaming table: Louis (voice-over) discusses desire to lose everything.
136、EXT. GOLDEN GATE BRIDGE - NIGHT,doc_135_chunk_0,That's when it happened. I was twenty-four. Younger then you are now.,"On a bridge, Malloy driving and inserting a tape, Louis's voice-over about his past at age 24."
110、INT. ARMAND'S ROOM - NIGHT,doc_109_chunk_0,Listen to me.,"Armand's door, Louis speaks to Armand about Claudia"
110、INT. ARMAND'S ROOM - NIGHT,doc_109_chunk_0,"Claudia is dear to me. My...
daughter.","Armand's room, Louis describes Claudia as his daughter"
110、INT. ARMAND'S ROOM - NIGHT,doc_109_chunk_0,"No, my beloved, my child.","Armand's room, Louis corrects Armand on Claudia's relationship"
110、INT. ARMAND'S ROOM - NIGHT,doc_109_chunk_0,"I'm not innocent. But I'm afraid.
She feels she's in danger from the
others.","Armand's room, Louis expresses fear for Claudia's safety"
142、EXT. WHARF - NIGHT,doc_141_chunk_4,Enough...,"Wharf, speaking with Lestat about death."
140、INT. WATERFRONT TAVERN - NIGHT,doc_139_chunk_2,"Most of all I longed for death. I know that now. I invited it, a release from the pain of living...","Gambling scene: Gambler lowers gun, Louis pockets coins."
138、INT. ROOM - NIGHT (SAN FRANCISCO),doc_137_chunk_1,So you want me to tell you the story of my life...,"At Louis's residence, Louis is being interviewed by Malloy about his life story."
138、INT. ROOM - NIGHT (SAN FRANCISCO),doc_137_chunk_1,You'd have to have a lot of tape for my story. I've had a very unusual life.,"At Louis's residence, Louis is being interviewed by Malloy about his life story."
138、INT. ROOM - NIGHT (SAN FRANCISCO),doc_137_chunk_1,"You followed me here, didn't you?","At Louis's residence, Louis is being interviewed by Malloy about his life story."
138、INT. ROOM - NIGHT (SAN FRANCISCO),doc_137_chunk_4,We can't begin this way. Let me turn on the light.,In a room with Malloy; Louis discusses vampire light preferences.
138、INT. ROOM - NIGHT (SAN FRANCISCO),doc_137_chunk_4,We love it. I only wanted to prepare you.,In a room with Malloy; Louis responds to Malloy's vampire light comment.
138、INT. ROOM - NIGHT (SAN FRANCISCO),doc_137_chunk_4,Don't be frightened. I want this opportunity.,In a room with Malloy; Louis reassures Malloy after the light goes out.
138、INT. ROOM - NIGHT (SAN FRANCISCO),doc_137_chunk_6,What can I do to put you at ease?,"With Malloy, discussing his origins."
138、INT. ROOM - NIGHT (SAN FRANCISCO),doc_137_chunk_6,"Shall we begin like David Copperfield? I am born, I grow up.","With Malloy, discussing his origins."
138、INT. ROOM - NIGHT (SAN FRANCISCO),doc_137_chunk_6,"Or shall we begin when I was born to darkness, as I call it. That's really where we should start, don't you think?","With Malloy, discussing his origins."
144、EXT. WATERFRONT - DAY,doc_143_chunk_0,He left me half dead that morning. he wanted something from me. He came back the following night.,"Mudflats at dawn, Louis (V.O.) recounting being left half dead."
145、INT. LAVISH FRENCH-FURNISHED BEDROOM AT POINT DU LAC,doc_144_chunk_2,Why should I be?,"After Louis shoots Lestat, Lestat's hand is healing and Lestat questions Louis's fear."
112、INT. HOTEL SUITE - NIGHT,doc_111_chunk_3,"How do we seem to you? Do you think
us beautiful, magical, our white
skin, our fierce eyes? Drink, you
ask me! Have you any idea of the
thing you will become?",Louis shaking Madeleine and speaking to her
112、INT. HOTEL SUITE - NIGHT,doc_111_chunk_3,"Don't make me, Claudia! I cannot do
it!",Louis speaking to Claudia
145、INT. LAVISH FRENCH-FURNISHED BEDROOM AT POINT DU LAC,doc_144_chunk_1,Who the hell are you? What are you doing in my house?,Bedroom: Louis confronts Lestat about his presence in the house.
150、EXT. CEMETERY - NIGHT,doc_149_chunk_0,Yes. Kill me. Kill me like you promised -,"Front of crypt, speaking with Lestat about being killed"
132、EXT. GARDEN DISTRICT - NIGHT,doc_131_chunk_5,He hadn't even been there. And all those years I thought he was dead.,Voice-over: Louis reflects on Lestat not being at the fire and his belief that Lestat was dead.
147、INT. LOUIS BEDROOM - NIGHT,doc_146_chunk_0,Give it to me!!!,"On the bed, Louis in delirium, speaking to Lestat about blood."
147、INT. LOUIS BEDROOM - NIGHT,doc_146_chunk_0,I want it!,"On the bed, Louis in delirium, speaking to Lestat about blood."
146、EXT. GRAVEYARD - NIGHT,doc_145_chunk_1,Diane!!!!,Vision at a statue: Louis sees his wife Diane and cries out
146、EXT. GRAVEYARD - NIGHT,doc_145_chunk_2,NO!!!!!,Lestat tells Louis that death has taken others and that Louis can destroy death
151、EXT. GRAVEYARD - NIGHT,doc_150_chunk_0,"Dear God, what have I become????","At his wife's grave, speaking to God about his transformation."
156、INT. BASEMENT - POINTE DU LAC,doc_155_chunk_0,And if I don't?,Storage room: Louis questions Lestat's demand to enter the coffin.
148、EXT. PLANTATION - NIGHT,doc_147_chunk_2,I can't do it.,"With Lestat, refusing to kill the overseer"
148、EXT. PLANTATION - NIGHT,doc_147_chunk_2,"Kill me if you will, but I can't do this...","With Lestat, fleeing after refusing to kill the overseer"
145、INT. LAVISH FRENCH-FURNISHED BEDROOM AT POINT DU LAC,doc_144_chunk_4,What do you want from me?,"In a room, Louis speaks with Lestat about his desire to die."
148、EXT. PLANTATION - NIGHT,doc_147_chunk_1,"How do you mean, start?","In a clearing near trees, Louis questions Lestat about 'start'."
148、EXT. PLANTATION - NIGHT,doc_147_chunk_1,Carlos!!!,Louis calls out to Carlos (the overseer) as he approaches.
150、EXT. CEMETERY - NIGHT,doc_149_chunk_2,Yes...,Lestat offers Louis to become his companion; Louis agrees after a sigh.
150、EXT. CEMETERY - NIGHT,doc_149_chunk_2,Yes...,Lestat asks for confirmation of Louis's agreement.
150、EXT. CEMETERY - NIGHT,doc_149_chunk_8,Dying?,Lestat explains Louis' body is dying
150、EXT. CEMETERY - NIGHT,doc_149_chunk_8,I want a woman.,Lestat dismisses human desires
150、EXT. CEMETERY - NIGHT,doc_149_chunk_4,No. Don't leave me here. Give it to me.,"Beside the broken crypt, Louis pleads with Lestat to give him blood."
150、EXT. CEMETERY - NIGHT,doc_149_chunk_4,Sure...,"Beside the broken crypt, Louis agrees to drink Lestat's blood."
154、INT. MANSION - NIGHT,doc_153_chunk_0,It can't be...,Parlor: Louis reacts to his vampire reflection with Lestat.
150、EXT. CEMETERY - NIGHT,doc_149_chunk_11,What have I done?,"After feeding on a slave, Louis speaks to Lestat in horror."
150、EXT. CEMETERY - NIGHT,doc_149_chunk_11,"Dear God, what have I done?","After Lestat's laughter and Louis looking at the dead slave, Louis speaks to Lestat in anguish."
149、EXT. POINTE DU LAC - NIGHT,doc_148_chunk_1,"You're the devil, aren't you? That's who you are.",With Lestat: Louis questions motives and expresses reluctance
149、EXT. POINTE DU LAC - NIGHT,doc_148_chunk_1,"I can't go through with it, I tell you.",With Lestat: Louis questions motives and expresses reluctance
149、EXT. POINTE DU LAC - NIGHT,doc_148_chunk_1,But why do you want me?,With Lestat: Louis questions motives and expresses reluctance
152、INT. ROOM. SAN FRANCISCO - NIGHT,doc_151_chunk_0,"Oh, that rumor about crosses?",Louis and Malloy discuss a rumor about crosses.
152、INT. ROOM. SAN FRANCISCO - NIGHT,doc_151_chunk_0,"Nonsense, my friend. I can look on anything I like. And I am particularly fond of looking on crucifixes.",Louis dismisses Malloy's concern about crucifixes.
152、INT. ROOM. SAN FRANCISCO - NIGHT,doc_151_chunk_0,The same. As you would say today... Bull shit.,Louis responds to Malloy's question about stakes.
152、INT. ROOM. SAN FRANCISCO - NIGHT,doc_151_chunk_0,Coffins... coffins unfortunately are a necessity...,Louis talks about coffins being a necessity.
157、INT. DINING ROOM - NIGHT,doc_156_chunk_5,We can live like this? Off the blood of animals?,In conversation with Lestat about living on animal blood.
160、INT. FRENCH QUARTER MANSION - BALLROOM,doc_159_chunk_0,But the triumphant kill of Lestat was a young man. They represented the greatest loss to Lestat because they stood on the threshold of the maximum possibility of life.,"Colonial ball, Louis (V.O.) reflects on Lestat's kill and the loss of young men."
157、INT. DINING ROOM - NIGHT,doc_156_chunk_1,Do you think so?,"With Lestat, discussing becoming accustomed to killing."
138、INT. ROOM - NIGHT (SAN FRANCISCO),doc_137_chunk_8,Why should I lie? 1791 was the year it happened. I was twenty-four - younger than you are now.,Speaking with Malloy about his life in 1791 as a plantation owner.
138、INT. ROOM - NIGHT (SAN FRANCISCO),doc_137_chunk_8,But times were different then. I was a man at that age. The master of a large plantation just south of New Orleans...,Speaking with Malloy about his life in 1791 as a plantation owner.
150、EXT. CEMETERY - NIGHT,doc_149_chunk_9,The crucifix -,Darkness: Louis mentions the crucifix with LESTAT.
15、INT. ROOM. SAN FRANCISCO - NIGHT,doc_14_chunk_0,"Oh, that rumor about crosses?",Louis and Malloy discuss vampire myths
15、INT. ROOM. SAN FRANCISCO - NIGHT,doc_14_chunk_0,"Nonsense, my friend. I can look on
anything I like. And I am
particularly fond of looking on
crucifixes.",Louis and Malloy discuss vampire myths
15、INT. ROOM. SAN FRANCISCO - NIGHT,doc_14_chunk_0,"The same. As you would say today...
Bull shit.",Louis and Malloy discuss vampire myths
15、INT. ROOM. SAN FRANCISCO - NIGHT,doc_14_chunk_0,"Coffins... coffins unfortunately
are a necessity...",Louis and Malloy discuss vampire myths
158、EXT. NEW ORLEANS - NIGHT,doc_157_chunk_0,"This was New Orleans, a magical and magnificent place to live. In which a vampire, richly dressed might attract no more notice in the evening than hundreds of other exotic creatures.","Lavish drinking place in New Orleans, Louis describes the city and vampires blending in."
157、INT. DINING ROOM - NIGHT,doc_156_chunk_2,"I looked at anything mortal and saw all life as precious, condemning all fruitless guilt and passion that would let it slip through the fingers like sand...",Room: Louis observes Yvette's neck and delivers a voice-over on the preciousness of life.
157、INT. DINING ROOM - NIGHT,doc_156_chunk_3,It was only as a vampire that I could see Yvette's beauty. Her fear of me increased my desire.,Voice-over: Louis reflects on Yvette's beauty and his desire.
157、INT. DINING ROOM - NIGHT,doc_156_chunk_3,"I will finish it, Yvette. Now leave us.",At a table: Louis tells Yvette to leave after stopping her hand.
141、EXT. WATERFRONT - NIGHT,doc_140_chunk_0,"My invitation was open to anyone.
Sailors, thieves, whores and
slaves...",Riverfront tavern: Louis speaks to the crowd about his open invitation.
17、INT. MANSION - NIGHT,doc_16_chunk_0,It can't be...,"Parlor: Louis reacts to his vampire reflection in a mirror, speaking to Lestat."
139、EXT. LOUISIANA - DAY,doc_138_chunk_1,"I had just lost my wife in childbirth. She and the infant had been buried less than half a year. There is a marble angel above the tomb, feminine, with a tiny cherub angel in her arms.",Tomb: Louis reflects on his wife and child's burial.
139、EXT. LOUISIANA - DAY,doc_138_chunk_1,I was twenty-four and life seemed finished. I couldn't bear the pain of their loss. I longed for a release from it.,Tomb: Louis expresses his grief and desire for release.
175、INT. POINTE DU LAC DINING ROOM - NIGHT,doc_174_chunk_0,"No, ma cher. I need no supper. Is all well at Pointe Du Lac tonight?","By the table, speaking with Yvette (slave girl) about supper and Pointe Du Lac"
143、INT. ROOM - SAN FRANCISCO,doc_142_chunk_0,"No. The Gift of Darkness requires more than that, as you'll see.",Louis and Malloy discuss the Gift of Darkness.
175、INT. POINTE DU LAC DINING ROOM - NIGHT,doc_174_chunk_3,"I am frightened of myself, Yvette.",Room: Louis and Yvette; Louis expresses fear of himself.
175、INT. POINTE DU LAC DINING ROOM - NIGHT,doc_174_chunk_3,"Hush, Yvette -",Room: Louis and Yvette; Louis silences Yvette after she screams.
173、INT. DINING ROOM IN MANSION - NIGHT,doc_172_chunk_0,Paris? You came from Paris?,"Sitting at a table with untouched food, Louis questions Lestat about Paris."
173、INT. DINING ROOM IN MANSION - NIGHT,doc_172_chunk_0,Tell me about him. You must have learnt something from him! It had to happen for you as it did for me!,"Sitting at a table with untouched food, Louis presses Lestat for details about his maker."
176、EXT. MANSION - NIGHT,doc_175_chunk_0,"This place is cursed. Damned, do you hear me? And your master is the devil.","Mansion steps: Louis addresses gathered slaves, calling the place cursed and master the devil."
176、EXT. MANSION - NIGHT,doc_175_chunk_0,Get out while you can. You're free men.,"Veranda: Louis tells slaves to leave, declaring them free."
159、EXT. TAVERN - NIGHT,doc_158_chunk_0,Have you ever been caught?,"Crowded street after tavern, Louis asks Lestat about being caught"
159、EXT. TAVERN - NIGHT,doc_158_chunk_0,"Lestat killed two, sometimes three a night. A fresh young girl, that was his favorite for the first of the evening.","Voice-over while walking on crowded night street, Louis narrates Lestat's killing habits"
173、INT. DINING ROOM IN MANSION - NIGHT,doc_172_chunk_1,They know about us. They see us dine on empty plates and drink from empty glasses.,"Country setting, Louis speaking to Lestat about people knowing their secret."
179、INT. CRYPT,doc_178_chunk_0,Where are we?,Crypt: Louis asks Lestat about their location.
179、INT. CRYPT,doc_178_chunk_0,We belong in hell.,Crypt: Louis responds to Lestat's question about hell.
173、INT. DINING ROOM IN MANSION - NIGHT,doc_172_chunk_2,"I respect life, don't you see? For each and every human life I have respect.","Dining scene, Louis and Lestat discuss Louis's respect for human life."
16、EXT. MANSION - NIGHT,doc_15_chunk_0,"Killing is no ordinary act. It is
the experience of another's life
for certain. That night I had lost
my own life and taken another's. I
was drowning in a sea of human
guilt and regret, with all the
heightened senses of a vampire...","Mansion entrance, Louis's voice-over on killing and guilt"
182、INT. INN - EVENING,doc_181_chunk_2,I'm leaving you. I can't stand this any longer.,Room with a whore; Louis speaks to Lestat about leaving and disgust.
182、INT. INN - EVENING,doc_181_chunk_2,I'm not interested in you. You disgust me. I'm interested in my own nature and know I can't trust you to tell me the truth about me.,Room with a whore; Louis speaks to Lestat about leaving and disgust.
177、INT. BURNING MANSION - NIGHT,doc_176_chunk_1,What you wouldn't do. It's almost sunrise. It will be the sun or the fire. You said they can kill me. The sun or the fire!,"Room with shattered window, speaking to Lestat about the approaching sunrise and the threat of death by sun or fire"
176、EXT. MANSION - NIGHT,doc_175_chunk_1,"Unlike me, you are no free men...","Mansion grounds, Louis speaking to slaves about their lack of freedom"
176、EXT. MANSION - NIGHT,doc_175_chunk_1,Do I have to convince you?,"Mansion grounds, Louis speaking to slaves while looking at the mansion, questioning if he must convince them"
184、INT. HOUSE - NIGHT,doc_183_chunk_1,"And if I am damned, why do I feel such pity for her gaunt face? Why do I wish to warm her tiny arms? Comfort her beating heart?",Voice over: Louis reflects on his pity for the woman as she snuggles into him.
183、EXT. DANK NEW ORLEANS BACK STREETS - NIGHT,doc_182_chunk_0,"Am I damned? Am I from the devil? Is my very nature that of a devil? And all the while, as these dreaded questions caused me to neglect my thirst, my thirst grew hotter, my veins were threads of pain in my flesh, my temples throbbed.","Street scene, Louis (V.O.) questioning his nature and thirst."
175、INT. POINTE DU LAC DINING ROOM - NIGHT,doc_174_chunk_2,"Leave me alone now, Yvette.",Louis (dazed) speaks to Yvette about a new friend and the slaves' fear.
147、INT. LOUIS BEDROOM - NIGHT,doc_146_chunk_2,"My last sunrise. That morning I was not yet a vampire, and I saw my last sunrise. I remember it completely, yet I don't remember any sunrise before it. I watched the whole magnificence of the dawn for the last time, as if it were the first. And the I said goodbye to sunlight and went out to become what I became.",Voiceover: Louis reflects on his last sunrise as a human.
157、INT. DINING ROOM - NIGHT,doc_156_chunk_0,I awoke the next evening to a different world. And I realized there are as profound differences between vampires as between human beings...,"Scene: Louis and Lestat at a sumptuous table with uneaten food, Lestat reviewing documents."
182、INT. INN - EVENING,doc_181_chunk_6,Why do you do this Lestat?,Louis and Lestat; Louis questions Lestat about his killing
182、INT. INN - EVENING,doc_181_chunk_6,Lestat - finish this -,Louis and Lestat with a girl in a coffin; Louis orders Lestat to finish the girl
189、INT. INN - SUPPER ROOM,doc_188_chunk_0,What are you saying?,"In a bedroom, Lestat reveals Claudia's wounded state to Louis."
183、EXT. DANK NEW ORLEANS BACK STREETS - NIGHT,doc_182_chunk_1,The way I came...,Side street; Louis repeats the man's warning to himself.
183、EXT. DANK NEW ORLEANS BACK STREETS - NIGHT,doc_182_chunk_1,"... and finally, when I could stand it no longer, I stood in an empty desolate street and heard the sound of a child crying.",Voice-over: Louis reflects on a past event in an empty street.
188、INT. SEWER-PIPE - EVENING,doc_187_chunk_0,No...,Sewer: Lestat discusses vampire pain
189、INT. INN - SUPPER ROOM,doc_188_chunk_2,"Lestat, what do you mean?",Louis questions Lestat about the blood offering to Claudia
189、INT. INN - SUPPER ROOM,doc_188_chunk_9,You are the devil! You are the instrument of Satan!,"Louis confronts Lestat about being the devil, with Claudia present."
188、INT. SEWER-PIPE - EVENING,doc_187_chunk_2,Is God merciless? Greedy and cruel?,"With Lestat, questioning God's mercy."
189、INT. INN - SUPPER ROOM,doc_188_chunk_3,What have you done?,"After Claudia says 'I want more', Louis questions Lestat."
182、INT. INN - EVENING,doc_181_chunk_3,I don't pretend to know.,Lestat and Louis; Lestat explains vampire nature
182、INT. INN - EVENING,doc_181_chunk_3,"Lestat, she's alive!!!",Lestat and Louis; Louis reacts to the girl being alive
182、INT. INN - EVENING,doc_181_chunk_3,"The girl, Lestat -",Lestat and Louis; Louis attempts to speak about the girl
189、INT. INN - SUPPER ROOM,doc_188_chunk_1,Lestat!,Louis and Lestat discussing Claudia
189、INT. INN - SUPPER ROOM,doc_188_chunk_1,I didn't want to kill her.,Louis and Lestat discussing Claudia
19、INT. BASEMENT - POINTE DU LAC,doc_18_chunk_0,And if I don't?,Storage room: Lestat urges Louis to enter coffin for safety against the sun; Louis questions refusal.
19、INT. BASEMENT - POINTE DU LAC,doc_18_chunk_2,"Dear God, what have I done?","Total darkness, Louis praying to God"
153、EXT. MANSION - NIGHT,doc_152_chunk_0,"Killing is no ordinary act. It is the experience of another's life for certain. That night I had lost my own life and taken another's. I was drowning in a sea of human guilt and regret, with all the heightened senses of a vampire...","Mansion interior, Louis entering, Yvette present, reflecting on his transformation"
189、INT. INN - SUPPER ROOM,doc_188_chunk_10,You fiend. You monster.,"Louis confronts Lestat after embracing Claudia, calling him a fiend and monster."
20、INT. DINING ROOM - NIGHT,doc_19_chunk_6,We can live like this? Off the blood of animals?,Speaking with Lestat about living off animal blood.
156、INT. BASEMENT - POINTE DU LAC,doc_155_chunk_2,You told me something earlier. You said you didn't have a choice. Was that true?,Louis and Lestat: Louis questions Lestat about his past statement
156、INT. BASEMENT - POINTE DU LAC,doc_155_chunk_2,"Dear God, what have I done?","Louis alone, expressing regret"
190、INT. ROOM - SAN FRANCISCO,doc_189_chunk_0,Shall we go on?,"After Malloy replaces the tape, Louis asks to continue watching."
190、INT. ROOM - SAN FRANCISCO,doc_189_chunk_0,"Perhaps. He knew me. He knew I would love her more than the waking world. But there was more to it than that. Perhaps in the end he did it - to show me that he could. For he lavished affection on her, there was no doubt about that. Life was very different with madame Claudia, as you can imagine.",Continuing the discussion about the child vampire and Claudia.
188、INT. SEWER-PIPE - EVENING,doc_187_chunk_1,"Oh God Lestat. I felt peace. I felt
an end to the craving.","With Lestat, discussing feeding on a child and the nature of evil."
20、INT. DINING ROOM - NIGHT,doc_19_chunk_3,"I looked at anything mortal and saw all life as precious, condemning all fruitless guilt and passion that would let it slip through the fingers like sand...","Louis observes Yvette in candlelight, reflecting on the preciousness of mortal life."
194、INT. CLAUDIA'S BEDROOM,doc_193_chunk_0,"Mute and beautiful, she played with dolls, dressing them and undressing them by the hour.",Voice-over: Louis describes Claudia playing with dolls.
195、INT. PARLOUR - NIGHT,doc_194_chunk_0,"Mute and beautiful, she killed. And to watch her kill was chilling.","At piano, Louis (V.O.) reflects on Claudia's killing"
19、INT. BASEMENT - POINTE DU LAC,doc_18_chunk_1,You told me something earlier. You said you didn't have a choice. Was that true?,Coffin: Louis asks Lestat about his earlier statement on having no choice.
20、INT. DINING ROOM - NIGHT,doc_19_chunk_4,It was only as a vampire that I could see Yvette's beauty. Her fear of me increased my desire.,"Dinner table, Louis's internal monologue about Yvette"
20、INT. DINING ROOM - NIGHT,doc_19_chunk_4,"I will finish it, Yvette. Now leave us.","Dinner table, Louis telling Yvette to leave"
207、INT. CLAUDIA'S BEDROOM,doc_206_chunk_2,We're immortal. You've always known that.,"After Lestat storms out, Louis speaks to Claudia about immortality."
207、INT. CLAUDIA'S BEDROOM,doc_206_chunk_3,You see the old woman? That will never happen to you. You'll never grow old. You will never die.,Porch: Louis tells Claudia she will never grow old or die.
206、INT. FLAT - NIGHT,doc_205_chunk_2,Claudia - don't -,PARLOUR: Louis tells Claudia not to cut her hair.
192、INT. FLAT,doc_191_chunk_2,"A little child she was, but also a fierce killer, now capable of the ruthless pursuit of blood with all a child's demanding.",Closeup of finger with two holes; Louis (V.O.) describes a child killer.
193、INT. LOUIS' BEDROOM - NIGHT,doc_192_chunk_0,"She would sleep in my coffin,
daily, curl her child's fingers
round my hair as she dreamt of I
know not what...",Voice-over: Louis reflects on Claudia sleeping in his coffin.
20、INT. DINING ROOM - NIGHT,doc_19_chunk_2,Do you think so?,Louis speaks to Lestat about killing.
208、EXT. NEW ORLEANS STREETS - NIGHT,doc_207_chunk_0,"Though everything was changed, through the years had warped the contours of the streets, I found my way there, aware that I'd always known where it was and avoided it, not wanting to pass the doorway where I'd first heard Claudia cry.","Walking with Claudia, reflecting on the past and avoiding a doorway."
204、INT. CLAUDIA'S BEDROOM - NIGHT,doc_203_chunk_2,Claudia! You did that?,"Claudia is sketching, Louis comments on her work."
204、INT. CLAUDIA'S BEDROOM - NIGHT,doc_203_chunk_2,"Time can pass fast for mortals when
they're happy. With us it was the
same.",Voice-over narration about time and happiness.
205、EXT. RUE ROYALE - NIGHT (1800'S),doc_204_chunk_1,"All human life was here, for the taking. And we took, all three of us, in our different ways.","Carnival scene: Louis, Claudia, and Lestat walking through a raucous carnival, Louis comments on taking human life."
205、EXT. RUE ROYALE - NIGHT (1800'S),doc_204_chunk_0,"It was a very different life. And a new century was beginning. what had once been a small godforsaken French colony was growing into a great port, giving us an endless train of magnificent strangers...",Voice-over describing the city's growth from a French colony to a great port.
2、EXT. LOUISIANA - DAY,doc_1_chunk_1,"I had just lost my wife in childbirth. She and the infant had been buried less than half a year. There is a marble angel above the tomb, feminine, with a tiny cherub angel in her arms.","At a tomb, Louis reflects on the loss of his wife and infant."
2、EXT. LOUISIANA - DAY,doc_1_chunk_1,I was twenty-four and life seemed finished. I couldn't bear the pain of their loss. I longed for a release from it.,"At a tomb, Louis reflects on the loss of his wife and infant."
201、EXT. UNDERTAKER'S - NIGHT,doc_200_chunk_0,"She grew, yet stayed the same. She wanted a bed of her own, yet would climb back into mine.","At a coffin display window, Claudia points to the smallest coffin; Louis speaks in voice over."
207、INT. CLAUDIA'S BEDROOM,doc_206_chunk_4,Come... I've something to show you...,"With Claudia, Louis says he has something to show her."
208、EXT. NEW ORLEANS STREETS - NIGHT,doc_207_chunk_2,"I opened the shutters... I came into the room... I felt pity for you. Pity, but something else. He can't go on.","In a room, Louis speaks to Claudia about opening the shutters and feeling pity."
208、EXT. NEW ORLEANS STREETS - NIGHT,doc_207_chunk_2,"And he found me with you. I ran, sickened at what I'd done. Then he","In a room, Louis speaks to Claudia about being found with her and running."
211、INT. CATHEDRAL - NIGHT,doc_210_chunk_2,"It's too late, too late -","Church, speaking with Priest about it being too late."
210、EXT. STREETS - NIGHT,doc_209_chunk_0,I walked all night. I walked as I walked years before when my mind swam with guilt at the thought of killing. I found myself at the Cathedral.,"Cathedral exterior, Louis reflects on past guilt and his night walk"
210、EXT. STREETS - NIGHT,doc_209_chunk_0,I thought of all the things I had done and couldn't undo. And I longed for one second's peace...,"Cathedral exterior, Louis expresses longing for peace"
208、EXT. NEW ORLEANS STREETS - NIGHT,doc_207_chunk_1,"heard you crying. You were there in a room with your mother. You were hugging her for warmth, crying pitifully as you had been for days. Because your mother was dead...","At the window of a house with Claudia, Louis recalls his mother's death."
211、INT. CATHEDRAL - NIGHT,doc_210_chunk_1,What if the statues gave an image to nothing? What if I was the supernatural in this cathedral? The only immortal under this roof. And I felt nothing but loneliness. Loneliness to the point of madness.,"Cathedral, Louis reflects on loneliness and immortality."
211、INT. CATHEDRAL - NIGHT,doc_210_chunk_0,"I had no fear. If anything I longed for something to happen, for the stones to tremble as I entered the foyer.","Church foyer, Louis reflects on his state of mind"
211、INT. CATHEDRAL - NIGHT,doc_210_chunk_0,I almost genuflected from old habit. I almost prayed.,"Church nave, Louis reflects on old habits"
211、INT. CATHEDRAL - NIGHT,doc_210_chunk_0,And then it struck me.,"Church pew, Louis has a realization"
189、INT. INN - SUPPER ROOM,doc_188_chunk_6,You are the devil! You are the instrument of Satan!,"After Claudia attacks the maid, Louis accuses Lestat of being the devil."
21、EXT. NEW ORLEANS - NIGHT,doc_20_chunk_0,"This was New Orleans, a magical and magnificent place to live. In which a vampire, richly dressed might attract no more notice in the evening than hundreds of other exotic creatures.",Lavish drinking place in New Orleans; Louis narrates about the city and vampires.
216、INT. DINING ROOM - NIGHT,doc_215_chunk_3,"What have you done, Claudia",Room: Louis confronts Claudia about Lestat's condition.
213、INT. FLAT - NIGHT,doc_212_chunk_1,He'll never let us go.,Claudia urges Louis to leave him; Louis says he won't let them go.
185、EXT. STREETS - NIGHT,doc_184_chunk_0,"For years I had not savored a
human. And when I had Lestat's
words made sense to me. I knew
peace only when I killed and when I
heard her heart in that terrible
rhythm I knew again what peace
could be. Yet even then I could not
contenance it.","New Orleans streets at night, voice-over"
212、INT. CONFESSIONAL,doc_211_chunk_2,Why does he suffer me to live?,Confrontation: Louis asks why the other character suffers him to live.
216、INT. DINING ROOM - NIGHT,doc_215_chunk_2,Claudia! Don't do this thing!!!,Claudia attacks Louis with a knife; Louis pleads for her to stop the attack.
212、INT. CONFESSIONAL,doc_211_chunk_0,"Bless me father for I have sinned so often and so long, I don't know how to change nor beg for forgiveness.","Dark room, Louis confessing to a priest about his sins."
212、INT. CONFESSIONAL,doc_211_chunk_0,"Murders, father, death after death. The woman who died two nights ago in Jackson Square, I killed her. And thousands of others before her. I have walked the streets of New Orleans like the Grim reaper. And fed on human life for my own.","Dark room, Louis confessing to a priest about his sins."
218、INT. FLAT - NIGHT,doc_217_chunk_1,"The workmen must have a trunk - don't stop, cherie -","Inside house, speaking with Claudia about the knocking on the door"
217、EXT. CARRIAGE - NIGHT,doc_216_chunk_0,"And suppose the one who made him knows nothing and the vampire who made him knows nothing, and it goes back, nothing proceeding from nothing, until there is nothing!",In a carriage with Lestat's skeleton and two dead youths; Louis responds to Claudia's plan to meet other vampires in Europe.
218、INT. FLAT - NIGHT,doc_217_chunk_0,The birds. We forgot about the birds. There's nothing for it but to let them go.,"Apartment, Louis and Claudia discussing the birds."
214、EXT. DOCKLANDS - NEW ORLEANS - NIGHT,doc_213_chunk_0,"So we made plans. She was convinced
there were others of our kind in
Europe, that they would have the
answers Lestat couldn't provide.
Lestat whom she now hated, who she
thought she could be free of. I
doubted, but then she had a
surprise in store...","sailing ship by the docks, Louis and Claudia speaking with a shipping-clerk, discussing plans for finding others of their kind in Europe"
217、EXT. CARRIAGE - NIGHT,doc_216_chunk_3,Claudia - You're crying -,"By a cypress tree, Louis speaks to Claudia about her crying."
217、EXT. CARRIAGE - NIGHT,doc_216_chunk_3,And you never cried -,"By a cypress tree, Louis speaks to Claudia about her crying and his past silence."
216、INT. DINING ROOM - NIGHT,doc_215_chunk_4,"Lestat. Oh, God forgive us.",Room with skeleton and blood; Louis speaks to Claudia.
218、INT. FLAT - NIGHT,doc_217_chunk_4,It can't be -,Parlor: Louis and Claudia react to Lestat's arrival.
217、EXT. CARRIAGE - NIGHT,doc_216_chunk_1,And if we find the one who made him? Do we tell him we destroyed his own creation? The vampire Lestat?,Swamp: Louis questions whether to tell Lestat's creator about destroying his creation.
218、INT. FLAT - NIGHT,doc_217_chunk_6,Stay back - for the love of God... nor I'll burn you alive...,"Parlor, Louis speaking to Lestat to stop him from attacking Claudia"
216、INT. DINING ROOM - NIGHT,doc_215_chunk_5,"He's dead, Claudia, dead.","In a room, Louis and Claudia at a skeleton; Louis states the dead man is dead."
216、INT. DINING ROOM - NIGHT,doc_215_chunk_5,"Don't mock, Claudia...","In a room, after Claudia asks about burning or burying Lestat's skeleton, Louis tells her not to mock."
217、EXT. CARRIAGE - NIGHT,doc_216_chunk_4,"Hush, Claudia, hush now my dear","Swamp, Louis comforts Claudia after her confession"
217、EXT. CARRIAGE - NIGHT,doc_216_chunk_4,"I love you Claudia. Always. And we are free now, Claudia. No Lestat. Just the two of us, beginning the great adventure of our lives.","Swamp, Louis and Claudia prepare to leave the swamp, expressing love and freedom"
219、EXT. STREET - NIGHT,doc_218_chunk_0,Not yet.,"Burning house escape, speaking with Claudia about the ship"
204、INT. CLAUDIA'S BEDROOM - NIGHT,doc_203_chunk_1,"How did you learn to write, Claudia?",Claudia and Louis discussing the diary and Lestat's nicknames.
204、INT. CLAUDIA'S BEDROOM - NIGHT,doc_203_chunk_1,Lestat taught you all you need to know about that.,Claudia and Louis discussing the diary and Lestat's nicknames.
204、INT. CLAUDIA'S BEDROOM - NIGHT,doc_203_chunk_1,He jests.,Claudia and Louis discussing the diary and Lestat's nicknames.
204、INT. CLAUDIA'S BEDROOM - NIGHT,doc_203_chunk_1,"Hush, Claudia don't talk about such things. Show me your book.",Claudia and Louis discussing the diary and Lestat's nicknames.
221、INT. ROOM. SAN FRANCISCO,doc_220_chunk_0,He was dead to us. We were free.,Louis and Malloy: discussing death and freedom
221、INT. ROOM. SAN FRANCISCO,doc_220_chunk_0,That was all that mattered.,Louis and Malloy: discussing death and freedom
237、EXT. LATIN QUARTER - NIGHT,doc_236_chunk_0,"For a time we had been almost human, in the sensual whirl of what Paris had to offer. But the human delights of that city only served to remind her of the ageless child she had become. I felt her pain as I walked until I become aware that I was being followed.","Paris, Louis walking, voice-over"
234、INT. SUMPRUOUS HOTEL SUITE,doc_233_chunk_0,Still my beautiful child.,"By a large gilt mirror, Louis helps Claudia with earrings and comments on her appearance."
23、INT. FRENCH QUARTER MANSION - BALLROOM,doc_22_chunk_1,But how do you know?,"Lestat and Louis in a room with French windows, discussing widow St. Clair and Louis's ability to read thoughts."
23、INT. FRENCH QUARTER MANSION - BALLROOM,doc_22_chunk_1,I can't.,"Lestat and Louis in a room with French windows, discussing widow St. Clair and Louis's ability to read thoughts."
23、INT. FRENCH QUARTER MANSION - BALLROOM,doc_22_chunk_0,But the triumphant kill of Lestat was a young man. They represented the greatest loss to Lestat because they stood on the threshold of the maximum possibility of life.,Colonial ball: Louis (V.O.) on Lestat's kill and the loss to Lestat
237、EXT. LATIN QUARTER - NIGHT,doc_236_chunk_1,Claudia!,"Louis hears echoing steps, sees a shadow, and calls out to Claudia on a street before staring at a gaslamp."
237、EXT. LATIN QUARTER - NIGHT,doc_236_chunk_4,I've searched the world for an immortal and this is what I find?,Confrontation with Santiago; Louis expresses frustration about finding an immortal.
225、EXT. DECK - NIGHT,doc_224_chunk_2,"The quest for these Old World vampires filled me with bitterness. We searched village after village,ruin after ruin and I was glad when
always we found nothing. For what
could the damned really have to say
to the damned?","Montage: Translyvanian village, graveyard, ruined castles."
220、EXT. DECK OF SHIP - NEAR DAWN,doc_219_chunk_0,"Though the fire seemed to spread
through the quartier, I stood on
that deck until dawn, fearful he
would come out again of the very
river like some monster to destroy
us both. And all the while I
thought, Lestat, we deserve your
vengeance. You gave me the dark
gift. And I delivered you into the
hands of death for the second time.","On a ship moving down the river, Louis narrates the fire in New Orleans and his guilt over Lestat."
226、INT. ROOM. SAN FRANCISCO,doc_225_chunk_0,"Peasant rumors, superstitions about
garlic, crosses, stakes in the
hear, all that - how do you say
again? Bull shit. But one of our
kind? Not a whisper.","With Malloy, discussing vampire rumors"
226、INT. ROOM. SAN FRANCISCO,doc_225_chunk_0,"Fictions, my friend. The vulgar
fictions of a demented Irishman...
So we repaired to Paris...","With Malloy, discussing the Dracula legend and moving to Paris"
223、INT. SHIPS HOLD,doc_222_chunk_0,"Claudia and I alone seemed immune.
We kept to ourselves, pondering the
mystery of Lestat and the greater
mystery of each other.","On a ship, Louis (V.O.) reflects on Claudia and the mysteries of Lestat and their relationship."
224、EXT. SHIP - NIGHT,doc_223_chunk_0,"We reached the Mediterranean. I wanted those waters to be blue. They were black, nighttime waters and how I suffered then, straining to remember the color that a young man's senses had taken for granted, that my memory had let slip away for eternity. It was black off the coast of Italy, black off the coast of Greece, Europe itself was black.",Voice-over during passage through the Straits of Gibralter.
237、EXT. LATIN QUARTER - NIGHT,doc_236_chunk_2,So it was when I had given up the search for vampires that a vampire found me...,Voice-over narration: Louis describes being found by Santiago.
234、INT. SUMPRUOUS HOTEL SUITE,doc_233_chunk_1,Yes...,Claudia questions Louis about her age
234、INT. SUMPRUOUS HOTEL SUITE,doc_233_chunk_1,Yes.,Claudia asks Louis if he wants her to be his daughter forever
235、EXT. BOULEVARD - EVENING,doc_234_chunk_0,"Claudia, you torture yourself.","Paris boulevard, evening; Claudia points at children, Louis says she tortures herself."
235、EXT. BOULEVARD - EVENING,doc_234_chunk_0,You are more beautiful than any of them.,"Paris boulevard, evening; Claudia states she must be a duckling forever, Louis says she's more beautiful."
239、INT. THEATRE BOX - NIGHT,doc_238_chunk_13,We've been searching for you for a very long time...,"Empty theatre, Louis speaking to Armand"
239、INT. THEATRE BOX - NIGHT,doc_238_chunk_11,I've seen enough of this! I loathe it!,Vampires passing a naked woman; Louis speaks to Claudia expressing disgust.
233、INT. SALON - NIGHT,doc_232_chunk_0,"We were alive again. We were in
love and so euphoric was I that I
yielded to her every desire...",Dressing room: Louis speaks to Claudia about their past love and yielding to her desires.
238、EXT BOULEVARD DES CAPUCHINES - THEATRE DES VAMPIRES -,doc_237_chunk_0,Remember what I've told you. They'll have different powers. They'll read your thoughts if you allow it.,"Night: theatre entrance, Louis speaking to Claudia about vampire powers."
239、INT. THEATRE BOX - NIGHT,doc_238_chunk_0,They are here. I know they are. Listen for something that doesn't make a sound.,"Theater crowd, Louis and Claudia discuss mortals and listening for silence."
239、INT. THEATRE BOX - NIGHT,doc_238_chunk_3,This is no performance.,"Theater, Louis whispers to Claudia about the Mortal Woman's plea."
237、EXT. LATIN QUARTER - NIGHT,doc_236_chunk_3,Clever.,Simultaneous dialogue with Santiago during mimicry sequence
237、EXT. LATIN QUARTER - NIGHT,doc_236_chunk_3,You mean me harm?,Louis questions Santiago's intentions after simultaneous 'Clever'
237、EXT. LATIN QUARTER - NIGHT,doc_236_chunk_3,Trickster. Buffoon!,Louis insults Santiago after Santiago echoes only the first word
239、INT. THEATRE BOX - NIGHT,doc_238_chunk_6,This is monstrous!,With Claudia
241、INT. MEDIEVAL ROOM,doc_240_chunk_5,He knew nothing. He just didn't care.,Armand and Louis discussing Louis's maker.
243、EXT. HOTEL SAINT GABRIEL - NIGHT,doc_242_chunk_0,What danger?,"Lobby, Louis asks Claudia about the danger she feels."
241、INT. MEDIEVAL ROOM,doc_240_chunk_0,We had feared we were the only ones...,Medieval room: Louis and Armand discuss the fear of being the only vampires.
239、INT. THEATRE BOX - NIGHT,doc_238_chunk_2,No. She's frightened. She doesn't know where she is.,Stage: Louis comments on the Mortal Woman's fear and confusion.
240、INT. FOOT OF STAIRWAY,doc_239_chunk_3,Monstrous.,Speaking with Armand about beauty
240、INT. FOOT OF STAIRWAY,doc_239_chunk_3,"Your lips, they didn't move.",Speaking with Armand about lip movement
241、INT. MEDIEVAL ROOM,doc_240_chunk_3,Then there is nothing.,"In a room with a candle, Louis and Armand discuss the existence of God and the nature of evil."
241、INT. MEDIEVAL ROOM,doc_240_chunk_3,Then God does not exist...,"In a room with a candle, Louis and Armand discuss the existence of God and the nature of evil."
241、INT. MEDIEVAL ROOM,doc_240_chunk_3,And no vampire here has discourse with God or the Devil?,"In a room with a candle, Louis and Armand discuss the existence of God and the nature of evil."
242、INT. DARKENED CORRIDORS AND THEATRE - NIGHT,doc_241_chunk_0,"The place was dark as we left, a darkness that confounded even Claudia. And as we blundered through it, again came the thought: I have wronged Lestat, I have hated him for the wrong reasons.","Darkened corridors, Louis (V.O.) reflects on wronging Lestat"
239、INT. THEATRE BOX - NIGHT,doc_238_chunk_1,It's a vampire. It's the one I saw in Rue St Jacques.,Theater: Louis and Claudia watch a Poe story performance.
239、INT. THEATRE BOX - NIGHT,doc_238_chunk_1,They use no paint. And the audience think it is paint.,Theater: Louis and Claudia watch a Poe story performance.
244、INT. HOTEL ROOMS - NIGHT,doc_243_chunk_2,"He can protect us, Claudia.","With Claudia, discussing protection."
242、INT. DARKENED CORRIDORS AND THEATRE - NIGHT,doc_241_chunk_1,You read my thoughts?,Santiago confronts Louis about wronging a vampire; Louis is stunned and questions if Santiago read his thoughts.
242、INT. DARKENED CORRIDORS AND THEATRE - NIGHT,doc_241_chunk_1,A name I don't want to say again.,Santiago recognizes a name Louis mentioned; Louis refuses to repeat it.
247、INT. ARMAND'S ROOM - NIGHT,doc_246_chunk_4,And the vampires of the Theatre?,Louis asks Armand about the vampires of the Theatre.
247、INT. ARMAND'S ROOM - NIGHT,doc_246_chunk_4,Yes... My God...,Louis softly confirms Armand's question about the answers.
244、INT. HOTEL ROOMS - NIGHT,doc_243_chunk_0,Do you think I would let them harm you?,"In a room, Louis and Claudia discuss danger and love."
244、INT. HOTEL ROOMS - NIGHT,doc_243_chunk_0,"Love holds you to me. And we are in danger, not you.","In a room, Louis and Claudia discuss danger and love."
236、EXT. DOLL-SHOP - NIGHT,doc_235_chunk_0,"You are neither, Claudia. Now stop this -","Outside, Louis tells Claudia to stop her comments about dolls."
236、EXT. DOLL-SHOP - NIGHT,doc_235_chunk_0,You know her?,"Outside, Louis asks Claudia if she knows Madeleine."
236、EXT. DOLL-SHOP - NIGHT,doc_235_chunk_0,"Come, Claudia...","Outside, Louis tries to get Claudia to leave the shop."
247、INT. ARMAND'S ROOM - NIGHT,doc_246_chunk_3,He? Don't you see? I'm not the spirit of any age! I'm at odds with everything and always have been! I'm not even sure what I am!,Armand and Louis discuss Louis's identity and his place in the modern age.
247、INT. ARMAND'S ROOM - NIGHT,doc_246_chunk_1,But why?,With Armand: discussing the young vampire and Santiago
247、INT. ARMAND'S ROOM - NIGHT,doc_246_chunk_1,Then blame the one who made her...,With Armand: discussing the young vampire and Santiago
247、INT. ARMAND'S ROOM - NIGHT,doc_246_chunk_1,We want no quarrel with him.,With Armand: discussing the young vampire and Santiago
247、INT. ARMAND'S ROOM - NIGHT,doc_246_chunk_1,Then I leave too.,With Armand: discussing the young vampire and Santiago
247、INT. ARMAND'S ROOM - NIGHT,doc_246_chunk_1,You said there were none.,With Armand: discussing the young vampire and Santiago
244、INT. HOTEL ROOMS - NIGHT,doc_243_chunk_1,Never.,In a private conversation with Claudia about Armand
244、INT. HOTEL ROOMS - NIGHT,doc_243_chunk_1,That's not so.,In a private conversation with Claudia about Armand
244、INT. HOTEL ROOMS - NIGHT,doc_243_chunk_1,So you felt it too!,In a private conversation with Claudia about Armand
227、EXT. BOULEVARD FACADE OF GRAND HOTEL AND PARIS OPERA,doc_226_chunk_0,"I think the very name of Paris
brought a rush of pleasure to me
that was extraordinary. I was a
Creole, after all and Paris was the
mother of New Orleans, a universe
whole and entire unto herself...","Paris, near the opera house. Louis reflects on Paris as the mother of New Orleans."
241、INT. MEDIEVAL ROOM,doc_240_chunk_1,Are you the leader of this group?,"Louis and Armand conversing, Claudia staring at Armand."
241、INT. MEDIEVAL ROOM,doc_240_chunk_1,So you have the answers...,"Louis and Armand conversing, Claudia staring at Armand."
241、INT. MEDIEVAL ROOM,doc_240_chunk_1,What are we?,"Louis and Armand conversing, Claudia staring at Armand."
241、INT. MEDIEVAL ROOM,doc_240_chunk_1,Who made us what we are?,"Louis and Armand conversing, Claudia staring at Armand."
247、INT. ARMAND'S ROOM - NIGHT,doc_246_chunk_2,We can do that?,Louis and Armand discuss the stamina for immortality.
247、INT. ARMAND'S ROOM - NIGHT,doc_246_chunk_2,That's what the one who made me said.,Louis refers to what his maker said about him.
250、EXT. HOTEL BALCONY - LATER,doc_249_chunk_0,"She is dying. It happened to you too, but your child's mind can't remember.",Balcony: Louis speaks to Claudia about Madeleine's condition.
249、INT. HOTEL SUITE - NIGHT,doc_248_chunk_2,You haven't the vaguest conception under God of what you ask!,Speaking to Madeleine about her request
256、INT. COFFIN,doc_255_chunk_0,Claudia!!!,"Inside a coffin, Louis reacts to Claudia's scream."
212、INT. CONFESSIONAL,doc_211_chunk_1,"I ama vampire, father, and have turned the one I love most of all into on too","Room with hatch, Louis speaks to priest (as 'father') about vampirism and turning the one he loves."
212、INT. CONFESSIONAL,doc_211_chunk_1,Then there is no mercy.,"After priest's accusation of sacrilege, Louis responds."
212、INT. CONFESSIONAL,doc_211_chunk_1,You talk of sacrilege. Why if God exists does he suffer me to exist?,Louis challenges the priest about God and his existence.
251、INT. CORRIDOR OF THEATRE DES VAMPIRES - NIGHT,doc_250_chunk_4,"They've fooled you, Lestat! You must reach Armand! Armand has the power!","Forced into coffin, Louis speaks to Lestat about Armand's power."
248、EXT. THEATRE DES VAMPIRES - NIGHT,doc_247_chunk_0,"I felt a kind of peace at last. I
had found the teacher which Lestat
could never, I knew now, have been.
I knew knowledge would never be
withheld by Armand. It would pass
through him as through a pane of
glass. And I knew Claudia must
leave me...","Street outside, Louis alone, voice-over on Claudia leaving and Armand as teacher."
257、INT. COFFIN,doc_256_chunk_0,Where is she? Where's Claudia?,"Catacomb, after stepping through broken brick wall, asking Armand about Claudia"
250、EXT. HOTEL BALCONY - LATER,doc_249_chunk_1,It's only mortal death.,"In a room, Louis responds to Claudia's concern about a woman's death."
250、EXT. HOTEL BALCONY - LATER,doc_249_chunk_1,"Bear me no ill will, my love. We are now even.","In a room, Louis tells Claudia they are even after the death."
250、EXT. HOTEL BALCONY - LATER,doc_249_chunk_1,"What died tonight inside that room was not that woman. It will take her many nights to die, perhaps years. What has died in that room tonight is the last vestige in me of what was human.","In a room, Louis explains his loss of humanity following the death."
257、INT. COFFIN,doc_256_chunk_1,Not without Claudia. Where is she?,Passage: Louis speaks to Armand about Claudia.
257、INT. COFFIN,doc_256_chunk_1,You can't believe I'd leave without her. Armand! You must save her! You have no choice.,Passage: Louis speaks to Armand about Claudia.
251、INT. CORRIDOR OF THEATRE DES VAMPIRES - NIGHT,doc_250_chunk_1,"You are alive, Lestat! It can't be murder! Tell them how you treated us...",Louis speaks to Lestat (scarred and confused) about his survival and the events.
251、INT. CORRIDOR OF THEATRE DES VAMPIRES - NIGHT,doc_250_chunk_0,Armand! Get me Armand! he wouldn't countenance this,Ballroom: Louis demands Armand's intervention from Santiago.
257、INT. COFFIN,doc_256_chunk_3,CLAUDIA!!!,"Ballroom, Louis sees Claudia's bloodstained dress and cries out her name."
249、INT. HOTEL SUITE - NIGHT,doc_248_chunk_4,Yes...,"With Claudia, discussing her departure."
249、INT. HOTEL SUITE - NIGHT,doc_248_chunk_5,You promise to care for her then?,"With Madeleine, discussing Claudia's care."
249、INT. HOTEL SUITE - NIGHT,doc_248_chunk_5,And you know what you ask for?,"With Madeleine, questioning the request for Claudia."
249、INT. HOTEL SUITE - NIGHT,doc_248_chunk_5,"What do you think she is, Madeleine? A doll?","With Madeleine, questioning if Claudia is a doll."
249、INT. HOTEL SUITE - NIGHT,doc_248_chunk_5,And the child who did die?,"With Madeleine, after examining a locket, asking about the child who died."
259、EXT. NOTRE DAME DOOR - NIGHT,doc_258_chunk_0,I don't believe you. I do not have to read your soul to know that you lie.,"Stone wall, Louis and Armand; Louis accuses Armand of lying about the event."
259、EXT. NOTRE DAME DOOR - NIGHT,doc_258_chunk_0,You let them do it.,"Stone wall, Louis and Armand; Louis accuses Armand of lying about the event."
259、EXT. NOTRE DAME DOOR - NIGHT,doc_258_chunk_0,You held sway over them. They feared you. You wanted it to happen.,"Stone wall, Louis and Armand; Louis accuses Armand of lying about the event."
26、EXT. LAWNS. NIGHT,doc_25_chunk_1,What have you done to me? You've condemned me to hell.,Wooded area: Louis confronts Lestat about being turned into a vampire and condemned to hell.
26、EXT. LAWNS. NIGHT,doc_25_chunk_1,You want to see me kill? Watch me kill you then,Wooded area: Louis threatens to kill Lestat after demonstrating his strength.
266、INT. LOUVRE - NIGHTS LATER,doc_265_chunk_0,"You didn't even warm them, did you?","Museum, Gericault's 'The Wreck of the Medusa', Louis and Armand discussing past events."
266、INT. LOUVRE - NIGHTS LATER,doc_265_chunk_0,And yet you knew what I would do.,"Museum, Gericault's 'The Wreck of the Medusa', Louis and Armand discussing past events."
266、INT. LOUVRE - NIGHTS LATER,doc_265_chunk_0,You were their leader. They trusted you.,"Museum, Gericault's 'The Wreck of the Medusa', Louis and Armand discussing past events."
251、INT. CORRIDOR OF THEATRE DES VAMPIRES - NIGHT,doc_250_chunk_2,Are you mad???ESTELLE,Louis speaking to Estelle
269、EXT. GARDEN DISTRICT - NIGHT,doc_268_chunk_3,"It spelt weakness, madness, the behavior of a dying animal that pollutes its own lair.","On the porch of a decaying house, Louis observes dead rats and reflects on the scene."
259、EXT. NOTRE DAME DOOR - NIGHT,doc_258_chunk_1,"I understand you only too well. You let them do it, as I let Lestat turn a child into a demon. As I let her rip Lestat's heart to pieces! Well I am no longer that passive fool that has spun evil from evil till the web traps the one who made it. Your melancholy spirit of this century! I know what I must do. And I warn you - you saved me tonight, so I return the favor - do not go near your cell in the Theatre Des Vampires again.",Louis speaking to Armand about past events and his new resolve.
225、EXT. DECK - NIGHT,doc_224_chunk_1,"We saw the Acropolis by moonlight, shades of grey and silver. And I longed for the brilliant white of those marbles in the hot sun of Homer...","Acropolis in moonlight, Louis narrating about the Acropolis"
225、EXT. DECK - NIGHT,doc_224_chunk_1,"We docked at Varna and searched the rural countryside of the Carpathians, for what she liked to term ""our kind""...","Transylvania, Louis narrating about the journey to the Carpathians"
269、EXT. GARDEN DISTRICT - NIGHT,doc_268_chunk_7,"Don't fear me, Lestat. I bring you no harm.",Night scene; Louis reassures Lestat he brings no harm.
241、INT. MEDIEVAL ROOM,doc_240_chunk_4,"None that I've ever known. I know nothing of God or the Devil, I have never seen a secret that would damn or save my soul. And as far as I know, after four hundred years I am the oldest living vampire in the world.",Louis speaks to two others about his existence as the oldest vampire and his fear of meaninglessness.
241、INT. MEDIEVAL ROOM,doc_240_chunk_4,"My God... So it's as I always feared. Nothing, leading to nothing.",Louis speaks to two others about his existence as the oldest vampire and his fear of meaninglessness.
267、INT. MOVIE THEATRE - NIGHT,doc_266_chunk_0,"And there, a technological wonder allowed me see sunrise, for the first time in two hundred years...","Cinema, Louis and Armand, Louis's voice-over on the film 'Sunrise'"
267、INT. MOVIE THEATRE - NIGHT,doc_266_chunk_0,And what sunrises! Seen as the human eye could never see them.,"Cinema, Louis and Armand, Louis's voice-over on the film 'Sunrise'"
268、EXT. NEW ORLEANS STREET - NIGHT,doc_267_chunk_0,"I had returned to new Orleans. As soon as I smelt the air, I knew I was home. There was sadness there, rich, almost sweet, like the fragrance of jasmine. I walked the streets, savoring it like a long lost perfume.",Voice-over: Louis walking through New Orleans streets after leaving the theatre
269、EXT. GARDEN DISTRICT - NIGHT,doc_268_chunk_2,"They were like the doomed princess caught in the thorny vines of Sleeping Beauty's castle. I knew what it meant. A vampire had lured them here, but had been to weak to get rid of them.","In a forest, Louis reflects on the vampire's role in the corpses."
269、EXT. GARDEN DISTRICT - NIGHT,doc_268_chunk_8,It's only a siren...,"Nighttime, Louis and Lestat discuss city lights and sirens."
269、EXT. GARDEN DISTRICT - NIGHT,doc_268_chunk_8,And they frighten you?,"Nighttime, Louis and Lestat discuss city lights and sirens."
269、EXT. GARDEN DISTRICT - NIGHT,doc_268_chunk_8,"It's false light, Lestat. It can't harm you...","Nighttime, Louis and Lestat discuss city lights and sirens."
269、EXT. GARDEN DISTRICT - NIGHT,doc_268_chunk_8,I have to go now Lestat...,"Nighttime, Louis and Lestat discuss city lights and sirens."
269、EXT. GARDEN DISTRICT - NIGHT,doc_268_chunk_6,Don't try to speak... it's alright...,"Room with candle, Louis speaks to Lestat about past events."
269、EXT. GARDEN DISTRICT - NIGHT,doc_268_chunk_6,"That's all past, Lestat.","Room with candle, Louis speaks to Lestat about past events."
269、EXT. GARDEN DISTRICT - NIGHT,doc_268_chunk_10,I tried...,"Night in Paris, Louis and Lestat discuss Louis's resistance to the dark gift."
269、EXT. GARDEN DISTRICT - NIGHT,doc_268_chunk_10,You have it...,"Night in Paris, Louis forgives Lestat for turning him into a vampire."
270、INT. ROOM. SAN FRANCISCO - NIGHT (PRESENT),doc_269_chunk_0,But it has. There is no more to tell.,Speaking with Malloy about the story ending.
270、INT. ROOM. SAN FRANCISCO - NIGHT (PRESENT),doc_269_chunk_2,Is this what you want? You ask me for this after all I've told you?,"Horrified and angry, Louis speaks to Malloy about a request."
270、INT. ROOM. SAN FRANCISCO - NIGHT (PRESENT),doc_269_chunk_4,You like it? You like being food for the immortals? You like dying? Is it beautiful? Is it intense?,"Louis threatens Malloy with fangs, asking if he likes being food for immortals and dying."
270、INT. ROOM. SAN FRANCISCO - NIGHT (PRESENT),doc_269_chunk_4,Thank God.,"After dropping Malloy, Louis says Thank God."
237、EXT. LATIN QUARTER - NIGHT,doc_236_chunk_5,"THEATRE DES VAMPIRES
By Special Invitation
Friday, 9 p.m.",Armand gives Louis an invitation to the Theatre des Vampires; Louis reads it aloud.
270、INT. ROOM. SAN FRANCISCO - NIGHT (PRESENT),doc_269_chunk_1,"It's over, I'm telling you...","At a table, Louis speaks with Malloy about his story being over."
270、INT. ROOM. SAN FRANCISCO - NIGHT (PRESENT),doc_269_chunk_1,Do what you want with it. Learn what you can. Give the story to others.,"At a table, Louis speaks with Malloy about giving the story to others."
269、EXT. GARDEN DISTRICT - NIGHT,doc_268_chunk_5,He hadn't even been there. And all those years I thought he was dead.,Voice over: Louis reflects on Lestat not being at the fire and his belief that Lestat was dead for years.
269、EXT. GARDEN DISTRICT - NIGHT,doc_268_chunk_9,Yes. I remember...,"With Lestat, discussing Lestat's past as a vampire"
3、INT. WATERFRONT TAVERN - NIGHT,doc_2_chunk_0,"I wanted to lose everything. My wealth, my estate, my sanity. But Lady Luck didn't oblige.","Gaming table, Louis voice-over: desire to lose everything."
273、EXT. GOLDEN GATE BRIDGE - NIGHT,doc_272_chunk_0,That's when it happened. I was twenty-four. Younger then you are now.,"Malloy driving on bridge, playing tape (Louis's voice-over) about his past at age 24."
36、INT. DINING ROOM IN MANSION - NIGHT,doc_35_chunk_0,Paris? You came from Paris?,"At a table, Louis questions Lestat about his origin in Paris."
36、INT. DINING ROOM IN MANSION - NIGHT,doc_35_chunk_0,Tell me about him. You must have learnt something from him! It had to happen for you as it did for me!,"At a table, Louis asks Lestat about the one who made him and what he learned."
273、EXT. GOLDEN GATE BRIDGE - NIGHT,doc_272_chunk_2,My invitation was open to anyone.,"Car chase scene, Louis's voice-over on tape about an open invitation"
3、INT. WATERFRONT TAVERN - NIGHT,doc_2_chunk_2,"Most of all I longed for death. I know that now. I invited it, a release from the pain of living...","Gambling hall, Louis reflects on his desire for death."
36、INT. DINING ROOM IN MANSION - NIGHT,doc_35_chunk_1,They know about us. They see us dine on empty plates and drink from empty glasses.,"In the country, Louis speaks to Lestat about others knowing about them."
38、INT. POINTE DU LAC DINING ROOM - NIGHT,doc_37_chunk_3,"I am frightened of myself, Yvette.",Louis speaks to Yvette about his fear of himself before kissing her wrist.
38、INT. POINTE DU LAC DINING ROOM - NIGHT,doc_37_chunk_3,"Hush, Yvette -","After Yvette screams, Louis tells her to hush."
3、INT. WATERFRONT TAVERN - NIGHT,doc_2_chunk_1,You're calling me a cheat?,Gambling hall: Gambler accuses Louis of cheating.
3、INT. WATERFRONT TAVERN - NIGHT,doc_2_chunk_1,Then do me a favor. Get rid of this piece of shit...,"Gambling hall: After Gambler draws pistol, Louis challenges him to shoot."
3、INT. WATERFRONT TAVERN - NIGHT,doc_2_chunk_1,"You lack the courage of your convictions, sir. Do it.",Gambling hall: Louis challenges Gambler to shoot.
38、INT. POINTE DU LAC DINING ROOM - NIGHT,doc_37_chunk_0,"No, ma cher. I need no supper. Is all well at Pointe Du Lac tonight?","By the table, speaking with Yvette (slave girl) about supper and Pointe Du Lac"
42、INT. CRYPT,doc_41_chunk_0,Where are we?,Crypt; Louis and Lestat; location
42、INT. CRYPT,doc_41_chunk_0,We belong in hell.,Crypt; Louis and Lestat; hell
39、EXT. MANSION - NIGHT,doc_38_chunk_1,"Unlike me, you are no free men...","Outside the mansion, Louis speaks to the slaves who are staring blankly at him."
39、EXT. MANSION - NIGHT,doc_38_chunk_1,Do I have to convince you?,"Outside the mansion, Louis turns to look at the mansion and asks if he must convince them."
40、INT. BURNING MANSION - NIGHT,doc_39_chunk_1,What you wouldn't do. It's almost sunrise. It will be the sun or the fire. You said they can kill me. The sun or the fire!,Louis and Lestat in a room with shattered window; discussing sunrise and danger of sun/fire.
39、EXT. MANSION - NIGHT,doc_38_chunk_0,"This place is cursed. Damned, do you hear me? And your master is the devil.","Mansion: Louis speaks to the slaves about the cursed place and the devilish master, after placing Yvette's body on the veranda."
39、EXT. MANSION - NIGHT,doc_38_chunk_0,Get out while you can. You're free men.,"Mansion: Louis speaks to the slaves about the cursed place and the devilish master, after placing Yvette's body on the veranda."
36、INT. DINING ROOM IN MANSION - NIGHT,doc_35_chunk_2,"I respect life, don't you see? For each and every human life I have respect.","Dining table, Louis and Lestat discuss respect for human life."
269、EXT. GARDEN DISTRICT - NIGHT,doc_268_chunk_0,"And then on Prytania Street, only blocks from the Lafayette cemetery I caught the scent of death and it wasn't coming from the graves...","Prytania Street near Lafayette cemetery, describing the scent of death"
269、EXT. GARDEN DISTRICT - NIGHT,doc_268_chunk_0,The scent grew stronger as I walked. Old death. A scent too faint for mortals to detect.,"Lafayette cemetery area, describing the scent growing stronger"
45、INT. INN - EVENING,doc_44_chunk_2,I'm leaving you. I can't stand this any longer.,With Lestat and a whore; Louis leaves in disgust.
45、INT. INN - EVENING,doc_44_chunk_2,I'm not interested in you. You disgust me. I'm interested in my own nature and know I can't trust you to tell me the truth about me.,With Lestat and a whore; Louis leaves in disgust.
38、INT. POINTE DU LAC DINING ROOM - NIGHT,doc_37_chunk_2,"Leave me alone now, Yvette.","Speaking with Yvette, discussing the slaves' fear of a new friend and of her."
45、INT. INN - EVENING,doc_44_chunk_3,I don't pretend to know.,Lestat questions Louis's identity; Louis responds with uncertainty.
45、INT. INN - EVENING,doc_44_chunk_3,"Lestat, she's alive!!!","Louis objects to Lestat's attack on the girl, stating she is alive."
45、INT. INN - EVENING,doc_44_chunk_3,"The girl, Lestat -",Louis attempts to speak to Lestat about the girl.
52、INT. INN - SUPPER ROOM,doc_51_chunk_0,What are you saying?,"In a bedroom, Louis speaks to Lestat about Claudia."
46、EXT. DANK NEW ORLEANS BACK STREETS - NIGHT,doc_45_chunk_0,"Am I damned? Am I from the devil? Is my very nature that of a devil? And all the while, as these dreaded questions caused me to neglect my thirst, my thirst grew hotter, my veins were threads of pain in my flesh, my temples throbbed.","Walking down street, gripping rats, voice-over on his nature"
5、EXT. WHARF - NIGHT,doc_4_chunk_4,Enough...,"On the ship, Louis speaks to Lestat about death."
43、INT. ROOM. SAN FRANCISCO - NIGHT,doc_42_chunk_0,Can a vampire feel love?,In a conversation with Malloy about love and destruction
43、INT. ROOM. SAN FRANCISCO - NIGHT,doc_42_chunk_0,"I was human then. Might as well ask
can an angel feel love. Both are
blesses or cursed with a certain...
detachment. Though whether angels
take as long to learn it as I,
I will never know.",In a conversation with Malloy about love and destruction
43、INT. ROOM. SAN FRANCISCO - NIGHT,doc_42_chunk_0,"Yes, I loved Yvette. As I loved
Pointe Du Lac. And as with each
thing I loved, I destroyed it.",In a conversation with Malloy about love and destruction
47、INT. HOUSE - NIGHT,doc_46_chunk_1,"And if I am damned, why do I feel such pity for her gaunt face? Why do I wish to warm her tiny arms? Comfort her beating heart?","Voice over while holding a woman, expressing pity and desire to comfort her"
45、INT. INN - EVENING,doc_44_chunk_6,Why do you do this Lestat?,"In a coffin, Louis questions Lestat about his actions."
45、INT. INN - EVENING,doc_44_chunk_6,Lestat - finish this -,"After the girl emerges from the coffin, Louis tells Lestat to finish her."
52、INT. INN - SUPPER ROOM,doc_51_chunk_10,You fiend. You monster.,Louis confronts Lestat after embracing Claudia
51、INT. SEWER-PIPE - EVENING,doc_50_chunk_1,Oh God Lestat. I felt peace. I felt an end to the craving.,Louis speaks to Lestat about his feelings after holding a child.
46、EXT. DANK NEW ORLEANS BACK STREETS - NIGHT,doc_45_chunk_1,The way I came...,"Street with X-marked houses, Louis following rats after a man warns him about the plague."
46、EXT. DANK NEW ORLEANS BACK STREETS - NIGHT,doc_45_chunk_1,"... and finally, when I could stand it no longer, I stood in an empty desolate street and heard the sound of a child crying.",Voice-over while Louis walks on the street following rats.
51、INT. SEWER-PIPE - EVENING,doc_50_chunk_2,Is God merciless? Greedy and cruel?,Louis and Lestat discuss God's nature.
52、INT. INN - SUPPER ROOM,doc_51_chunk_6,You are the devil! You are the instrument of Satan!,"After Claudia kills the maid, Louis confronts Lestat."
5、EXT. WHARF - NIGHT,doc_4_chunk_1,But it was a vampire that accepted.,"On the wharf, Louis observes the floating bodies of the thief and whore."
5、EXT. WHARF - NIGHT,doc_4_chunk_2,Then my luck would have changed.,"On a wharf, Lestat confronts Louis about his potential death."
5、EXT. WHARF - NIGHT,doc_4_chunk_2,Yes...,"On a wharf, Lestat questions Louis about his desire for death."
52、INT. INN - SUPPER ROOM,doc_51_chunk_3,What have you done?,"In a room, Louis confronts Lestat about Claudia's actions after she stops sucking his blood."
51、INT. SEWER-PIPE - EVENING,doc_50_chunk_0,No...,"Sewer: Lestat explains vampire pain, Louis says 'No...' "
249、INT. HOTEL SUITE - NIGHT,doc_248_chunk_3,"How do we seem to you? Do you think
us beautiful, magical, our white
skin, our fierce eyes? Drink, you
ask me! Have you any idea of the
thing you will become?","Louis grips Madeleine and shakes her, questioning her about their appearance and the transformation."
249、INT. HOTEL SUITE - NIGHT,doc_248_chunk_3,"Don't make me, Claudia! I cannot do
it!",Louis pleads with Claudia not to make him do it.
52、INT. INN - SUPPER ROOM,doc_51_chunk_8,You are the devil! You are the instrument of Satan!,Lestat combs a young girl's hair; Louis whispers a line of defiance.
52、INT. INN - SUPPER ROOM,doc_51_chunk_1,Lestat!,Speaking with Lestat about Claudia
52、INT. INN - SUPPER ROOM,doc_51_chunk_1,I didn't want to kill her.,Speaking with Lestat about not killing Claudia
52、INT. INN - SUPPER ROOM,doc_51_chunk_2,"Lestat, what do you mean?","In a room, Louis asks Lestat what he meant as Lestat prepares to feed blood to a child."
68、EXT. RUE ROYALE - NIGHT (1800'S),doc_67_chunk_1,"All human life was here, for the taking. And we took, all three of us, in our different ways.",Carnival: Louis (V.O.) reflects on taking human life.
70、INT. CLAUDIA'S BEDROOM,doc_69_chunk_2,We're immortal. You've always knownthat.,"After Lestat storms out, Louis speaks tenderly to Claudia about immortality."
57、INT. CLAUDIA'S BEDROOM,doc_56_chunk_0,"Mute and beautiful, she played with dolls, dressing them and undressing them by the hour.",Voice-over narration about Claudia playing with dolls.
55、INT. FLAT,doc_54_chunk_2,"A little child she was, but also a fierce killer, now capable of the ruthless pursuit of blood with all a child's demanding.",Close-up on finger with two holes; Louis (V.O.) narrates about a child killer.
67、INT. CLAUDIA'S BEDROOM - NIGHT,doc_66_chunk_2,Claudia! You did that?,Claudia is sketching; Louis comments on her work.
67、INT. CLAUDIA'S BEDROOM - NIGHT,doc_66_chunk_2,Time can pass fast for mortals when they're happy. With us it was the same.,Voice-over narration by Louis.
59、EXT. SQUARE - NIGHT,doc_58_chunk_0,"They found death fast in those days, before she learnt to play with the, to delay the moment till she had taken what she wanted...",Voice over during flashback of Claudia as a child
70、INT. CLAUDIA'S BEDROOM,doc_69_chunk_3,You see the old woman? That will never happen to you. You'll never grow old. You will never die.,"Porch: Louis speaks to Claudia about her future, referencing the old flower-seller."
68、EXT. RUE ROYALE - NIGHT (1800'S),doc_67_chunk_0,"It was a very different life. And a new century was beginning. what had once been a small godforsaken French colony was growing into a great port, giving us an endless train of magnificent strangers...",Voice-over narration about the transformation of a French colony into a great port at the beginning of a new century.
70、INT. CLAUDIA'S BEDROOM,doc_69_chunk_1,Claudia -,Louis speaks to Claudia; Claudia then turns on Lestat.
69、INT. FLAT - NIGHT,doc_68_chunk_3,Claudia - don't -,PARLOUR: Louis tells Claudia not to cut her hair.
267、INT. MOVIE THEATRE - NIGHT,doc_266_chunk_1,"And in time parted. We had become
so alike, we both wanted the
certainties of loneliness once
more.","Voice-over during sunrise sequences with background changing to fifties, reflecting on past"
58、INT. PARLOUR - NIGHT,doc_57_chunk_0,"Mute and beautiful, she killed. And to watch her kill was chilling.","Piano room, voice over about Claudia's killing"
71、EXT. NEW ORLEANS STREETS - NIGHT,doc_70_chunk_0,"Though everything was changed, through the years had warped the contours of the streets, I found my way there, aware that I'd always known where it was and avoided it, not wanting to pass the doorway where I'd first heard Claudia cry.","Walking with Claudia, voice-over about the streets and the doorway."
4、EXT. WATERFRONT - NIGHT,doc_3_chunk_0,"My invitation was open to anyone.
Sailors, thieves, whores and
slaves...",Riverfront tavern: Louis states his invitation is open to all.
71、EXT. NEW ORLEANS STREETS - NIGHT,doc_70_chunk_2,"I opened the shutters... I came into the room... I felt pity for you. Pity, but something else. He can't go on.","In a room, Louis speaks to Claudia about his pity and that 'he can't go on'."
71、EXT. NEW ORLEANS STREETS - NIGHT,doc_70_chunk_2,"And he found me with you. I ran, sickened at what I'd done. Then he","In a room, Louis continues to Claudia about running after being found with her."
70、INT. CLAUDIA'S BEDROOM,doc_69_chunk_4,Come... I've something to show you...,"With Claudia, Louis says he has something to show her."
74、INT. CATHEDRAL - NIGHT,doc_73_chunk_2,"It's too late, too late -",Church: Louis speaks to the priest about it being too late.
71、EXT. NEW ORLEANS STREETS - NIGHT,doc_70_chunk_1,"heard you crying. You were there in a room with your mother. You were hugging her for warmth, crying pitifully as you had been for days. Because your mother was dead...","Outside the same house, Louis speaking to Claudia about her mother's death."
75、INT. CONFESSIONAL,doc_74_chunk_2,Why does he suffer me to live?,"At the bellrope, Louis confronts the priest, questioning why he suffers Louis to live."
73、EXT. STREETS - NIGHT,doc_72_chunk_0,"I walked all night. I walked as I
walked years before when my mind
swam with guilt at the thought of
killing. I found myself at the
Cathedral.",Location: Streets and Cathedral; Topic: Reflection on past guilt and killing.
73、EXT. STREETS - NIGHT,doc_72_chunk_0,"I thought of all the things I had
done and couldn't undo. And I
longed for one second's peace...",Location: Inside Cathedral; Topic: Reflection on past deeds and longing for peace.
76、INT. FLAT - NIGHT,doc_75_chunk_1,He'll never let us go.,"With Claudia, discussing leaving him."
74、INT. CATHEDRAL - NIGHT,doc_73_chunk_1,What if the statues gave an image to nothing? What if I was the supernatural in this cathedral? The only immortal under this roof. And I felt nothing but loneliness. Loneliness to the point of madness.,"Cathedral, Louis alone, monologue on loneliness and immortality."
74、INT. CATHEDRAL - NIGHT,doc_73_chunk_0,"I had no fear. If anything I longed for something to happen, for the stones to tremble as I entered the foyer.","Church interior, Louis enters and walks down the nave, expressing his feelings about entering the church."
74、INT. CATHEDRAL - NIGHT,doc_73_chunk_0,I almost genuflected from old habit. I almost prayed.,"Church interior, Louis stops by the altar, reflecting on old habits."
74、INT. CATHEDRAL - NIGHT,doc_73_chunk_0,And then it struck me.,"Church interior, Louis sits in a pew, having a realization."
79、INT. DINING ROOM - NIGHT,doc_78_chunk_5,"He's dead, Claudia, dead.","At Lestat's skeleton, Louis states the dead man is dead."
79、INT. DINING ROOM - NIGHT,doc_78_chunk_5,"Don't mock, Claudia...The swamp...","At Lestat's skeleton, Louis tells Claudia not to mock and mentions the swamp."
75、INT. CONFESSIONAL,doc_74_chunk_1,Then there is no mercy.,Room: Louis speaks to priest after priest's accusation of sacrilege
75、INT. CONFESSIONAL,doc_74_chunk_1,You talk of sacrilege. Why if God exists does he suffer me to exist?,Room: Louis speaks to priest after priest steps back in shock
79、INT. DINING ROOM - NIGHT,doc_78_chunk_2,Claudia! Don't do this thing!!!,Claudia about to kill Louis; Louis pleads with her not to
72、INT. ROOM SAN FRANCISCO,doc_71_chunk_0,How could I not? She had to know.,Louis and Malloy discussing a child.
72、INT. ROOM SAN FRANCISCO,doc_71_chunk_0,"Where would she have gone? She was a child, and beautiful, heartbreaking merciless child. And I had made her that...",Louis and Malloy discussing a child.
75、INT. CONFESSIONAL,doc_74_chunk_0,"Bless me father for I have sinned so often and so long, I don't know how to change nor beg for forgiveness.","Kneeling in darkness, hatch slides back, confessing to priest"
75、INT. CONFESSIONAL,doc_74_chunk_0,"Murders, father, death after death. The woman who died two nights ago in Jackson Square, I killed her. And thousands of others before her. I have walked the streets of New Orleans like the Grim reaper. And fed on human life for my own.","Kneeling in darkness, hatch slides back, confessing to priest"
79、INT. DINING ROOM - NIGHT,doc_78_chunk_3,"What have you done, Claudia","Inside a room, Louis confronts Claudia as Lestat begins to shrivel."
80、EXT. CARRIAGE - NIGHT,doc_79_chunk_0,"And suppose the one who made him knows nothing and the vampire who made him knows nothing, and it goes back, nothing proceeding from nothing, until there is nothing! And we must live with the knowledge that there is no knowledge.","In a carriage with Lestat's skeleton and two dead youths, Louis speaks with Claudia about the origin of vampires."
56、INT. LOUIS' BEDROOM - NIGHT,doc_55_chunk_0,"She would sleep in my coffin,
daily, curl her child's fingers
round my hair as she dreamt of I
know not what...",Voice-over: Louis reflects on Claudia sleeping in his coffin.
8、INT. LAVISH FRENCH-FURNISHED BEDROOM AT POINT DU LAC,doc_7_chunk_3,Why should I be?,"Room, speaking with Lestat about fear"
80、EXT. CARRIAGE - NIGHT,doc_79_chunk_1,And if we find the one who made him? Do we tell him we destroyed his own creation? The vampire Lestat?,"Swamp, Louis questions whether to inform Lestat's maker of Lestat's destruction."
8、INT. LAVISH FRENCH-FURNISHED BEDROOM AT POINT DU LAC,doc_7_chunk_2,Who the hell are you? What are you doing in my house?,"Louis's house, confronting Lestat about his presence"
81、INT. FLAT - NIGHT,doc_80_chunk_1,"The workmen must have a trunk - don't stop, cherie -","Room: Louis speaks to Claudia about the knocking, then goes to answer the door."
80、EXT. CARRIAGE - NIGHT,doc_79_chunk_4,Claudia - You're crying -,"By a cypress tree, Louis and Claudia; Claudia weeping."
80、EXT. CARRIAGE - NIGHT,doc_79_chunk_4,And you never cried -,"By a cypress tree, Louis and Claudia; Claudia weeping."
64、EXT. UNDERTAKER'S - NIGHT,doc_63_chunk_0,"She grew, yet stayed the same. She
wanted a bed of her own, yet would
climb back into mine.","Looking through a window at a coffin display, Louis (V.O.) reflects on Claudia."
81、INT. FLAT - NIGHT,doc_80_chunk_4,It can't be -,"In the parlor, Louis and Claudia react to Lestat's arrival."
53、INT. ROOM - SAN FRANCISCO,doc_52_chunk_0,Shall we go on?,Room: Louis and Malloy discussing Claudia and the vampire events.
53、INT. ROOM - SAN FRANCISCO,doc_52_chunk_0,"Perhaps. He knew me. He knew I would love her more than the waking world. But there was more to it than that. Perhaps in the end he did it - to show me that he could. For he lavished affection on her, there was no doubt about that. Life was very different with madame Claudia, as you can imagine...",Room: Louis and Malloy discussing Claudia and the vampire events.
81、INT. FLAT - NIGHT,doc_80_chunk_0,The birds. We forgot about the birds. There's nothing for it but to let them go.,"Apartment, Louis and Claudia, discussing the birds"
79、INT. DINING ROOM - NIGHT,doc_78_chunk_4,"Lestat. Oh, God forgive us.","In a room with skeleton and blood, Louis addresses Lestat, pleading for forgiveness."
8、INT. LAVISH FRENCH-FURNISHED BEDROOM AT POINT DU LAC,doc_7_chunk_4,What do you want from me?,Bedroom: Lestat confronts Louis with a sword; Louis asks what he wants.
67、INT. CLAUDIA'S BEDROOM - NIGHT,doc_66_chunk_1,"How did you learn to write, Claudia?",Louis and Claudia in a conversation about Claudia's diary and Lestat's nicknames.
67、INT. CLAUDIA'S BEDROOM - NIGHT,doc_66_chunk_1,Lestat taught you all you need to know about that.,Louis and Claudia in a conversation about Claudia's diary and Lestat's nicknames.
67、INT. CLAUDIA'S BEDROOM - NIGHT,doc_66_chunk_1,He jests.,Louis and Claudia in a conversation about Claudia's diary and Lestat's nicknames.
67、INT. CLAUDIA'S BEDROOM - NIGHT,doc_66_chunk_1,"Hush, Claudia don't talk about such things. Show me your book.",Louis and Claudia in a conversation about Claudia's diary and Lestat's nicknames.
81、INT. FLAT - NIGHT,doc_80_chunk_6,Stay back - for the love of God... nor I'll burn you alive...,"Parlor, Louis warns Lestat to stay back after Lestat attacks Claudia"
82、EXT. STREET - NIGHT,doc_81_chunk_0,Not yet.,"Burning house, Louis and Claudia running toward ship; Louis reassures Claudia the ship hasn't sailed."
84、INT. ROOM. SAN FRANCISCO,doc_83_chunk_0,He was dead to us. We were free.,Louis and Malloy: discussing a death in a fire.
84、INT. ROOM. SAN FRANCISCO,doc_83_chunk_0,That was all that mattered.,Louis and Malloy: discussing a death in a fire.
80、EXT. CARRIAGE - NIGHT,doc_79_chunk_5,"Hush, Claudia, hush now my dear","Swamp: Louis and Claudia prepare to leave, discussing freedom from Lestat."
80、EXT. CARRIAGE - NIGHT,doc_79_chunk_5,"I love you Claudia. Always. And we are free now, Claudia. No Lestat. Just the two of us, beginning the great adventure of our lives.","Swamp: Louis and Claudia prepare to leave, discussing freedom from Lestat."
7、EXT. WATERFRONT - DAY,doc_6_chunk_0,"He left me half dead that morning.
he wanted something from me. He
came back the following night.","Mudflats at dawn, Louis narrating about being left half dead and the return of the other character."
9、EXT. GRAVEYARD - NIGHT,doc_8_chunk_1,Diane!!!!,"At a statue, Louis cries out for his wife Diane."
100、EXT. LATIN QUARTER - NIGHT,doc_99_chunk_4,I've searched the world for an immortal and this is what I find?,Confrontation with Santiago in a room; Louis expresses frustration over finding an immortal.
9、EXT. GRAVEYARD - NIGHT,doc_8_chunk_2,NO!!!!!,Lestat tells Louis that death has taken others and that Louis can destroy death.
48、EXT. STREETS - NIGHT,doc_47_chunk_0,"For years I had not savored a
human. And when I had Lestat's
words made sense to me. I knew
peace only when I killed and when I
heard her heart in that terrible
rhythm I knew again what peace
could be. Yet even then I could not
contenance it...","New Orleans streets at night, Louis narrating his past experiences with killing and peace."
98、EXT. BOULEVARD - EVENING,doc_97_chunk_0,"Claudia, you torture yourself.","Paris boulevard, Louis and Claudia walking; Claudia expresses feeling of being a duckling forever, Louis responds."
98、EXT. BOULEVARD - EVENING,doc_97_chunk_0,You are more beautiful than any of them.,"Paris boulevard, Louis and Claudia walking; Claudia expresses feeling of being a duckling forever, Louis responds."
97、INT. SUMPRUOUS HOTEL SUITE,doc_96_chunk_0,Still my beautiful child.,"By a gilt mirror, Louis compliments Claudia on her appearance."
100、EXT. LATIN QUARTER - NIGHT,doc_99_chunk_2,So it was when I had given up the search for vampires that a vampire found me...,Voice-over: Louis reflects on being found by Santiago.
100、EXT. LATIN QUARTER - NIGHT,doc_99_chunk_3,You mean me harm?,Louis and Santiago mimic each other's actions; Louis questions Santiago's intentions.
100、EXT. LATIN QUARTER - NIGHT,doc_99_chunk_3,Trickster. Buffoon!,"After Santiago repeats Louis's question, Louis insults Santiago as a trickster and buffoon."
100、EXT. LATIN QUARTER - NIGHT,doc_99_chunk_0,"For a time we had been almost human, in the sensual whirl of what Paris had to offer. But the human delights of that city only served to remind her of the ageless child she had become. I felt her pain as I walked until I become aware that I was being followed.","Voice-over while Louis walks, reflecting on Paris and her pain."
10、INT. LOUIS BEDROOM - NIGHT,doc_9_chunk_0,Give it to me!!!,"Bedroom: Louis in delirium, demanding blood from Lestat."
10、INT. LOUIS BEDROOM - NIGHT,doc_9_chunk_0,I want it!,"Bedroom: Louis in delirium, demanding blood from Lestat."
99、EXT. DOLL-SHOP - NIGHT,doc_98_chunk_0,"You are neither, Claudia. Now stop this -","Outside, Louis and Claudia, after Claudia comments on dolls resembling her"
99、EXT. DOLL-SHOP - NIGHT,doc_98_chunk_0,You know her?,"Outside, Louis and Claudia, after Madeleine waves from inside the shop"
99、EXT. DOLL-SHOP - NIGHT,doc_98_chunk_0,"Come, Claudia...","Outside, Louis and Claudia, as Claudia suggests making a doll of Madeleine"
90、EXT. BOULEVARD FACADE OF GRAND HOTEL AND PARIS OPERA,doc_89_chunk_0,"I think the very name of Paris
brought a rush of pleasure to me
that was extraordinary. I was a
Creole, after all and Paris was the
mother of New Orleans, a universe
whole and entire unto herself...","Paris, voice-over on Paris and New Orleans"
89、INT. ROOM. SAN FRANCISCO,doc_88_chunk_0,"Peasant rumors, superstitions about
garlic, crosses, stakes in the
hear, all that - how do you say
again? Bull shit. But one of our
kind? Not a whisper.","With Malloy, discussing vampire rumors in Transylvania."
89、INT. ROOM. SAN FRANCISCO,doc_88_chunk_0,"Fictions, my friend. The vulgar
fictions of a demented Irishman...
So we repaired to Paris...","With Malloy, discussing vampire fictions and their destination (Paris)."
88、EXT. DECK - NIGHT,doc_87_chunk_2,"The quest for these Old World vampires filled me with bitterness. We searched village after village,ruin after ruin and I was glad when
always we found nothing. For what
could the damned really have to say
to the damned?","Montage: Transylvanian village, graveyard, ruined castles; Louis reflects on the quest for Old World vampires."
88、EXT. DECK - NIGHT,doc_87_chunk_1,"We saw the Acropolis by moonlight, shades of grey and silver. And I longed for the brilliant white of those marbles in the hot sun of Homer...",Voice-over: Acropolis at night
88、EXT. DECK - NIGHT,doc_87_chunk_1,"We docked at Varna and searched the rural countryside of the Carpathians, for what she liked to term ""our kind""...",Voice-over: Transylvania and Carpathians
100、EXT. LATIN QUARTER - NIGHT,doc_99_chunk_1,Claudia!,"Street, Louis calls Claudia's name after seeing a shadow"
97、INT. SUMPRUOUS HOTEL SUITE,doc_96_chunk_1,Yes...,"In a room with a mirror, Louis responds to Claudia's question about her identity."
97、INT. SUMPRUOUS HOTEL SUITE,doc_96_chunk_1,Yes.,Claudia asks if Louis wants her to be his daughter forever; Louis says 'Yes.'
6、INT. ROOM - SAN FRANCISCO,doc_5_chunk_0,"No. The Gift of Darkness requires more than that, as you'll see.",Louis and Malloy discussing the Gift of Darkness
68、EXT. RUE ROYALE - NIGHT (1800'S),doc_67_chunk_3,"I watched her grow yet stay the same, her doll-like face possessed of adult eyes, eerie, powerful, seductive...","Voice-over after Louis draws Claudia away, reflecting on Claudia's appearance."
80、EXT. CARRIAGE - NIGHT,doc_79_chunk_2,"Then maybe so do we. Every night of our lives. He was my brother. My maker. He gave me this life, whatever it is.","Near water, Louis and Claudia discuss Lestat's death and their existence."
80、EXT. CARRIAGE - NIGHT,doc_79_chunk_2,I can't. Go away from me.,"Near water, Louis refuses to look at Claudia after her plea."
86、INT. SHIPS HOLD,doc_85_chunk_0,"Claudia and I alone seemed immune.
We kept to ourselves, pondering the
mystery of Lestat and the greater
mystery of each other.","On a ship, Louis (V.O.) reflects on Claudia and the mystery of Lestat."
96、INT. SALON - NIGHT,doc_95_chunk_0,"We were alive again. We were in
love and so euphoric was I that I
yielded to her every desire...","Room with Claudia and couturiers, Louis recounts his past with Claudia."
10、INT. LOUIS BEDROOM - NIGHT,doc_9_chunk_2,"My last sunrise. That morning I was not yet a vampire, and I saw my last sunrise. I remember it completely, yet I don't rememberany sunrise before it. I watched the whole magnificence of the dawn for the last time, as if it were the first. And the I said goodbye to sunlight and went out to become what I became.",Voice-over: Louis reflects on his last sunrise as a human.
83、EXT. DECK OF SHIP - NEAR DAWN,doc_82_chunk_0,"Though the fire seemed to spread
through the quartier, I stood on
that deck until dawn, fearful he
would come out again of the very
river like some monster to destroy
us both. And all the while I
thought, Lestat, we deserve your
vengeance. You gave me the dark
gift. And I delivered you into the
hands of death for the second time.","On a ship in the river, Louis narrates about the fire in New Orleans and his thoughts on Lestat."
87、EXT. SHIP - NIGHT,doc_86_chunk_0,"We reached the Mediterranean. I wanted those waters to be blue. They were black, nighttime waters and how I suffered then, straining to remember the color that a young man's senses had taken for granted, that my memory had let slip away for eternity. It was black off the coast of Italy, black off the coast of Greece, Europe itself was black.","Voice-over during passage through the Straits of Gibralter, reflecting on the black Mediterranean waters."
