doc_title,chunk_id,text,scene_context
113、INT. JACKIE'S KITCHEN - MORNING,doc_112_chunk_5,I was in there in him.,
113、INT. JACKIE'S KITCHEN - MORNING,doc_112_chunk_2,Maybe you could back off just a little bit --,
110、INT. RACHEL'S AND LUKE'S LOFT - FRIDAY NIGHT,doc_109_chunk_2,Annabelle let's get something clear.,"Annabelle's room, Rachel is speaking to Annabelle following her upstairs."
114、INT. YMCA KITCHEN - DAY,doc_113_chunk_3,"Hey, I sold my body to Satan to clear Friday at two o'clock...",
110、INT. RACHEL'S AND LUKE'S LOFT - FRIDAY NIGHT,doc_109_chunk_1,"I'm sorry, okay? Let's not fi...","Scene in a living area or kitchen; Rachel speaks to Annabelle during an argument, attempting to calm her down."
113、INT. JACKIE'S KITCHEN - MORNING,doc_112_chunk_8,But it's not on the schedule!,
113、INT. JACKIE'S KITCHEN - MORNING,doc_112_chunk_8,Ah Ah Ah! You owe me a quarter --,
109、INT. RACHEL'S AND LUKE'S LOFT - NIGHT,doc_108_chunk_0,Hello?,"Scene: In the loft, Rachel answers the ringing phone after returning with Luke; she is speaking on the phone, but the caller (Annabelle) hangs up upon hearing her."
113、INT. JACKIE'S KITCHEN - MORNING,doc_112_chunk_6,No. I thought it might be uncomfortable for her --,Scene where Jackie and Rachel are discussing a child's reaction to a traumatic event; Jackie confronts Rachel about not addressing the situation with the girl.
110、INT. RACHEL'S AND LUKE'S LOFT - FRIDAY NIGHT,doc_109_chunk_0,Aw George...not again... who wants to help clean up this time?,"In a house with a hardwood floor, Rachel addresses George the puppy and asks for help cleaning up after him; Annabelle is filming and Ben is in the kitchen."
"108、EXT. RESTAURANT, SOHO - NIGHT",doc_107_chunk_2,So I'll have to order in?,
"108、EXT. RESTAURANT, SOHO - NIGHT",doc_107_chunk_2,Jesus.,
"108、EXT. RESTAURANT, SOHO - NIGHT",doc_107_chunk_2,"I thought it was
her",
114、INT. YMCA KITCHEN - DAY,doc_113_chunk_1,She said no.,
114、INT. YMCA KITCHEN - DAY,doc_113_chunk_1,"The editing machine. I mean,
Annabelle would have
really
loved it.",
118、EXT. JACKIE'S HOUSE - DAY,doc_117_chunk_3,Yeh?,"Rachel takes the phone and responds to a call, likely from Jackie, after being handed the phone."
113、INT. JACKIE'S KITCHEN - MORNING,doc_112_chunk_0,"This is Friday, her riding lesson is on Tuesdays. (pulls out post it) I got it right here...","Scene or location unspecified: Rachel responds to Jackie's criticism about being late, clarifying the day of Annabelle's riding lesson while showing a note."
113、INT. JACKIE'S KITCHEN - MORNING,doc_112_chunk_3,"See, the place where I can connect with Annabelle is my photography. Because she loves video and all... And...?",
113、INT. JACKIE'S KITCHEN - MORNING,doc_112_chunk_3,"She's been talking about this little editing machine, it's only...",
117、INT. SCHOOL HALLWAY,doc_116_chunk_0,"Look, I...","Scene: Annabelle, Luke, and Jackie are glaring at Rachel; Rachel appears uncomfortable as Jackie accuses her of breaking a child's heart. Rachel begins to speak but is interrupted."
110、INT. RACHEL'S AND LUKE'S LOFT - FRIDAY NIGHT,doc_109_chunk_3,Thank God for that!,
110、INT. RACHEL'S AND LUKE'S LOFT - FRIDAY NIGHT,doc_109_chunk_3,"What I meant and perhaps I didn't say
it well was you have a great mom. You
don't need another one. But when
you're at this house --",
113、INT. JACKIE'S KITCHEN - MORNING,doc_112_chunk_4,Forgiveness?,
113、INT. JACKIE'S KITCHEN - MORNING,doc_112_chunk_4,"For
what
, exactly?",
113、INT. JACKIE'S KITCHEN - MORNING,doc_112_chunk_4,"Luke was in the shower this morning and
Annabelle sort of walked in without
knocking.",
114、INT. YMCA KITCHEN - DAY,doc_113_chunk_4,"Our weekend. At that sweet little
B & B.",
114、INT. YMCA KITCHEN - DAY,doc_113_chunk_4,"No, this is good. Celibacy is
healthy. For a guy your age. You'll
get used to it.",
113、INT. JACKIE'S KITCHEN - MORNING,doc_112_chunk_1,Can I please have a cup of coffee?,"Scene: In a house or shared living space, Rachel speaks to Jackie, requesting coffee."
113、INT. JACKIE'S KITCHEN - MORNING,doc_112_chunk_1,What is this? The Betty Ford Center?,"Scene: In a house or shared living space, Rachel speaks to Jackie, reacting to the lack of coffee."
119、EXT. CENTRAL PARK CASTLE - DAY,doc_118_chunk_3,Lunch time Sleeping Beauty. Where's Ben? Is he in the bathroom?,"Scene: Rachel stands over Annabelle, who is asleep on a bench; Rachel speaks to Annabelle, asking about Ben."
124、INT. AUDITORIUM - THAT EVENING,doc_123_chunk_1,No I did -- I know I did -- I screwed up. I feel like such an asshole...,
"108、EXT. RESTAURANT, SOHO - NIGHT",doc_107_chunk_1,"The way you cook. If you could make love, I'd marry you.",
"108、EXT. RESTAURANT, SOHO - NIGHT",doc_107_chunk_1,"Uh-oh. I mention marriage, all
of a sudden...
(ominous Nazi Baritone)
Ve
haff
to ta...",
"108、EXT. RESTAURANT, SOHO - NIGHT",doc_107_chunk_1,You'd rather spoil our walk home.,
120、EXT. PARK MEN'S ROOM,doc_119_chunk_0,He's not kidnapped he's -- he's just hiding -- he's just -- BENNNN? GODDAMMIT!,Scene with Annabelle by a line of empty urinals; Rachel is searching for someone named Ben and becomes panicked.
121、INT. CASTLE TOWER - MOMENTS LATER,doc_120_chunk_0,Ben! Ben we're here! BEN!,"Castle stairs/tower: Rachel is searching for Ben, calling out to him while climbing with Annabelle."
125、EXT. AUDITORIUM FOYER - NIGHT,doc_124_chunk_4,You haven't done one goddam thing to make any of this easier...,
125、EXT. AUDITORIUM FOYER - NIGHT,doc_124_chunk_5,"Well, maybe they would if they thought
it was okay, with y...",
111、INT. BEN'S ROOM - RACHEL'S AND LUKE'S HOUSE - NIGHT,doc_110_chunk_0,In the great green room there was a telephone and a red balloon...,Scene: Rachel reads 'Goodnight Moon' to Ben; she is tired and reading to him before bed.
111、INT. BEN'S ROOM - RACHEL'S AND LUKE'S HOUSE - NIGHT,doc_110_chunk_0,Mmmm! Tasty. You're a master chef Ben. Just like your dad.,Scene: Rachel responds to Ben asking if she will drink her cocoa; she is pretending to sip it while reading to him.
129、INT. RACHEL'S STUDIO - AFTERNOON,doc_128_chunk_2,Sure. I was just doin' my nails.,
113、INT. JACKIE'S KITCHEN - MORNING,doc_112_chunk_7,You're damn right. I'm gonna sick of your imperious bullshit. I never said I was Betty Fucking Crocker. If every time life hits her in the face you want to have a 12 hour talk every third Friday or the month -- go ahead! I have a life!,
113、INT. JACKIE'S KITCHEN - MORNING,doc_112_chunk_7,"Maybe the problem is your kids. Maybe they're spoiled, coddled brats!",
"108、EXT. RESTAURANT, SOHO - NIGHT",doc_107_chunk_0,"Okay, if they're going to have a sauce, put something in it besides flour and chicken broth...","Scene: Exiting a neighborhood bistro, Rachel is speaking to Luke about the quality of a sauce at the restaurant."
"108、EXT. RESTAURANT, SOHO - NIGHT",doc_107_chunk_0,"Well, it wasn't a reduction like you do it! Boiling down half a ton of bones...","Scene: Walking down the street after leaving a bistro, Rachel continues criticizing the restaurant's sauce while speaking to Luke."
125、EXT. AUDITORIUM FOYER - NIGHT,doc_124_chunk_3,Why are you taking this out on him?,"Scene: A tense confrontation between Jackie and Luke; Rachel intervenes, speaking to Jackie about her behavior toward Luke."
"108、EXT. RESTAURANT, SOHO - NIGHT",doc_107_chunk_3,For what?,Scene context not specified: Rachel speaks with Luke about hiring help.
"108、EXT. RESTAURANT, SOHO - NIGHT",doc_107_chunk_3,I can take them to work with me -- I can shift things around --,Scene context not specified: Rachel speaks with Luke about managing work and childcare.
"108、EXT. RESTAURANT, SOHO - NIGHT",doc_107_chunk_3,Can't handle them myself is what you mean. Can't.,"Scene context not specified: Rachel responds to Luke's suggestion of hiring help, interpreting it as a lack of confidence in her abilities."
110、INT. RACHEL'S AND LUKE'S LOFT - FRIDAY NIGHT,doc_109_chunk_4,This is my house too!,"Scene: Inside a house, Rachel confronts Annabelle about ownership of the house and room."
110、INT. RACHEL'S AND LUKE'S LOFT - FRIDAY NIGHT,doc_109_chunk_4,"Thank you Ben. That was so sweet of
you.","Scene: Inside a house, Rachel speaks to Ben after he offers her cocoa, in the presence of Annabelle."
110、INT. RACHEL'S AND LUKE'S LOFT - FRIDAY NIGHT,doc_109_chunk_4,Goodnight Annabelle. Sweet dreams.,"Scene: Inside a house, Rachel says goodnight to Annabelle after leaving the room with Ben."
124、INT. AUDITORIUM - THAT EVENING,doc_123_chunk_0,Jackie? I am so sorry about today I really fucked up royalty. When you called Luke I was so goddamn relieved --,"Harvest Pageant, elementary school setting; Rachel speaks to Jackie with Luke present, apologizing for a mistake and expressing relief that Luke was called."
125、EXT. AUDITORIUM FOYER - NIGHT,doc_124_chunk_0,I'm sorry I didn't mean to break your concentration. I thought it would be a nice moment to rememb...,"Scene: At an event where Annabelle is upset, Rachel approaches with Luke; Rachel speaks to Jackie and Annabelle, apologizing for interrupting."
103、INT. PHOTOGRAPHY STUDIO - DAY,doc_102_chunk_1,"Cooper, back the fill off I don't have enough shadow...","Scene: In a studio or set, Rachel directs her assistant Cooper during a production setup."
103、INT. PHOTOGRAPHY STUDIO - DAY,doc_102_chunk_1,You say that like I don't know that.,"Scene: In a studio or set, Rachel responds to Cooper's comment about her appearance."
103、INT. PHOTOGRAPHY STUDIO - DAY,doc_102_chunk_1,And when did that pass?,"Scene: In a studio or set, Rachel responds to Cooper's story about throwing jello on his stepmother's head."
114、INT. YMCA KITCHEN - DAY,doc_113_chunk_2,"It would have been great for us, so obviously, Jackie just...",
114、INT. YMCA KITCHEN - DAY,doc_113_chunk_2,She's really a difficult person...,
114、INT. YMCA KITCHEN - DAY,doc_113_chunk_2,Best thing ever happened to you was her throwing you out on your butt.,
114、INT. YMCA KITCHEN - DAY,doc_113_chunk_2,Not that I have a personal stake in it.,
114、INT. YMCA KITCHEN - DAY,doc_113_chunk_2,Annabelle's video report has been switched again.,
"108、EXT. RESTAURANT, SOHO - NIGHT",doc_107_chunk_4,You don't trust me to be alone with them.,Scene context not specified: Rachel speaks to Luke about trust regarding being alone with children.
"108、EXT. RESTAURANT, SOHO - NIGHT",doc_107_chunk_4,But? But what?,Scene context not specified: Rachel presses Luke for clarification after he hesitates while discussing her parenting.
"108、EXT. RESTAURANT, SOHO - NIGHT",doc_107_chunk_4,"I know how responsible, caring adults parent children. I'm bribe 'em. But 'em a dog or something. Maybe a Doberman.","Scene context not specified: Rachel speaks to Luke, sarcastically suggesting bribing children as a parenting method."
"13、EXT. RESTAURANT, SOHO - NIGHT",doc_12_chunk_2,So I'll have to order in?,
"13、EXT. RESTAURANT, SOHO - NIGHT",doc_12_chunk_2,Jesus.,
"13、EXT. RESTAURANT, SOHO - NIGHT",doc_12_chunk_2,"I thought it was
her",
133、INT. RACHEL'S DARKROOM - MORNING,doc_132_chunk_3,"I'm already on thin ice. Yesterday, I actually thought my boss was going to fire me.",
144、INT. BEN'S ROOM - LATE NIGHT,doc_143_chunk_1,A night. Of learning.,
"108、EXT. RESTAURANT, SOHO - NIGHT",doc_107_chunk_5,Look. I know they hate me.,
"108、EXT. RESTAURANT, SOHO - NIGHT",doc_107_chunk_5,And what you're telling them is keep hating her -- keep up the good work --,
"108、EXT. RESTAURANT, SOHO - NIGHT",doc_107_chunk_5,Really? Look in your ex-wife's eyes.,
"108、EXT. RESTAURANT, SOHO - NIGHT",doc_107_chunk_5,Oh right...So it's just complicated for you and Jackie -- for me it's pretty simple cause I just don't understand...,
"108、EXT. RESTAURANT, SOHO - NIGHT",doc_107_chunk_5,You know I don't need another person in this family making me feel like an,
111、INT. BEN'S ROOM - RACHEL'S AND LUKE'S HOUSE - NIGHT,doc_110_chunk_1,"Goodnight moon, goodnight hush, goodnight mush, goodnight goodnightgoodnight Gracie -- Goodnight Ben!","Scene: In a child's bedroom, Rachel is reading a bedtime story to Ben, who is insisting on a proper reading."
111、INT. BEN'S ROOM - RACHEL'S AND LUKE'S HOUSE - NIGHT,doc_110_chunk_1,In the great green room there was a telephone and a red balloon...,"Scene: In a child's bedroom, Rachel continues reading a bedtime story to Ben after being prompted to start over."
111、INT. BEN'S ROOM - RACHEL'S AND LUKE'S HOUSE - NIGHT,doc_110_chunk_1,That's nice Ben.,"Scene: In a child's bedroom, Rachel responds to Ben reciting part of the bedtime story while she is lying down and beginning to fall asleep."
14、INT. RACHEL'S AND LUKE'S LOFT - NIGHT,doc_13_chunk_0,Hello?,"Scene: In the loft, Rachel answers the ringing phone after returning with Luke; she is speaking on the phone, but the caller (Annabelle) hangs up without responding."
143、INT. RACHEL'S AND LUKE'S BEDROOM - LATE AFTERNOON,doc_142_chunk_2,But I'm not anymore.,
143、INT. RACHEL'S AND LUKE'S BEDROOM - LATE AFTERNOON,doc_142_chunk_2,I'll get this.,
131、INT. PRINCIPAL'S OFFICE - AFTERNOON,doc_130_chunk_1,Tell ya the truth? I did.,
131、INT. PRINCIPAL'S OFFICE - AFTERNOON,doc_130_chunk_1,"Your mom had to...help a friend with this...emergency? And she called me. And we switched days. Then, I got stuck on my shoot, and...",
133、INT. RACHEL'S DARKROOM - MORNING,doc_132_chunk_4,Why not just bring the whole toilet?,
133、INT. RACHEL'S DARKROOM - MORNING,doc_132_chunk_4,Not personally.,
133、INT. RACHEL'S DARKROOM - MORNING,doc_132_chunk_4,Thank you.,
131、INT. PRINCIPAL'S OFFICE - AFTERNOON,doc_130_chunk_0,"Hey, sea salt and vinegar, I know this is your fave.","Scene: Rachel offers chips to Annabelle, trying to comfort her; location not specified."
131、INT. PRINCIPAL'S OFFICE - AFTERNOON,doc_130_chunk_0,"C'mon, these are the Bomb, I prom...",Scene: Rachel continues trying to coax Annabelle to eat; conversation about Annabelle's emotional distress.
"13、EXT. RESTAURANT, SOHO - NIGHT",doc_12_chunk_1,"The way you cook. If you could make love, I'd marry you.",
"13、EXT. RESTAURANT, SOHO - NIGHT",doc_12_chunk_1,"Uh-oh. I mention marriage, all
of a sudden...
(ominous Nazi Baritone)
Ve
haff
to ta...",
"13、EXT. RESTAURANT, SOHO - NIGHT",doc_12_chunk_1,You'd rather spoil our walk home.,
148、INT. LUKE AND RACHEL'S BEDROOM CLOSET - NIGHT,doc_147_chunk_2,What the fuck is that?,
148、INT. LUKE AND RACHEL'S BEDROOM CLOSET - NIGHT,doc_147_chunk_2,"a
tattoo
?",
115、INT. JACKIE'S KITCHEN - DAY,doc_114_chunk_0,"Hi, it's the trophy bimbo. Annabelle's teacher called, and her video report is being moved up to 8:30 tomorrow. Sorry to deprive your step aerobics class of their role model.",Phone message left for Ben; Rachel informs him about a change in Annabelle's school schedule and makes a sarcastic comment about his step aerobics class.
115、INT. JACKIE'S KITCHEN - DAY,doc_114_chunk_0,"Anyway. I'm sorry I lost my temper the other day. And I'm sure you are, too, so...",Phone message continued; Rachel attempts to apologize for a previous argument with Ben.
115、INT. JACKIE'S KITCHEN - DAY,doc_114_chunk_0,"...no, apology necessa...",Phone message interrupted; Rachel starts to retract her apology but is cut off.
"13、EXT. RESTAURANT, SOHO - NIGHT",doc_12_chunk_4,You don't trust me to be alone with them.,
"13、EXT. RESTAURANT, SOHO - NIGHT",doc_12_chunk_4,But? But what?,
"13、EXT. RESTAURANT, SOHO - NIGHT",doc_12_chunk_4,"I know how responsible, caring adults parent children. I'm bribe 'em. But 'em a dog or something. Maybe a Doberman. He loves her. But this problem is real.",
119、EXT. CENTRAL PARK CASTLE - DAY,doc_118_chunk_1,The timing was off -- I need this light.,Scene or location unspecified: Rachel speaks to Cooper about technical timing and lighting during a work session.
119、EXT. CENTRAL PARK CASTLE - DAY,doc_118_chunk_1,Hold lunch!,"Scene or location unspecified: Rachel speaks to everyone, instructing them to delay lunch while she continues working."
119、EXT. CENTRAL PARK CASTLE - DAY,doc_118_chunk_1,It's only one o'clock...Why don't you get another Fudgesicle -- I'll be done soon -- really soon.,"Scene or location unspecified: Rachel responds to Annabelle's complaint about being hungry and needing to pick up a costume, reassuring her that she will finish work soon."
133、INT. RACHEL'S DARKROOM - MORNING,doc_132_chunk_0,Hold on! Don't let the light...in.,Scene: A dark room with a floating image in water; Rachel speaks to someone off-screen as Jackie enters.
133、INT. RACHEL'S DARKROOM - MORNING,doc_132_chunk_0,I don't recall inviting you.,Scene: Same location; Rachel speaks to Jackie after Jackie enters uninvited.
146、EXT. JACKIE'S HOUSE - DAY,doc_145_chunk_1,"Sorry I'm late, I got lost dropping Ben off at Kevin's.",
146、EXT. JACKIE'S HOUSE - DAY,doc_145_chunk_1,"See, I...",
146、EXT. JACKIE'S HOUSE - DAY,doc_145_chunk_0,"Uh. Put that away, hon, your mom w...",Scene at Jackie's door: Rachel is dropping off Annabelle and speaks to her before being interrupted by the door opening.
146、EXT. JACKIE'S HOUSE - DAY,doc_145_chunk_4,The greatest.,"Scene: Rachel is at a doorway, reacting to Annabelle's excitement about a video editor gift from Jackie; Annabelle asks Rachel if her mom is the greatest."
"13、EXT. RESTAURANT, SOHO - NIGHT",doc_12_chunk_3,For what?,Scene: Conversation with Luke about hiring help; topic is childcare.
"13、EXT. RESTAURANT, SOHO - NIGHT",doc_12_chunk_3,I can take them to work with me -- I can shift things around --,Scene: Conversation with Luke about hiring help; topic is childcare.
"13、EXT. RESTAURANT, SOHO - NIGHT",doc_12_chunk_3,Can't handle them myself is what you mean. Can't.,Scene: Conversation with Luke about hiring help; topic is childcare.
"13、EXT. RESTAURANT, SOHO - NIGHT",doc_12_chunk_0,"Okay, if they're going to have a sauce, put something in it besides flour and chicken broth...","Scene: Exiting a neighborhood bistro, Rachel is speaking to Luke about the quality of a sauce at the restaurant."
"13、EXT. RESTAURANT, SOHO - NIGHT",doc_12_chunk_0,"Well, it wasn't a reduction like you do it! Boiling down half a ton of bones...","Scene: Walking down the street after leaving a bistro, Rachel continues criticizing the restaurant's sauce while speaking to Luke."
15、INT. RACHEL'S AND LUKE'S LOFT - FRIDAY NIGHT,doc_14_chunk_1,"I'm sorry, okay? Let's not fi...","Scene in which Rachel reaches for Annabelle, who reacts negatively; topic involves tension in their interaction."
146、EXT. JACKIE'S HOUSE - DAY,doc_145_chunk_3,"I'm sorry, I just...",
146、EXT. JACKIE'S HOUSE - DAY,doc_145_chunk_3,"No way. I told her two, three years, maybe, for such an expens...",
133、INT. RACHEL'S DARKROOM - MORNING,doc_132_chunk_1,I have a snoop.,
133、INT. RACHEL'S DARKROOM - MORNING,doc_132_chunk_1,I didn't do it for you. Believe me.,
133、INT. RACHEL'S DARKROOM - MORNING,doc_132_chunk_1,She already hates me. You've seen to that.,
133、INT. RACHEL'S DARKROOM - MORNING,doc_132_chunk_1,I need practice.,
15、INT. RACHEL'S AND LUKE'S LOFT - FRIDAY NIGHT,doc_14_chunk_3,What I meant and perhaps I didn't say it well was you have a great mom. You don't need another one. But when you're at this house --,
15、INT. RACHEL'S AND LUKE'S LOFT - FRIDAY NIGHT,doc_14_chunk_0,Aw George...not again... who wants to help clean up this time?,"In a house with a hardwood floor, Rachel addresses George the puppy and asks for help cleaning up after him; Annabelle is filming and Ben is in the kitchen."
133、INT. RACHEL'S DARKROOM - MORNING,doc_132_chunk_2,I did it for her.,
133、INT. RACHEL'S DARKROOM - MORNING,doc_132_chunk_2,Poor kid has to believe in someone. Even if it's you. Nothing friendly about it.,
133、INT. RACHEL'S DARKROOM - MORNING,doc_132_chunk_2,What? And have Federal agents jump out of the bushes with court orders? How many years do you get in this state for giving second-rate care to minors?,
152、EXT. SOCCER FIELD - 3 O'CLOCK PRACTICE,doc_151_chunk_5,"Sure, if you like.","Scene with Jackie at a location near bleachers and a playground; Rachel agrees to keep a secret, speaking softly to Jackie."
129、INT. RACHEL'S STUDIO - AFTERNOON,doc_128_chunk_0,"no, no, that is not possible. You must have the wrong little gir","Scene: Rachel is sitting on a bare floor surrounded by proofs of flying canaries, speaking on a cell phone while sorting through prints; she is discussing a mistaken identity involving a child."
129、INT. RACHEL'S STUDIO - AFTERNOON,doc_128_chunk_0,"because Annabelle's mother never forgets, is never late, is never imperfect. So that's some other kid sitting on the curb by the car pool li","Scene: Rachel is sitting on a bare floor surrounded by proofs of flying canaries, speaking on a cell phone while sorting through prints; she is discussing a mistaken identity involving a child."
152、EXT. SOCCER FIELD - 3 O'CLOCK PRACTICE,doc_151_chunk_4,"Hey, any help you need, we'll cover.",
152、EXT. SOCCER FIELD - 3 O'CLOCK PRACTICE,doc_151_chunk_4,Uh. Have you told Luke and the ki...,
143、INT. RACHEL'S AND LUKE'S BEDROOM - LATE AFTERNOON,doc_142_chunk_1,Everything's gonna work out. The kids and I...we're going to love each other.,
143、INT. RACHEL'S AND LUKE'S BEDROOM - LATE AFTERNOON,doc_142_chunk_1,"What's eight, ten years? Hell, you'll still be ambulatory. I think.",
143、INT. RACHEL'S AND LUKE'S BEDROOM - LATE AFTERNOON,doc_142_chunk_1,"It's inevitable. Look, I was defensive, I was insecure. I was afraid to love first.",
154、EXT. A PERFECTLY MANICURED TWO STORY HOME - DAY,doc_153_chunk_5,"Breaks out the geiger counter, the man is radio-active!",
157、INT. JACKIE'S KITCHEN - NIGHT,doc_156_chunk_13,This is very good tea!,
155、EXT. STACY'S YARD - LATER,doc_154_chunk_0,"just that her daughter left a science book somewhere at her house, and I need t...",
15、INT. RACHEL'S AND LUKE'S LOFT - FRIDAY NIGHT,doc_14_chunk_2,Annabelle let's get something clear.,"Annabelle's room, Rachel speaks to Annabelle about setting boundaries."
15、INT. RACHEL'S AND LUKE'S LOFT - FRIDAY NIGHT,doc_14_chunk_2,Thank God for that!,"Annabelle's room, Rachel responds to Annabelle asserting she doesn't have to listen because Rachel is not her mother."
153、INT. EMERGENCY ROOM - DAY,doc_152_chunk_2,"Well, that's a long way off, sweetie. We'll talk to Mom and Dad...","Scene involving Rachel and Ben, discussing a future Christmas gift; Rachel suggests talking to parents about it."
"13、EXT. RESTAURANT, SOHO - NIGHT",doc_12_chunk_5,Look. I know they hate me.,
"13、EXT. RESTAURANT, SOHO - NIGHT",doc_12_chunk_5,And what you're telling them is keep hating her -- keep up the good work --,
"13、EXT. RESTAURANT, SOHO - NIGHT",doc_12_chunk_5,Really? Look in your ex-wife's eyes.,
"13、EXT. RESTAURANT, SOHO - NIGHT",doc_12_chunk_5,Oh right...So it's just complicated for you and Jackie -- for me it's pretty simple cause I just don't understand...,
"13、EXT. RESTAURANT, SOHO - NIGHT",doc_12_chunk_5,You know I don't need another person in this family making me feel like an,
157、INT. JACKIE'S KITCHEN - NIGHT,doc_156_chunk_12,"Okay, I'm undeserving.",Scene context not specified: Rachel speaks in response to Jackie during a tense confrontation at a table.
155、EXT. STACY'S YARD - LATER,doc_154_chunk_1,"Well, she's been meeting with the head editor for the last few w...","Scene: In an office at Random House, Rachel speaks to the Senior Editor about Ms. Harrison."
157、INT. JACKIE'S KITCHEN - NIGHT,doc_156_chunk_11,"And cigarettes. I smoke, too.",
157、INT. JACKIE'S KITCHEN - NIGHT,doc_156_chunk_11,"See, I know that.",
155、EXT. STACY'S YARD - LATER,doc_154_chunk_2,"Actually, she's going back to work with your company on a part-time basis.",
155、EXT. STACY'S YARD - LATER,doc_154_chunk_2,Thank you for your time.,
157、INT. JACKIE'S KITCHEN - NIGHT,doc_156_chunk_4,You can't take Luke's children away from him.,"Scene context not specified: Rachel speaks to Jackie, distressed about taking Luke's children away."
157、INT. JACKIE'S KITCHEN - NIGHT,doc_156_chunk_5,We can't live like that.,
157、INT. JACKIE'S KITCHEN - NIGHT,doc_156_chunk_5,Luke. Can't live like that.,
154、EXT. A PERFECTLY MANICURED TWO STORY HOME - DAY,doc_153_chunk_3,Duncan I'm aware of that - Goddamn it Ben! Let go of it. NOW!,"Scene: At a child's birthday party, Rachel is on the phone with Duncan while dealing with her son Ben causing a disturbance; she speaks to both Duncan and Ben."
164、INT. ELEMENTARY SCHOOL COMMON ROOM - NIGHT,doc_163_chunk_3,Right.,
152、EXT. SOCCER FIELD - 3 O'CLOCK PRACTICE,doc_151_chunk_2,What about obsessively picking her split ends?,
152、EXT. SOCCER FIELD - 3 O'CLOCK PRACTICE,doc_151_chunk_2,Last week when she chopped her Barbie's bangs all to hell --,
152、EXT. SOCCER FIELD - 3 O'CLOCK PRACTICE,doc_151_chunk_2,Jackie?,
152、EXT. SOCCER FIELD - 3 O'CLOCK PRACTICE,doc_151_chunk_2,When I twisted hair like this it means I'm intimidated by you...,
144、INT. BEN'S ROOM - LATE NIGHT,doc_143_chunk_0,How could I be? We learned some magic...,Scene in Ben's room; Rachel is speaking to Ben about magic tricks.
144、INT. BEN'S ROOM - LATE NIGHT,doc_143_chunk_0,I made all the pieces disappear. Oh.,Scene in Ben's room; Rachel is speaking to Ben while sitting on his bed.
144、INT. BEN'S ROOM - LATE NIGHT,doc_143_chunk_0,And you learned...,Scene in Ben's room; Rachel is speaking to Ben before kissing his forehead.
144、INT. BEN'S ROOM - LATE NIGHT,doc_143_chunk_0,"...to make that trick disappear, huh?",Scene in Ben's room; Rachel is speaking to Ben after kissing his forehead.
143、INT. RACHEL'S AND LUKE'S BEDROOM - LATE AFTERNOON,doc_142_chunk_0,Oh my God. Are you serious?,Scene: Rachel wakes up to find an antique ring on her finger; Luke asks her to marry him.
143、INT. RACHEL'S AND LUKE'S BEDROOM - LATE AFTERNOON,doc_142_chunk_0,I think so too...,Scene: Rachel responds to Luke's marriage proposal; they embrace.
143、INT. RACHEL'S AND LUKE'S BEDROOM - LATE AFTERNOON,doc_142_chunk_0,Okay...Is that the good thing or the bad thing?,Scene: Rachel questions Luke's statement about it being 'forever'; she is trying to understand his meaning.
143、INT. RACHEL'S AND LUKE'S BEDROOM - LATE AFTERNOON,doc_142_chunk_0,How did you,Scene: Rachel begins to ask Luke how he proposed or planned the moment; dialogue is cut off.
15、INT. RACHEL'S AND LUKE'S LOFT - FRIDAY NIGHT,doc_14_chunk_4,This is my house too!,"Scene: Inside a house, Rachel argues with Annabelle about ownership of the house and room."
15、INT. RACHEL'S AND LUKE'S LOFT - FRIDAY NIGHT,doc_14_chunk_4,"Thank you Ben. That was so sweet of
you.","Scene: Inside a house, Rachel speaks to Ben after he offers her cocoa."
15、INT. RACHEL'S AND LUKE'S LOFT - FRIDAY NIGHT,doc_14_chunk_4,Goodnight Annabelle. Sweet dreams.,"Scene: Inside a house, Rachel says goodnight to Annabelle before leaving with Ben."
157、INT. JACKIE'S KITCHEN - NIGHT,doc_156_chunk_7,"There's so many publishing houses in New York. Surely, you could find a good one?","Scene: In a private conversation, Rachel speaks with Jackie, expressing hope about finding a publishing house in New York."
157、INT. JACKIE'S KITCHEN - NIGHT,doc_156_chunk_3,And I know checking into your life was inexcusable...,
157、INT. JACKIE'S KITCHEN - NIGHT,doc_156_chunk_3,But I came here to...,
157、INT. JACKIE'S KITCHEN - NIGHT,doc_156_chunk_3,...to beg you. Not to do it.,
157、INT. JACKIE'S KITCHEN - NIGHT,doc_156_chunk_2,"You're not working at Random House, I talked to them.",
157、INT. JACKIE'S KITCHEN - NIGHT,doc_156_chunk_2,You're taking the kids. And moving to San Francisco.,
157、INT. JACKIE'S KITCHEN - NIGHT,doc_156_chunk_2,"Look, you've never liked me...",
152、EXT. SOCCER FIELD - 3 O'CLOCK PRACTICE,doc_151_chunk_3,You feeling all right?,"Scene or location not specified: Rachel speaks to Jackie, who appears unwell and preoccupied."
152、EXT. SOCCER FIELD - 3 O'CLOCK PRACTICE,doc_151_chunk_3,Are you...seeing someone?,"Scene or location not specified: Rachel speaks to Jackie, asking a personal question after noticing her distress."
152、EXT. SOCCER FIELD - 3 O'CLOCK PRACTICE,doc_151_chunk_3,Wowie. How wonderful!,Scene or location not specified: Rachel reacts to Jackie's news about considering returning to work at Random House.
154、EXT. A PERFECTLY MANICURED TWO STORY HOME - DAY,doc_153_chunk_2,Hey Cooper...pull a number 64 steel blue gel on the back light...yeahI'm on my way but...,
154、EXT. A PERFECTLY MANICURED TWO STORY HOME - DAY,doc_153_chunk_2,Hey Benjy boy -- chill.,
154、EXT. A PERFECTLY MANICURED TWO STORY HOME - DAY,doc_153_chunk_2,He's there already? No I don't want to talk to him -- Duncan? How are you...,
154、EXT. A PERFECTLY MANICURED TWO STORY HOME - DAY,doc_153_chunk_6,"Get overit, Dunc... whoa, whoa, Annab",
154、EXT. A PERFECTLY MANICURED TWO STORY HOME - DAY,doc_153_chunk_6,"Could it be, maybe... anywhere else? Like...another galaxy would be more convenient.",
154、EXT. A PERFECTLY MANICURED TWO STORY HOME - DAY,doc_153_chunk_6,"Okay, don't cry. Flunking science is not happening. On my watch.",
154、EXT. A PERFECTLY MANICURED TWO STORY HOME - DAY,doc_153_chunk_4,Ben I'm sorry. It's been a hard day. Now would you do us both a favor and take this phone and...,"In a room after Ben throws a toy and Duncan screams from a phone call; Rachel speaks to Ben, asking him to take the phone."
154、EXT. A PERFECTLY MANICURED TWO STORY HOME - DAY,doc_153_chunk_4,...make it disappear.,Immediately after handing the phone to Ben; Rachel continues her previous instruction.
16、INT. BEN'S ROOM - RACHEL'S AND LUKE'S HOUSE - NIGHT,doc_15_chunk_0,In the great green room there was a telephone and a red balloon...,
16、INT. BEN'S ROOM - RACHEL'S AND LUKE'S HOUSE - NIGHT,doc_15_chunk_0,Mmmm! Tasty. You're a master chef Ben. Just like your dad.,
157、INT. JACKIE'S KITCHEN - NIGHT,doc_156_chunk_6,"it's my problem, too.",
157、INT. JACKIE'S KITCHEN - NIGHT,doc_156_chunk_6,I got used to...thinking of them. As...my kids too.,
157、INT. JACKIE'S KITCHEN - NIGHT,doc_156_chunk_6,No right at all. I just love them.,
170、INT. JACKIE'S FRONT DOOR - DUSK,doc_169_chunk_9,Hey. You oughta know.,
157、INT. JACKIE'S KITCHEN - NIGHT,doc_156_chunk_1,I know your secret.,"Scene: Jackie's home, Rachel confronts Jackie about a hidden secret after discovering tickets and a note."
157、INT. JACKIE'S KITCHEN - NIGHT,doc_156_chunk_1,"I was looking for Annabelle's book, and I found your tickets. And the note. From your new boss. My what?","Scene: Jackie's home, Rachel confronts Jackie about the discovered evidence related to her secret."
171、INT. LUKE AND RACHEL'S DEN - NIGHT,doc_170_chunk_1,No problem.,
170、INT. JACKIE'S FRONT DOOR - DUSK,doc_169_chunk_4,Bad day?,"Scene: In a bedroom, Rachel speaks to Jackie, who appears unwell and is standing by her open chest of drawers."
164、INT. ELEMENTARY SCHOOL COMMON ROOM - NIGHT,doc_163_chunk_2,"As you may know, 'going out' in the six grade doesn't mean shit. They don't actually go to a movie or anywhere, they don't even eat lunch together, it's just a declaration to the world that they're...",
171、INT. LUKE AND RACHEL'S DEN - NIGHT,doc_170_chunk_6,I'll get Ben.,
156、EXT. JACKIE'S HOUSE - DAY,doc_155_chunk_0,What the hell.,"Scene at Jackie's front door; Rachel is alone, about to enter the house with a key."
156、EXT. JACKIE'S HOUSE - DAY,doc_155_chunk_0,"Now, if I were a science book, where would I...","Scene inside Jackie's home; Rachel is searching through the house, speaking to herself."
156、EXT. JACKIE'S HOUSE - DAY,doc_155_chunk_0,Who am I kidding.,"Scene at the doorway of the master bedroom; Rachel is alone, expressing self-doubt."
170、INT. JACKIE'S FRONT DOOR - DUSK,doc_169_chunk_8,And you said...,"Scene with Jackie; Rachel is reacting to Jackie's story about dealing with a difficult person, asking what Jackie said in response."
170、INT. JACKIE'S FRONT DOOR - DUSK,doc_169_chunk_3,"It's gonna be cool, huh? Bulky sweaters. Wool things.","Jackie's bedroom, Rachel observes items laid out by Jackie next to an open suitcase and comments on them."
170、INT. JACKIE'S FRONT DOOR - DUSK,doc_169_chunk_7,Brad Kovitsky.,"Rachel is with Jackie, who is sitting on the floor; Rachel hands her a pack and matches, and Jackie asks if she has any pot."
164、INT. ELEMENTARY SCHOOL COMMON ROOM - NIGHT,doc_163_chunk_4,"Doesn't begin to describe it. I mean, you've got cancer, this is serious.",
164、INT. ELEMENTARY SCHOOL COMMON ROOM - NIGHT,doc_163_chunk_4,"She spent an hour in the girls' bathroom, crying with eight of her closest friends, who are sending the message to every boy in the grade that Brad",
157、INT. JACKIE'S KITCHEN - NIGHT,doc_156_chunk_9,You're not dying.,Scene with Jackie; Rachel pleads with Jackie who is discussing her cancer.
157、INT. JACKIE'S KITCHEN - NIGHT,doc_156_chunk_9,You bet you are.,Scene with Jackie; Rachel responds to Jackie's claim about beating cancer.
157、INT. JACKIE'S KITCHEN - NIGHT,doc_156_chunk_9,"I don't, but...",Scene with Jackie; Rachel responds to Jackie's question about how she could know anything.
171、INT. LUKE AND RACHEL'S DEN - NIGHT,doc_170_chunk_4,Specially not in this family.,
171、INT. LUKE AND RACHEL'S DEN - NIGHT,doc_170_chunk_4,Nine o'clock. That could be your mom from Montreal. Now you need t...,
154、EXT. A PERFECTLY MANICURED TWO STORY HOME - DAY,doc_153_chunk_0,"Hi, I'm here to pick up Ben.","Scene at Stacy's door during a birthday party; Rachel speaks to Stacy, the birthday boy's mom, about picking up her son Ben."
154、EXT. A PERFECTLY MANICURED TWO STORY HOME - DAY,doc_153_chunk_0,No. I'm doing it behind her back.,Scene at Stacy's door during a birthday party; Rachel responds to Stacy's question about whether Jackie knows she's picking up Ben.
154、EXT. A PERFECTLY MANICURED TWO STORY HOME - DAY,doc_153_chunk_0,Something came up. C'mon Ben! I've got a shoot at three...,"Scene at Stacy's door during a birthday party; Rachel speaks to Stacy and then calls out to Ben, explaining why Jackie isn't picking him up."
161、INT. LUKE AND RACHEL'S BEDROOM - NIGHT,doc_160_chunk_0,It's no biggie.,"Scene in bed, Rachel and Luke are watching a video; Rachel speaks to Luke while focusing on the screen."
161、INT. LUKE AND RACHEL'S BEDROOM - NIGHT,doc_160_chunk_0,It's just an assignment.,"Scene in bed, Rachel responds to Luke's comment about her work."
161、INT. LUKE AND RACHEL'S BEDROOM - NIGHT,doc_160_chunk_0,Are you hungry? You could make us something?,"Scene in bed, Rachel speaks to Luke, suggesting he make food."
176、INT. JACKIE'S HOME - DAY,doc_175_chunk_2,"Hon, maybe your mom would like t...",
170、INT. JACKIE'S FRONT DOOR - DUSK,doc_169_chunk_6,So. Hopeful.,"Scene: In a calm setting, Rachel is speaking with Jackie about a medical treatment, expressing cautious optimism."
170、INT. JACKIE'S FRONT DOOR - DUSK,doc_169_chunk_6,You look sick. But you look... together. Mentally tough.,"Scene: Rachel is speaking with Jackie, commenting on Jackie's appearance and mental strength during an illness."
170、INT. JACKIE'S FRONT DOOR - DUSK,doc_169_chunk_2,"Hey, gorgeous, where's Big Mama?",
170、INT. JACKIE'S FRONT DOOR - DUSK,doc_169_chunk_2,She still packing for her trip?,
170、INT. JACKIE'S FRONT DOOR - DUSK,doc_169_chunk_2,And...other things? At school?,
170、INT. JACKIE'S FRONT DOOR - DUSK,doc_169_chunk_2,We'll talk. I'll go check on Mom.,
"174、EXT. CAR POOL LINE, ELEMENTARY SCHOOL - DAY",doc_173_chunk_8,"He'll be impressed. The clincher is, you walk away, then whip",
175、INT. NEWARK AIRPORT - DAY,doc_174_chunk_0,Surprise?,"Scene: Airport arrival gate, Rachel speaks to Jackie upon her arrival."
173、EXT. SUBWAY CAR - DAY,doc_172_chunk_2,Which part of no don't you understand?,
173、EXT. SUBWAY CAR - DAY,doc_172_chunk_2,They're losing one mother. They can't lose two.,
171、INT. LUKE AND RACHEL'S DEN - NIGHT,doc_170_chunk_3,"I told her if she pulled that , I'd kill myself, and she could go to my funeral for a change! For a change.",
171、INT. LUKE AND RACHEL'S DEN - NIGHT,doc_170_chunk_3,Hey. Hey. I've personally never gone to a funeral. And I'm not starting anytime soon.,
"174、EXT. CAR POOL LINE, ELEMENTARY SCHOOL - DAY",doc_173_chunk_1,"Oh, baby, I'm so sor...",
"174、EXT. CAR POOL LINE, ELEMENTARY SCHOOL - DAY",doc_173_chunk_1,"Ben, go sit in my car right now, and I will bribe you big time.",
171、INT. LUKE AND RACHEL'S DEN - NIGHT,doc_170_chunk_2,Lemme guess. A bad hair day.,"Scene: In the kitchen, Rachel speaks to Annabelle who is upset about school bullying."
171、INT. LUKE AND RACHEL'S DEN - NIGHT,doc_170_chunk_2,That's so weak.,"Scene: In the kitchen, Rachel responds to Annabelle's recounting of being called 'Frosty, the Snow Bitch' by classmates."
172、INT. ANNABELLE'S ROOM - MOMENTS LATER,doc_171_chunk_1,No. I think it's ugly.,
172、INT. ANNABELLE'S ROOM - MOMENTS LATER,doc_171_chunk_1,"June 3rd, God willing, I'll marry your
Dad. And then I
will
be your stepmom.
And right now, I'm not looking forward
to th...",
177、EXT. PARK - DAY,doc_176_chunk_0,Serene. You're getting the hang of it.,"Scene in a park under a starkly bare tree, Rachel speaks to Jackie while observing children on swings."
16、INT. BEN'S ROOM - RACHEL'S AND LUKE'S HOUSE - NIGHT,doc_15_chunk_1,"Goodnight moon, goodnight hush, goodnight mush, goodnight goodnightgoodnight Gracie -- Goodnight Ben!","Scene: In a bedroom, Rachel is reading a bedtime story to Ben, who is insisting on a proper reading."
16、INT. BEN'S ROOM - RACHEL'S AND LUKE'S HOUSE - NIGHT,doc_15_chunk_1,In the great green room there was a telephone and a red balloon...,"Scene: In a bedroom, Rachel continues reading the bedtime story to Ben after being corrected."
16、INT. BEN'S ROOM - RACHEL'S AND LUKE'S HOUSE - NIGHT,doc_15_chunk_1,That's nice Ben.,"Scene: In a bedroom, Rachel responds to Ben reciting part of the story while she is laying down."
164、INT. ELEMENTARY SCHOOL COMMON ROOM - NIGHT,doc_163_chunk_5,"So here's the point. I pick her up
from soccer, she tells me the whole
mess, and asks me what to do.
How about that?",Scene involving a conversation with Jackie about picking someone up from soccer and giving advice.
164、INT. ELEMENTARY SCHOOL COMMON ROOM - NIGHT,doc_163_chunk_5,Beats me. Ask your mom.,Scene involving a conversation with Jackie about giving advice to someone.
164、INT. ELEMENTARY SCHOOL COMMON ROOM - NIGHT,doc_163_chunk_5,Don't fuck this up.,"Scene where Rachel whispers to Jackie, likely in a moment of tension or importance."
"174、EXT. CAR POOL LINE, ELEMENTARY SCHOOL - DAY",doc_173_chunk_3,"That's because your mother is a fine person, finer than I will never be. Now, just this once... Just this once.",
"174、EXT. CAR POOL LINE, ELEMENTARY SCHOOL - DAY",doc_173_chunk_3,If I tell you what to do. Can we cut a deal?,
171、INT. LUKE AND RACHEL'S DEN - NIGHT,doc_170_chunk_0,"God, sorry I'm so late...","Scene: Inside a room with a window showing cold winter rain; Rachel enters, speaking as she peels off her jacket."
171、INT. LUKE AND RACHEL'S DEN - NIGHT,doc_170_chunk_0,Duncan is doing his Himmler imitation on this gig. I got yelled at for quitting at eight.,Scene: Inside a room with Luke and Ben; Rachel speaks about being yelled at by Duncan for leaving work at eight.
164、INT. ELEMENTARY SCHOOL COMMON ROOM - NIGHT,doc_163_chunk_1,Luke's depo ran late. I promised I'd take notes.,
164、INT. ELEMENTARY SCHOOL COMMON ROOM - NIGHT,doc_163_chunk_1,So I have to tell you something in confidence...,
164、INT. ELEMENTARY SCHOOL COMMON ROOM - NIGHT,doc_163_chunk_1,That. And. Annabelle is over her head. With Brad 'The Dreamboat' Kovitsky.,
164、INT. ELEMENTARY SCHOOL COMMON ROOM - NIGHT,doc_163_chunk_1,She was afraid you'd make a big deal out of it.,
164、INT. ELEMENTARY SCHOOL COMMON ROOM - NIGHT,doc_163_chunk_1,Toi. They've been 'going out',
161、INT. LUKE AND RACHEL'S BEDROOM - NIGHT,doc_160_chunk_1,"It's two solid months, around the clock, Jackie needs some coverage, you're in a trial, what are we talking about? There'll be other assignments.","Scene or location not specified: Rachel speaks with Luke about responsibilities and coverage for Jackie, likely discussing work and family commitments."
161、INT. LUKE AND RACHEL'S BEDROOM - NIGHT,doc_160_chunk_1,"Great, wallow in guilt, you sure you're not Jewish?",Scene or location not specified: Rachel responds to Luke's expression of guilt about his children.
161、INT. LUKE AND RACHEL'S BEDROOM - NIGHT,doc_160_chunk_1,I know that.,Scene or location not specified: Rachel responds to Luke's statement that 'She's not gonna die.'
173、EXT. SUBWAY CAR - DAY,doc_172_chunk_3,I. Quit.,
173、EXT. SUBWAY CAR - DAY,doc_172_chunk_3,"No, no, no, this is a job that's hard to keep, not a job that's hard to lose, can't be both.",
173、EXT. SUBWAY CAR - DAY,doc_172_chunk_3,Actually. I just did.,
177、EXT. PARK - DAY,doc_176_chunk_4,I just want to spend time with them when I'm not rushing or on the phone or tired or...,
173、EXT. SUBWAY CAR - DAY,doc_172_chunk_1,I love you guys. You're animals!,
173、EXT. SUBWAY CAR - DAY,doc_172_chunk_1,"It's 1:45, I told you there's no one to pick up Annab...",
173、EXT. SUBWAY CAR - DAY,doc_172_chunk_1,"I've got it. It's in the can, Cooper can wrap th...",
177、EXT. PARK - DAY,doc_176_chunk_1,No.,Scene: Jackie confronts Rachel about quitting her job; Rachel responds briefly.
177、EXT. PARK - DAY,doc_176_chunk_1,It's just not the right time t...,Scene: Jackie confronts Rachel about quitting her job; Rachel attempts to explain her decision.
177、EXT. PARK - DAY,doc_176_chunk_8,And her...?,Scene: Rachel is listening to Jackie tell a story about someone's birth; Rachel softly asks a follow-up question about 'her' without turning.
177、EXT. PARK - DAY,doc_176_chunk_10,He won't discuss it. Just calls it history.,
177、EXT. PARK - DAY,doc_176_chunk_10,So what's the part he got wrong?,
177、EXT. PARK - DAY,doc_176_chunk_10,I got all day.,
178、EXT. COURTHOUSE STEPS - TWILIGHT,doc_177_chunk_0,"Hold your applause. We're not having fun, here.","Scene: On stone steps, Rachel speaks to Luke as he approaches her; the conversation begins with a tense tone."
171、INT. LUKE AND RACHEL'S DEN - NIGHT,doc_170_chunk_5,"Yeh, she's...I'll get you Benfirst, it's past his bedti...",
171、INT. LUKE AND RACHEL'S DEN - NIGHT,doc_170_chunk_5,"Can I say one thing? I mean, the last thing I want to do is interfere on the Brad thing, b...",
171、INT. LUKE AND RACHEL'S DEN - NIGHT,doc_170_chunk_5,"Yah? Well, even the best mom in the world, the smartest, the wisest, whatever. Needs to know when to find a Plan B. Cos Plan A is not and will n...",
177、EXT. PARK - DAY,doc_176_chunk_2,"It was just a job, there'll be plenty of others.",
177、EXT. PARK - DAY,doc_176_chunk_2,"Hey, you haven't quit on you, I'm sure as hell not gonna. I just mean, I'm juggling a lot right n...",
180、EXT. JACKIE'S YARD - DAY,doc_179_chunk_12,We have to deal with that.,
180、EXT. JACKIE'S YARD - DAY,doc_179_chunk_5,Oh please.,
180、EXT. JACKIE'S YARD - DAY,doc_179_chunk_7,That's,
178、EXT. COURTHOUSE STEPS - TWILIGHT,doc_177_chunk_2,"You took a fishing trip with the boys. Liked it so much, you took another.",
178、EXT. COURTHOUSE STEPS - TWILIGHT,doc_177_chunk_2,"while she watched the kids. Then,",
"174、EXT. CAR POOL LINE, ELEMENTARY SCHOOL - DAY",doc_173_chunk_2,"That's because men can be scum, your precious father excepted, may you live to find one like him, it is damn hard.","Scene unspecified: Rachel speaks to Annabelle, discussing men and father figures."
"174、EXT. CAR POOL LINE, ELEMENTARY SCHOOL - DAY",doc_173_chunk_2,"Now is that little prick still here, because if he is, I'm gonna rip his fucking heart out!","Scene unspecified: Rachel speaks to Annabelle, looking around, asking about someone's presence and expressing anger."
"174、EXT. CAR POOL LINE, ELEMENTARY SCHOOL - DAY",doc_173_chunk_6,Done. He's a dead man.,
"174、EXT. CAR POOL LINE, ELEMENTARY SCHOOL - DAY",doc_173_chunk_6,"Monday lunch, you walk up with attitude, you hear me? Finger STABS out...",
"174、EXT. CAR POOL LINE, ELEMENTARY SCHOOL - DAY",doc_173_chunk_6,"Hey, Ear Boy! (does the ears) Listen up, Rhino Face, because I'm saying this one time! So your pathetic, no-life, ass-kissing little groupies here, better take notes!",
"174、EXT. CAR POOL LINE, ELEMENTARY SCHOOL - DAY",doc_173_chunk_5,"Okay, let's start with looks. I know he's handsome, but the best-looking people are so vain, there's always something they're insecure about.",
"174、EXT. CAR POOL LINE, ELEMENTARY SCHOOL - DAY",doc_173_chunk_5,Does he have zitz? We can call him Pizza Face.,
"174、EXT. CAR POOL LINE, ELEMENTARY SCHOOL - DAY",doc_173_chunk_5,Help me here...,
"174、EXT. CAR POOL LINE, ELEMENTARY SCHOOL - DAY",doc_173_chunk_5,"Great. Big ears, too?",
180、EXT. JACKIE'S YARD - DAY,doc_179_chunk_8,You won't get the chance.,
"179、EXT. CAR POOL LINE, ELEMENTARY SCHOOL - DAY",doc_178_chunk_0,"You really didn't have to come, you know. I'd have brought them straight t...","Scene: By a car, Rachel speaks to someone (unspecified) while expressing anxiety about their presence."
18、INT. JACKIE'S KITCHEN - MORNING,doc_17_chunk_2,Maybe you could back off just a little bit --,
180、EXT. JACKIE'S YARD - DAY,doc_179_chunk_11,"I can't live my life channeling the
One true Mom after you're gone. I
can't do it. I can't do it. I can't.
Do it.",
177、EXT. PARK - DAY,doc_176_chunk_9,I'll keep that in mind.,
177、EXT. PARK - DAY,doc_176_chunk_9,It's not about the kids.,
177、EXT. PARK - DAY,doc_176_chunk_9,That thing you said before. Pushing the guy sleeping next to you away. Because of what you gave up for motherhood...,
18、INT. JACKIE'S KITCHEN - MORNING,doc_17_chunk_5,I was in there in him.,
178、EXT. COURTHOUSE STEPS - TWILIGHT,doc_177_chunk_1,"Oh yeh, she was cracking me up. Dishing details of her sordid little divorce.",
178、EXT. COURTHOUSE STEPS - TWILIGHT,doc_177_chunk_1,Just like to make sure. That your past. And my future. Are real different.,
178、EXT. COURTHOUSE STEPS - TWILIGHT,doc_177_chunk_1,Imagine my relief. So what's for dinner?,
180、EXT. JACKIE'S YARD - DAY,doc_179_chunk_6,"She wasn't steering her own course, she was steering yours.",
180、EXT. JACKIE'S YARD - DAY,doc_179_chunk_6,"And she'll fight back again. God help me, what have I done.",
180、EXT. JACKIE'S YARD - DAY,doc_179_chunk_3,Right down to the ground. Let's get to it.,
180、EXT. JACKIE'S YARD - DAY,doc_179_chunk_3,Aw.,
180、EXT. JACKIE'S YARD - DAY,doc_179_chunk_3,Worked. Like a charm.,
"174、EXT. CAR POOL LINE, ELEMENTARY SCHOOL - DAY",doc_173_chunk_7,"I dumped you , limp dick, when I got a peek at your deformed unit , which is sadly microscopic!",
"174、EXT. CAR POOL LINE, ELEMENTARY SCHOOL - DAY",doc_173_chunk_7,"As for your pitiful knowledge of
sex
? I'm not wasting
my
time with
some
loser
who doesn't even know
what
snowballing
is!",
"174、EXT. CAR POOL LINE, ELEMENTARY SCHOOL - DAY",doc_173_chunk_7,"Oh. It's an incredibly disgusting,
and not remotely sexy thing, that
they described in a movie I'd never
let you go to. But it's real. Does
he have an older brother?",
182、INT. BAR - NIGHT,doc_181_chunk_6,You're lying.,
178、EXT. COURTHOUSE STEPS - TWILIGHT,doc_177_chunk_6,"No, here's ugly. 'I love you, babe. It's just our life together I'm not so sure about...'",
178、EXT. COURTHOUSE STEPS - TWILIGHT,doc_177_chunk_6,"'But keep dancing, and if you're lucky, I might just never leave, who knows?'",
178、EXT. COURTHOUSE STEPS - TWILIGHT,doc_177_chunk_6,Because you've changed so much.,
180、EXT. JACKIE'S YARD - DAY,doc_179_chunk_4,"She was beaten, and bloodied, and it was going to go on, uni...",
180、EXT. JACKIE'S YARD - DAY,doc_179_chunk_4,That's not wh...,
180、EXT. JACKIE'S YARD - DAY,doc_179_chunk_4,You weren't passing 'em out.,
18、INT. JACKIE'S KITCHEN - MORNING,doc_17_chunk_0,"This is Friday, her riding lesson is on Tuesdays. (pulls out post it) I got it right here...","Scene or location not specified; Rachel is speaking to Jackie, clarifying the day of Annabelle's riding lesson."
182、INT. BAR - NIGHT,doc_181_chunk_11,Don't rush me. I'm deciding.,Scene following a confrontation between Rachel and Jackie; Rachel is responding to Jackie's toast and declaration of forgiveness.
18、INT. JACKIE'S KITCHEN - MORNING,doc_17_chunk_8,But it's not on the schedule!,
18、INT. JACKIE'S KITCHEN - MORNING,doc_17_chunk_8,Ah Ah Ah! You owe me a quarter --,
172、INT. ANNABELLE'S ROOM - MOMENTS LATER,doc_171_chunk_0,"Annabelle, I know you miss your mother. So why don't you say hello.","Scene: Rachel enters Annabelle's dark bedroom, sits on the bed, and places a cordless phone by the pillow; she speaks to Annabelle about missing her mother."
172、INT. ANNABELLE'S ROOM - MOMENTS LATER,doc_171_chunk_0,Annabelle pick up the phone.,"Scene: Rachel continues speaking to Annabelle in her bedroom, urging her to pick up the phone."
172、INT. ANNABELLE'S ROOM - MOMENTS LATER,doc_171_chunk_0,That doesn't bother me.,"Scene: Rachel responds to Annabelle's mimicry in the bedroom, asserting that Annabelle's behavior doesn't affect her."
172、INT. ANNABELLE'S ROOM - MOMENTS LATER,doc_171_chunk_0,You think this is funny?,"Scene: Rachel confronts Annabelle in the bedroom, reacting to her repeated mimicry."
18、INT. JACKIE'S KITCHEN - MORNING,doc_17_chunk_6,No. I thought it might be uncomfortable for her --,Scene where Jackie and Rachel are discussing a child's reaction to a traumatic event; Rachel explains her decision not to talk to the girl about it.
"174、EXT. CAR POOL LINE, ELEMENTARY SCHOOL - DAY",doc_173_chunk_9,"The guy
I
see is in the eighth grade
at
Prep
School, and he laughs his
ass
off every time we talk about you.",
"174、EXT. CAR POOL LINE, ELEMENTARY SCHOOL - DAY",doc_173_chunk_9,"A
suitable
boy, will be at
this
flagpole,
on
Monday, with a
very
expensive bike, and he will be a
stone FOX if I have to call an
escort
service!",
"174、EXT. CAR POOL LINE, ELEMENTARY SCHOOL - DAY",doc_173_chunk_9,"Now let's go stuff you full of
junk food.",
"174、EXT. CAR POOL LINE, ELEMENTARY SCHOOL - DAY",doc_173_chunk_9,I've had the worst day. Till now.,
178、EXT. COURTHOUSE STEPS - TWILIGHT,doc_177_chunk_5,"No, she threw you out. What a difficult woman.",
178、EXT. COURTHOUSE STEPS - TWILIGHT,doc_177_chunk_5,So now I get to wait...,
178、EXT. COURTHOUSE STEPS - TWILIGHT,doc_177_chunk_5,A single match...,
178、EXT. COURTHOUSE STEPS - TWILIGHT,doc_177_chunk_5,For the first sign. The first fishing trip...,
178、EXT. COURTHOUSE STEPS - TWILIGHT,doc_177_chunk_5,"What do you figure, Luke? When am I",
18、INT. JACKIE'S KITCHEN - MORNING,doc_17_chunk_3,"See, the place where I can connect with Annabelle is my photography. Because she loves video and all... And...?",
18、INT. JACKIE'S KITCHEN - MORNING,doc_17_chunk_3,"She's been talking about this little editing machine, it's only...",
178、EXT. COURTHOUSE STEPS - TWILIGHT,doc_177_chunk_4,What do you call it? You told her you had doubts.,
178、EXT. COURTHOUSE STEPS - TWILIGHT,doc_177_chunk_4,"Let me put it this way. Hell, no.",
178、EXT. COURTHOUSE STEPS - TWILIGHT,doc_177_chunk_4,By way of saying you were unhappy.,
178、EXT. COURTHOUSE STEPS - TWILIGHT,doc_177_chunk_4,"Excuse me. 'Things are so confusing for me, Jack. Our life feels too comfortable, too safe, too predictable. It's a partnership, it's",
177、EXT. PARK - DAY,doc_176_chunk_6,"That's the bottom line, isn't it? I can't make a mistake. Because it'll screw your kids.",
177、EXT. PARK - DAY,doc_176_chunk_6,My advice to you? Don't die.,
177、EXT. PARK - DAY,doc_176_chunk_6,"Last time I pushed him? He said, 'Higher, Rache. It makes my penis sting.'",
177、EXT. PARK - DAY,doc_176_chunk_6,"I'm gonna buy him that white dove for Christmas. If I don't, you'll get him a fucking eagle!",
182、INT. BAR - NIGHT,doc_181_chunk_1,Neutral ground. What's up?,Scene: Meeting with Jackie at a neutral location; topic involves a personal conflict.
182、INT. BAR - NIGHT,doc_181_chunk_1,Double.,Scene: Meeting with Jackie; Rachel orders a drink when a waitress arrives.
18、INT. JACKIE'S KITCHEN - MORNING,doc_17_chunk_1,Can I please have a cup of coffee?,"Scene: In a house or shared living space, Rachel speaks to Jackie, requesting coffee."
18、INT. JACKIE'S KITCHEN - MORNING,doc_17_chunk_1,What is this? The Betty Ford Center?,"Scene: In a house or shared living space, Rachel speaks to Jackie, reacting to the lack of coffee."
182、INT. BAR - NIGHT,doc_181_chunk_8,Uh. You hate my guts?,
182、INT. BAR - NIGHT,doc_181_chunk_8,With good reason. They fucking worship you as it is.,
183、INT. JACKIE'S LIVING ROOM - CHRISTMAS MORNING,doc_182_chunk_0,I'm gonna check on Mom.,Scene: Inside a decorated living room during Christmas; Rachel speaks to no one in particular as she prepares to check on her mother.
18、INT. JACKIE'S KITCHEN - MORNING,doc_17_chunk_4,"Forgiveness? For what, exactly?","Scene: A tense conversation with Jackie, discussing Annabelle and perceived attempts to buy forgiveness."
18、INT. JACKIE'S KITCHEN - MORNING,doc_17_chunk_4,Luke was in the shower this morning and Annabelle sort of walked in without knocking.,"Scene: Continuing the conversation with Jackie, explaining why Annabelle ran from the room earlier that morning."
182、INT. BAR - NIGHT,doc_181_chunk_2,Don't flatter yourself.,
182、INT. BAR - NIGHT,doc_181_chunk_2,I always liked that line. Signs.,
182、INT. BAR - NIGHT,doc_181_chunk_2,"I love Luke, I love the children. But there is more to life than even love...",
182、INT. BAR - NIGHT,doc_181_chunk_7,"You are lying, you never lost that kid for seconds, you could find him from a coma, there is no WAY!",
182、INT. BAR - NIGHT,doc_181_chunk_7,Ben never mentioned it.,
182、INT. BAR - NIGHT,doc_181_chunk_3,And I have looked down the road. At what my life will be. And I can't handle it.,
182、INT. BAR - NIGHT,doc_181_chunk_3,"I never wanted to be a mom. Then, sharing it with you was one thing. Carrying it alone, the rest of my life...",
180、EXT. JACKIE'S YARD - DAY,doc_179_chunk_10,Now you're talking sense.,
180、EXT. JACKIE'S YARD - DAY,doc_179_chunk_10,"All year long, I've been watching how
you do this. The worries, the sacrifices, the signals you give them...",
180、EXT. JACKIE'S YARD - DAY,doc_179_chunk_10,"And I admire you. More than you'll
never believe. And yet...this...
thing...has been growing. Inside me.",
180、EXT. JACKIE'S YARD - DAY,doc_179_chunk_10,For better or worse. I'm not you.,
190、INT. BALLROOM - NIGHT,doc_189_chunk_5,"It's...no big thing, really...it's just...five words, it's...",
184、INT. JACKIE'S BEDROOM,doc_183_chunk_1,"You know, there's nothing you have to say. Because they know your heart. You don't have t...","Scene or location not specified: Rachel speaks to Jackie, who is preparing to talk to her children, about not feeling pressured to say anything."
18、INT. JACKIE'S KITCHEN - MORNING,doc_17_chunk_7,You're damn right. I'm gonna sick of your imperious bullshit. I never said I was Betty Fucking Crocker. If every time life hits her in the face you want to have a 12 hour talk every third Friday or the month -- go ahead! I have a life!,
18、INT. JACKIE'S KITCHEN - MORNING,doc_17_chunk_7,"Maybe the problem is your kids. Maybe they're spoiled, coddled brats!",
189、INT. FUNERAL PARLOR,doc_188_chunk_0,"See, I told you I'd do this. Only...",
189、INT. FUNERAL PARLOR,doc_188_chunk_0,Only. Now I don't know what to say.,
2、INT. BEN'S ROOM - EARLY MORNING,doc_1_chunk_2,You might think this is funny but this is actually NOT funny.,
180、EXT. JACKIE'S YARD - DAY,doc_179_chunk_1,Are we.,Scene or location not specified: Rachel speaks to Jackie during a tense confrontation.
180、EXT. JACKIE'S YARD - DAY,doc_179_chunk_1,Don't be too sure.,Scene or location not specified: Rachel speaks to Jackie during a tense confrontation.
180、EXT. JACKIE'S YARD - DAY,doc_179_chunk_1,"It doesn't matter, I didn't tell h...",Scene or location not specified: Rachel speaks to Jackie during a tense confrontation about a topic involving others possibly revealing information.
180、EXT. JACKIE'S YARD - DAY,doc_179_chunk_1,Give 'em my number.,"Scene or location not specified: Rachel speaks to Jackie during a tense confrontation, suggesting others contact her directly."
182、INT. BAR - NIGHT,doc_181_chunk_4,"Well, it's the Jack Kennedy Syndrome, huh? You die young, you always look
golden. Perfect. The memory kind of
burnishes the image, and...","Scene in which Rachel and Jackie are discussing perceptions of people who died young, shortly after a waitress leaves with their order."
182、INT. BAR - NIGHT,doc_181_chunk_4,Maybe I was wrong on that one.,"Scene in which Rachel reflects on a past judgment about Jackie's behavior, spoken in a moment of sincerity."
19、INT. YMCA KITCHEN - DAY,doc_18_chunk_1,She said no.,
19、INT. YMCA KITCHEN - DAY,doc_18_chunk_1,"The editing machine. I mean,
Annabelle would have
really
loved it.",
189、INT. FUNERAL PARLOR,doc_188_chunk_3,"Know what? I forgive me, too. See? You're the magician. A murmur...",
189、INT. FUNERAL PARLOR,doc_188_chunk_3,"Don't worry, partner, I've got your back. We're covered.",
185、INT. LIVING ROOM - MOMENTS LATER,doc_184_chunk_1,You can do this.,"At the door, Rachel is speaking to a girl, offering encouragement as they prepare to leave or enter a room."
185、INT. LIVING ROOM - MOMENTS LATER,doc_184_chunk_1,You can do anything.,"Continuing the moment at the door, Rachel speaks again to the same girl, reinforcing her encouragement."
178、EXT. COURTHOUSE STEPS - TWILIGHT,doc_177_chunk_8,"How about the promises we make to our kids? About their future. Do we shrug those off, just that easily?",
178、EXT. COURTHOUSE STEPS - TWILIGHT,doc_177_chunk_8,Maybe Annabelle deserves to find out who really broke up her family. While her mom is still around.,
178、EXT. COURTHOUSE STEPS - TWILIGHT,doc_177_chunk_8,Hey. Just a thought.,
178、EXT. COURTHOUSE STEPS - TWILIGHT,doc_177_chunk_8,You got one less for dinner.,
178、EXT. COURTHOUSE STEPS - TWILIGHT,doc_177_chunk_8,I'm gonna get me a drink.,"Character speaks to Luke, indicating she is leaving."
178、EXT. COURTHOUSE STEPS - TWILIGHT,doc_177_chunk_8,And I'm gonna drink it alone.,"Character speaks to Luke, indicating she is leaving."
23、EXT. JACKIE'S HOUSE - DAY,doc_22_chunk_3,Yeh?,Rachel speaks on the phone with Jackie after receiving the phone from someone else; the conversation appears tense and brief.
184、INT. JACKIE'S BEDROOM,doc_183_chunk_0,"Hey, gorgeous. Time for the presents?","Scene: At Jackie's death bed, Rachel speaks to Jackie about giving presents."
184、INT. JACKIE'S BEDROOM,doc_183_chunk_0,"Now Edna says you short-changed your last meds. You can do presents and be comfortable at the same time, y'know.","Scene: At Jackie's death bed, Rachel speaks to Jackie about her medication and comfort."
182、INT. BAR - NIGHT,doc_181_chunk_5,"Look, when I said I couldn't channel you. That didn't mean I wouldn't give my right arm to do just that.","Scene: In a public place, Rachel speaks to Jackie about her inability to channel her and her deep regret."
182、INT. BAR - NIGHT,doc_181_chunk_5,Maybe I don't want to be looking over my shoulder. Every day for twenty years. Knowing someone else would have done it right. The way I can't.,"Scene: In a public place, Rachel speaks to Jackie about her fears and feelings of inadequacy over past decisions."
29、INT. AUDITORIUM - THAT EVENING,doc_28_chunk_1,No I did -- I know I did -- I screwed up. I feel like such an asshole...,
22、INT. SCHOOL HALLWAY,doc_21_chunk_0,"Look, I...","Scene unspecified: Rachel speaks to Jackie, Luke, and Annabelle, who are confronting her; topic involves a child's broken heart and a prior incident with a message."
30、EXT. AUDITORIUM FOYER - NIGHT,doc_29_chunk_3,Why are you taking this out on him?,
182、INT. BAR - NIGHT,doc_181_chunk_9,Everything. You're...the Earth Mother incarnate...,"Scene where Rachel speaks to Jackie, discussing their contrasting roles and qualities."
182、INT. BAR - NIGHT,doc_181_chunk_9,You ride with Annabelle...,"Scene where Rachel speaks to Jackie, discussing their contrasting roles and qualities."
182、INT. BAR - NIGHT,doc_181_chunk_9,"You know every story, every wound, every memory, their whole life's happiness has been wrapped up in you, every moment...","Scene where Rachel speaks to Jackie, discussing their contrasting roles and qualities."
30、EXT. AUDITORIUM FOYER - NIGHT,doc_29_chunk_4,You haven't done one goddam thing to make any of this easier...,
2、INT. BEN'S ROOM - EARLY MORNING,doc_1_chunk_1,Don't make me say three I'm about to say three.,
2、INT. BEN'S ROOM - EARLY MORNING,doc_1_chunk_1,Three!,
2、INT. BEN'S ROOM - EARLY MORNING,doc_1_chunk_1,Ben I'm not kidding around. You make yourself appear this instant!,
24、EXT. CENTRAL PARK CASTLE - DAY,doc_23_chunk_3,Lunch time Sleeping Beauty. Where's Ben? Is he in the bathroom?,"Scene: Rachel stands over Annabelle, who is asleep on a bench; Rachel speaks to Annabelle, asking about Ben."
30、EXT. AUDITORIUM FOYER - NIGHT,doc_29_chunk_5,"Well, maybe they would if they thought
it was okay, with y...",
26、INT. CASTLE TOWER - MOMENTS LATER,doc_25_chunk_0,Ben! Ben we're here! BEN!,"Castle stairs, tower scene: Rachel is calling out for Ben while with Annabelle; she is speaking into the tower, mistaking George for someone else."
190、INT. BALLROOM - NIGHT,doc_189_chunk_4,"Now, if it's too raunchy, we may have to excuse the kids...","Scene where Rachel is about to open an envelope, speaking to a group of people, possibly during a public or family event."
190、INT. BALLROOM - NIGHT,doc_189_chunk_4,You promised.,"Scene where Rachel reads a card and reacts emotionally, mouthing the words to herself while others are present and reacting loudly."
25、EXT. PARK MEN'S ROOM,doc_24_chunk_0,He's not kidnapped he's -- he's just hiding -- he's just -- BENNNN? GODDAMMIT!,Scene with Annabelle by a line of empty urinals; Rachel is searching for someone named Ben and becomes panicked.
19、INT. YMCA KITCHEN - DAY,doc_18_chunk_3,"Hey, I sold my body to Satan to clear Friday at two o'clock...",
19、INT. YMCA KITCHEN - DAY,doc_18_chunk_3,Our weekend. At that sweet little B & B.,
19、INT. YMCA KITCHEN - DAY,doc_18_chunk_3,"No, this is good. Celibacy is healthy. For a guy your age. You'll get used to it.",
190、INT. BALLROOM - NIGHT,doc_189_chunk_2,"I've never been to
a funeral. I'm not sure I'll know
how to act...",
190、INT. BALLROOM - NIGHT,doc_189_chunk_2,"...but I'll prob'ly sneak into
where you are. Just before it's
over...",
190、INT. BALLROOM - NIGHT,doc_189_chunk_2,"...say something. Just to you.
Get the last word in, when you
can't talk back.",
3、INT. HALLWAY - EARLY MORNING,doc_2_chunk_0,ANNABELLE! WAKE UP!,"Scene: Outside Annabelle's bedroom, early morning; Rachel is yelling at her daughter Annabelle to wake up."
29、INT. AUDITORIUM - THAT EVENING,doc_28_chunk_0,Jackie? I am so sorry about today I really fucked up royalty. When you called Luke I was so goddamn relieved --,"Harvest Pageant, at an elementary school; Rachel speaks to Jackie with Luke present, apologizing for her actions and expressing relief that Luke was called."
189、INT. FUNERAL PARLOR,doc_188_chunk_1,"You'd have written it down, so you wouldn't blow it.",
189、INT. FUNERAL PARLOR,doc_188_chunk_1,Maybe we should change places.,
189、INT. FUNERAL PARLOR,doc_188_chunk_1,"Well. We were less than friends, I guess. And more. More.",
189、INT. FUNERAL PARLOR,doc_188_chunk_1,"We were never...girlfriends, we never dished. That wasn't. What we had. No apology there. It's just the truth.",
30、EXT. AUDITORIUM FOYER - NIGHT,doc_29_chunk_0,I'm sorry I didn't mean to break your concentration. I thought it would be a nice moment to rememb...,"Scene: At an event where Annabelle is upset, Rachel approaches with Luke; Rachel speaks to Jackie and Annabelle, apologizing for interrupting."
190、INT. BALLROOM - NIGHT,doc_189_chunk_3,"So she says, 'No way.' Holds up the envelope. Holds it tight. She wrote this. She sealed it up, I didn't see it. She made me promise to read it. At the wedding. And slowly, Luke begins to CLAP. And others join. And when it stops... I told her she'd better make it dirty, or make it funny. Because... no way... on my wedding... No way in hell.",
190、INT. BALLROOM - NIGHT,doc_189_chunk_3,"She says, 'It's a deal'.",
38、INT. RACHEL'S DARKROOM - MORNING,doc_37_chunk_3,"I'm already on thin ice. Yesterday, I actually thought my boss was going to fire me.",
189、INT. FUNERAL PARLOR,doc_188_chunk_2,"We had some battles, man, they were...world class, huh? (beat) And I don't regret a one of them.",
189、INT. FUNERAL PARLOR,doc_188_chunk_2,I miss them.,
189、INT. FUNERAL PARLOR,doc_188_chunk_2,"We've got our secrets, we have. And I'll keep 'em if you will.",
189、INT. FUNERAL PARLOR,doc_188_chunk_2,"But I wish we had one more night. In that little bar, remember? Remember that toast? Sure, you do.",
34、INT. RACHEL'S STUDIO - AFTERNOON,doc_33_chunk_0,"...no, no, that is not possible. You must have the wrong little gir...","Scene: Rachel is sitting on a bare floor surrounded by proofs of flying canaries, speaking on a cell phone while sorting through prints."
4、INT. SUBURBAN EXTREMELY WELL-STOCKED KITCHEN - EARLY MORNING,doc_3_chunk_0,Here.,"In the kitchen, Rachel hands an apple to Annabelle after attempting to give her toast with regular butter; Annabelle had expressed her preference for apple butter."
190、INT. BALLROOM - NIGHT,doc_189_chunk_1,"Now I know the tradition, so this isn't a toast. At least... not for me.",
190、INT. BALLROOM - NIGHT,doc_189_chunk_1,"The guest list is 114. But we all know there's one more here, tonight. Because...",
190、INT. BALLROOM - NIGHT,doc_189_chunk_1,...my two sidekicks there always bring her along. Wherever they go. Right? Right.,
190、INT. BALLROOM - NIGHT,doc_189_chunk_1,"So Jackie and I were sitting around. On New Year's Eve. And she said, 'You're not gonna talk",
19、INT. YMCA KITCHEN - DAY,doc_18_chunk_2,"It would have been great for us, so obviously, Jackie just... Eyes down. Choosing her words.",
19、INT. YMCA KITCHEN - DAY,doc_18_chunk_2,She's really a difficult person...,
19、INT. YMCA KITCHEN - DAY,doc_18_chunk_2,Best thing ever happened to you was her throwing you out on your butt.,
19、INT. YMCA KITCHEN - DAY,doc_18_chunk_2,Not that I have a personal stake in it.,
19、INT. YMCA KITCHEN - DAY,doc_18_chunk_2,Annabelle's video report has been switched again.,
4、INT. SUBURBAN EXTREMELY WELL-STOCKED KITCHEN - EARLY MORNING,doc_3_chunk_3,Then have a donut --,
4、INT. SUBURBAN EXTREMELY WELL-STOCKED KITCHEN - EARLY MORNING,doc_3_chunk_3,Alright starve.,
49、INT. BEN'S ROOM - LATE NIGHT,doc_48_chunk_1,A night. Of learning.,
34、INT. RACHEL'S STUDIO - AFTERNOON,doc_33_chunk_1,"because Annabelle's mother never forgets, is never late, is never imperfect. So that's some other kid sitting on the curb by the car pool li... Listen.",
34、INT. RACHEL'S STUDIO - AFTERNOON,doc_33_chunk_1,Sure. I was just doin' my nails.,
36、INT. PRINCIPAL'S OFFICE - AFTERNOON,doc_35_chunk_1,Tell ya the truth? I did.,
36、INT. PRINCIPAL'S OFFICE - AFTERNOON,doc_35_chunk_1,"Your mom had to...help a friend with this...emergency? And she called me. And we switched days. Then, I got stuck on my shoot, and...",
38、INT. RACHEL'S DARKROOM - MORNING,doc_37_chunk_4,Why not just bring the whole toilet?,
38、INT. RACHEL'S DARKROOM - MORNING,doc_37_chunk_4,Not personally.,
38、INT. RACHEL'S DARKROOM - MORNING,doc_37_chunk_4,Thank you.,
38、INT. RACHEL'S DARKROOM - MORNING,doc_37_chunk_1,I didn't do it for you. Believe me.,
38、INT. RACHEL'S DARKROOM - MORNING,doc_37_chunk_1,She already hates me. You've seen to that.,
38、INT. RACHEL'S DARKROOM - MORNING,doc_37_chunk_1,I need practice.,
48、INT. RACHEL'S AND LUKE'S BEDROOM - LATE AFTERNOON,doc_47_chunk_2,But I'm not anymore.,
48、INT. RACHEL'S AND LUKE'S BEDROOM - LATE AFTERNOON,doc_47_chunk_2,I'll get this.,
2、INT. BEN'S ROOM - EARLY MORNING,doc_1_chunk_0,Ben! You overslept again damn it!,"Scene: In Ben's bedroom, Rachel is urging Ben to wake up and get ready, expressing frustration about his tardiness."
2、INT. BEN'S ROOM - EARLY MORNING,doc_1_chunk_0,Get Up Get Up Get Up!,"Scene: In Ben's bedroom, Rachel continues trying to wake Ben, who is still under the covers."
2、INT. BEN'S ROOM - EARLY MORNING,doc_1_chunk_0,"Ben you're late. I'm serious. I'm
wearing a very serious face. Don't
make me start counting ONE...","Scene: In Ben's bedroom, Rachel warns Ben he is running late and threatens to count, emphasizing her seriousness."
51、EXT. JACKIE'S HOUSE - DAY,doc_50_chunk_0,"Uh. Put that away, hon, your mom w...",Scene at Jackie's door: Rachel is dropping off Annabelle and speaks to her before being interrupted by the door opening.
36、INT. PRINCIPAL'S OFFICE - AFTERNOON,doc_35_chunk_0,"Hey, sea salt and vinegar, I know this is your fave.","Scene: Rachel offers chips to Annabelle, trying to comfort her; Annabelle is upset and refusing to eat."
36、INT. PRINCIPAL'S OFFICE - AFTERNOON,doc_35_chunk_0,"C'mon, these are the Bomb, I prom...",Scene: Rachel continues trying to coax Annabelle to eat the chips; Annabelle remains distressed.
51、EXT. JACKIE'S HOUSE - DAY,doc_50_chunk_5,The greatest.,"Scene in a doorway; Rachel responds to Annabelle's question about her mom, sharing a moment with her."
51、EXT. JACKIE'S HOUSE - DAY,doc_50_chunk_1,"Sorry I'm late, I got lost dropping Ben off at Kevin's.",
51、EXT. JACKIE'S HOUSE - DAY,doc_50_chunk_1,"See, I...",
38、INT. RACHEL'S DARKROOM - MORNING,doc_37_chunk_2,I did it for her. Straight to her eyes. Poor kid has to believe in someone. Even if it's you.,
38、INT. RACHEL'S DARKROOM - MORNING,doc_37_chunk_2,What? And have Federal agents jump out of the bushes with court orders? How many years do you get in this state for giving second-rate care to minors?,
24、EXT. CENTRAL PARK CASTLE - DAY,doc_23_chunk_1,The timing was off -- I need this light.,Scene unspecified: Rachel speaks to Cooper about technical timing and lighting during a work session.
24、EXT. CENTRAL PARK CASTLE - DAY,doc_23_chunk_1,Hold lunch!,"Scene unspecified: Rachel addresses everyone, instructing them to delay lunch while she continues working."
24、EXT. CENTRAL PARK CASTLE - DAY,doc_23_chunk_1,It's only one o'clock...Why don't you get another Fudgesicle -- I'll be done soon -- really soon.,"Scene unspecified: Rachel responds to Annabelle's complaint about being hungry and needing to pick up a costume, reassuring her that she will finish work soon."
4、INT. SUBURBAN EXTREMELY WELL-STOCKED KITCHEN - EARLY MORNING,doc_3_chunk_1,I'm almost done making it.,
4、INT. SUBURBAN EXTREMELY WELL-STOCKED KITCHEN - EARLY MORNING,doc_3_chunk_1,"Alright Ben -- you you deal with the tardy, you write yourself a note, your daddy told you he had an important case this morning and he had to leave early and we were AAAAGGGGHHHH!",
53、INT. LUKE AND RACHEL'S BEDROOM CLOSET - NIGHT,doc_52_chunk_2,What the fuck is that?,
53、INT. LUKE AND RACHEL'S BEDROOM CLOSET - NIGHT,doc_52_chunk_2,"a
tattoo
?",
51、EXT. JACKIE'S HOUSE - DAY,doc_50_chunk_3,"I'm sorry, I just...",
51、EXT. JACKIE'S HOUSE - DAY,doc_50_chunk_3,"No way. I told her two, three years, maybe, for such an expens...",
20、INT. JACKIE'S KITCHEN - DAY,doc_19_chunk_0,"Hi, it's the trophy bimbo. Annabelle's teacher called, and her video report is being moved up to 8:30 tomorrow. Sorry to deprive your step aerobics class of their role model.",Phone message left for Ben; Rachel informs him about a change in Annabelle's school schedule and makes a sarcastic comment about his step aerobics class.
20、INT. JACKIE'S KITCHEN - DAY,doc_19_chunk_0,"Anyway. I'm sorry I lost my temper the other day. And I'm sure you are, too, so...",Phone message continued; Rachel attempts to reconcile after an argument with Ben.
20、INT. JACKIE'S KITCHEN - DAY,doc_19_chunk_0,"...no, apology necessa...",Phone message interrupted; Rachel starts to say 'no apology necessary' but is cut off.
57、EXT. SOCCER FIELD - 3 O'CLOCK PRACTICE,doc_56_chunk_5,"Sure, if you like.","Scene with Jackie at a location near bleachers and a playground; Rachel agrees to keep a secret, speaking softly to Jackie."
59、EXT. A PERFECTLY MANICURED TWO STORY HOME - DAY,doc_58_chunk_5,"Breaks out the geiger counter, the man is radio-active!",
57、EXT. SOCCER FIELD - 3 O'CLOCK PRACTICE,doc_56_chunk_4,"Hey, any help you need, we'll cover.",
57、EXT. SOCCER FIELD - 3 O'CLOCK PRACTICE,doc_56_chunk_4,Uh. Have you told Luke and the ki...,
60、EXT. STACY'S YARD - LATER,doc_59_chunk_0,"just that her daughter left a science book somewhere at her house, and I need t...",
38、INT. RACHEL'S DARKROOM - MORNING,doc_37_chunk_0,Hold on! Don't let the light... in.,"Scene: Interior, dark room with a pool of water; Rachel speaks to an unseen presence as Jackie enters."
38、INT. RACHEL'S DARKROOM - MORNING,doc_37_chunk_0,I don't recall inviting you.,"Scene: Interior, after Jackie enters; Rachel speaks to Jackie in response to her uninvited arrival."
38、INT. RACHEL'S DARKROOM - MORNING,doc_37_chunk_0,I have a snoop.,"Scene: Interior, tense confrontation; Rachel speaks to Jackie after being confronted about a lie."
58、INT. EMERGENCY ROOM - DAY,doc_57_chunk_2,"Well, that's a long way off, sweetie. We'll talk to Mom and Dad...","Scene context not specified: Rachel speaks to Ben about a Christmas gift, suggesting they discuss it with their parents."
62、INT. JACKIE'S KITCHEN - NIGHT,doc_61_chunk_12,This is very good tea!,
62、INT. JACKIE'S KITCHEN - NIGHT,doc_61_chunk_11,"Okay, I'm undeserving.",
48、INT. RACHEL'S AND LUKE'S BEDROOM - LATE AFTERNOON,doc_47_chunk_1,Everything's gonna work out. The kids and I...we're going to love each other.,
48、INT. RACHEL'S AND LUKE'S BEDROOM - LATE AFTERNOON,doc_47_chunk_1,"What's eight, ten years? Hell, you'll still be ambulatory. I think.",
48、INT. RACHEL'S AND LUKE'S BEDROOM - LATE AFTERNOON,doc_47_chunk_1,"It's inevitable. Look, I was defensive, I was insecure. I was afraid to love first.",
4、INT. SUBURBAN EXTREMELY WELL-STOCKED KITCHEN - EARLY MORNING,doc_3_chunk_5,Absolutely Duncan I'm on top of everything.,
4、INT. SUBURBAN EXTREMELY WELL-STOCKED KITCHEN - EARLY MORNING,doc_3_chunk_5,EGGzactly.,"Scene: In a kitchen, Rachel hands an empty egg carton to Annabelle after breaking the eggs on the floor."
4、INT. SUBURBAN EXTREMELY WELL-STOCKED KITCHEN - EARLY MORNING,doc_3_chunk_5,"I'm putting on my coat -- (she hangs up, panicked) We are late. We are seriously late. Which means Mister Ben we've got to get you dressed --",
60、EXT. STACY'S YARD - LATER,doc_59_chunk_1,"Well, she's been meeting with the head editor for the last few w...","Scene: In an office at Random House, Rachel is speaking with the Senior Editor about Ms. Harrison."
4、INT. SUBURBAN EXTREMELY WELL-STOCKED KITCHEN - EARLY MORNING,doc_3_chunk_2,Oh my God. That is so not funny. You're late. You're really late. Now get out here and have some cereal.,"Scene: In a kitchen, Rachel speaks to Ben about being late and eating cereal."
4、INT. SUBURBAN EXTREMELY WELL-STOCKED KITCHEN - EARLY MORNING,doc_3_chunk_2,Fine! Eat in the cupboard.,"Scene: In a kitchen, Rachel speaks to Ben after preparing his cereal."
4、INT. SUBURBAN EXTREMELY WELL-STOCKED KITCHEN - EARLY MORNING,doc_3_chunk_2,Fine.,"Scene: In a kitchen, Rachel responds to Ben's cereal preference request."
59、EXT. A PERFECTLY MANICURED TWO STORY HOME - DAY,doc_58_chunk_3,Duncan I'm aware of that - Goddamn it Ben! Let go of it. NOW!,"Scene: At a child's birthday party, Rachel is on the phone with Duncan while dealing with her son Ben causing a disturbance; she speaks to both Duncan and Ben."
62、INT. JACKIE'S KITCHEN - NIGHT,doc_61_chunk_10,"And cigarettes. I smoke, too.",
62、INT. JACKIE'S KITCHEN - NIGHT,doc_61_chunk_10,"See, I know that.",
57、EXT. SOCCER FIELD - 3 O'CLOCK PRACTICE,doc_56_chunk_2,What about obsessively picking her split ends?,
57、EXT. SOCCER FIELD - 3 O'CLOCK PRACTICE,doc_56_chunk_2,Last week when she chopped her Barbie's bangs all to hell --,
57、EXT. SOCCER FIELD - 3 O'CLOCK PRACTICE,doc_56_chunk_2,Jackie?,
57、EXT. SOCCER FIELD - 3 O'CLOCK PRACTICE,doc_56_chunk_2,When I twisted hair like this it means I'm intimidated by you...,
57、EXT. SOCCER FIELD - 3 O'CLOCK PRACTICE,doc_56_chunk_3,You feeling all right?,"Scene: Rachel speaks to Jackie, who is not feeling well and has things on her mind."
57、EXT. SOCCER FIELD - 3 O'CLOCK PRACTICE,doc_56_chunk_3,Are you...seeing someone?,"Scene: Rachel speaks to Jackie, blurting out a personal question."
57、EXT. SOCCER FIELD - 3 O'CLOCK PRACTICE,doc_56_chunk_3,Wowie. How wonderful!,Scene: Rachel reacts to Jackie's news about considering returning to Random House.
62、INT. JACKIE'S KITCHEN - NIGHT,doc_61_chunk_6,"There's so many publishing houses in New York. Surely, you could find a good one?","Scene: In a private conversation, Rachel speaks with Jackie, expressing hope that Jackie could find a good publishing house in New York."
59、EXT. A PERFECTLY MANICURED TWO STORY HOME - DAY,doc_58_chunk_2,Hey Cooper...pull a number 64 steel blue gel on the back light...yeahI'm on my way but...,
59、EXT. A PERFECTLY MANICURED TWO STORY HOME - DAY,doc_58_chunk_2,Hey Benjy boy -- chill.,
59、EXT. A PERFECTLY MANICURED TWO STORY HOME - DAY,doc_58_chunk_2,He's there already? No I don't want to talk to him -- Duncan? How are you...,
60、EXT. STACY'S YARD - LATER,doc_59_chunk_2,"Actually, she's going back to work with your company on a part-time basis.",Scene involving a conversation with the Senior Editor about Jackie Harrison returning to work; setting and specific location not specified.
60、EXT. STACY'S YARD - LATER,doc_59_chunk_2,Thank you for your time.,Scene involving a conversation with the Senior Editor; setting and specific location not specified.
59、EXT. A PERFECTLY MANICURED TWO STORY HOME - DAY,doc_58_chunk_6,"Get overit, Dunc... whoa, whoa, Annab",
59、EXT. A PERFECTLY MANICURED TWO STORY HOME - DAY,doc_58_chunk_6,"Could it be, maybe... anywhere else? Like... another galaxy would be more convenient.",
59、EXT. A PERFECTLY MANICURED TWO STORY HOME - DAY,doc_58_chunk_6,"Okay, don't cry. Flunking science is not happening. On my watch.",
62、INT. JACKIE'S KITCHEN - NIGHT,doc_61_chunk_3,And I know checking into your life was inexcusable...,
62、INT. JACKIE'S KITCHEN - NIGHT,doc_61_chunk_3,But I came here to...,
62、INT. JACKIE'S KITCHEN - NIGHT,doc_61_chunk_3,...to beg you. Not to do it.,
59、EXT. A PERFECTLY MANICURED TWO STORY HOME - DAY,doc_58_chunk_4,Ben I'm sorry. It's been a hard day. Now would you do us both a favor and take this phone and...,"In a room after Ben throws a toy and Duncan screams from a phone call; Rachel speaks to Ben, asking him to take the phone."
59、EXT. A PERFECTLY MANICURED TWO STORY HOME - DAY,doc_58_chunk_4,...make it disappear.,"Immediately after handing the phone to Ben; Rachel speaks to Ben, instructing him to dispose of the phone."
62、INT. JACKIE'S KITCHEN - NIGHT,doc_61_chunk_2,"You're not working at Random House, I talked to them.",
62、INT. JACKIE'S KITCHEN - NIGHT,doc_61_chunk_2,You're taking the kids. And moving to San Francisco.,
62、INT. JACKIE'S KITCHEN - NIGHT,doc_61_chunk_2,"Look, you've never liked me...",
62、INT. JACKIE'S KITCHEN - NIGHT,doc_61_chunk_5,"it's my problem, too.",
62、INT. JACKIE'S KITCHEN - NIGHT,doc_61_chunk_5,I got used to...thinking of them. As...my kids too.,
62、INT. JACKIE'S KITCHEN - NIGHT,doc_61_chunk_5,No right at all. I just love them.,
3、INT. HALLWAY - EARLY MORNING,doc_2_chunk_1,"I didn't forget. I was up all night
thinking about it and I concluded you're
too special to look like everyone else.","Scene: At home, Rachel speaks to her child about the purple shirt and explains why it wasn't washed, introducing the idea of individuality."
3、INT. HALLWAY - EARLY MORNING,doc_2_chunk_1,"Orange Red. That's your color. Few
can carry it off. Now please. Help
me find your brother.","Scene: At home, Rachel hands over an orangey red tee shirt and asks her child to help find her brother."
3、INT. HALLWAY - EARLY MORNING,doc_2_chunk_1,"Of course not. Does he look lost to
you?","Scene: At home, Rachel responds to Annabelle's question about whether Ben is lost."
3、INT. HALLWAY - EARLY MORNING,doc_2_chunk_1,BENNNNN!!!,"Scene: At home, Rachel shouts for her brother Ben."
49、INT. BEN'S ROOM - LATE NIGHT,doc_48_chunk_0,How could I be? We learned some magic...,"Scene: In Ben's room, Rachel speaks to Ben while picking up stray underpants and approaching his bed."
49、INT. BEN'S ROOM - LATE NIGHT,doc_48_chunk_0,I made all the pieces disappear. Oh.,"Scene: In Ben's room, Rachel speaks to Ben as she sits down on his bed."
49、INT. BEN'S ROOM - LATE NIGHT,doc_48_chunk_0,And you learned...,"Scene: In Ben's room, Rachel speaks to Ben before kissing his forehead."
49、INT. BEN'S ROOM - LATE NIGHT,doc_48_chunk_0,"...to make that trick disappear, huh?","Scene: In Ben's room, Rachel speaks to Ben after kissing his forehead."
62、INT. JACKIE'S KITCHEN - NIGHT,doc_61_chunk_4,You can't take Luke's children away from him.,
62、INT. JACKIE'S KITCHEN - NIGHT,doc_61_chunk_4,We can't live like that. And Jackie straightens. Cocks her head.,
62、INT. JACKIE'S KITCHEN - NIGHT,doc_61_chunk_4,Luke. Can't live like that.,
48、INT. RACHEL'S AND LUKE'S BEDROOM - LATE AFTERNOON,doc_47_chunk_0,Oh my God. Are you serious?,"Scene: Rachel wakes up to find an antique ring on her finger; she is speaking with Luke, who has just proposed."
48、INT. RACHEL'S AND LUKE'S BEDROOM - LATE AFTERNOON,doc_47_chunk_0,I think so too...,"Scene: Rachel responds to Luke's proposal, embracing him."
48、INT. RACHEL'S AND LUKE'S BEDROOM - LATE AFTERNOON,doc_47_chunk_0,Okay...Is that the good thing or the bad thing?,Scene: Rachel speaks with Luke after he says the commitment is forever; she is trying to understand his meaning.
48、INT. RACHEL'S AND LUKE'S BEDROOM - LATE AFTERNOON,doc_47_chunk_0,How did you,"Scene: Rachel is speaking to Luke, likely asking how he proposed or planned the moment; dialogue is cut off."
76、INT. LUKE AND RACHEL'S DEN - NIGHT,doc_75_chunk_1,No problem.,
75、INT. JACKIE'S FRONT DOOR - DUSK,doc_74_chunk_4,Bad day?,"Scene: In a bedroom, Rachel speaks to Jackie, who appears unwell and is standing by her open chest of drawers."
66、INT. LUKE AND RACHEL'S BEDROOM - NIGHT,doc_65_chunk_0,It's no biggie.,
66、INT. LUKE AND RACHEL'S BEDROOM - NIGHT,doc_65_chunk_0,It's just an assignment.,
66、INT. LUKE AND RACHEL'S BEDROOM - NIGHT,doc_65_chunk_0,Are you hungry? You could make us something?,
75、INT. JACKIE'S FRONT DOOR - DUSK,doc_74_chunk_3,"It's gonna be cool, huh? Bulky sweaters. Wool things.","Jackie's bedroom, Rachel observes items laid out by Jackie next to an open suitcase."
62、INT. JACKIE'S KITCHEN - NIGHT,doc_61_chunk_1,I know your secret.,"Scene: Jackie's home, Rachel confronts Jackie about a hidden secret after discovering tickets and a note."
62、INT. JACKIE'S KITCHEN - NIGHT,doc_61_chunk_1,"I was looking for Annabelle's book, and I found your tickets. And the note. From your new boss. My what?","Scene: Jackie's home, Rachel confronts Jackie about the discovered evidence related to her secret."
69、INT. ELEMENTARY SCHOOL COMMON ROOM - NIGHT,doc_68_chunk_2,"As you may know, 'going out' in the six grade doesn't mean shit. They don't actually go to a movie or anywhere, they don't even eat lunch together, it's just a declaration to the world that they're...",
75、INT. JACKIE'S FRONT DOOR - DUSK,doc_74_chunk_7,Brad Kovitsky.,"Rachel is with Jackie, who is sitting on the floor; Rachel hands her a pack and matches, and responds to Jackie's request for pot."
76、INT. LUKE AND RACHEL'S DEN - NIGHT,doc_75_chunk_6,I'll get Ben.,
69、INT. ELEMENTARY SCHOOL COMMON ROOM - NIGHT,doc_68_chunk_4,"Doesn't begin to describe it. I mean, you've got cancer, this is serious.",
69、INT. ELEMENTARY SCHOOL COMMON ROOM - NIGHT,doc_68_chunk_4,"She spent an hour in the girls' bathroom, crying with eight of her closest friends, who are sending the message to every boy in the grade that Brad",
4、INT. SUBURBAN EXTREMELY WELL-STOCKED KITCHEN - EARLY MORNING,doc_3_chunk_4,He's badgering a witness. Eat.,Scene context not specified: Rachel speaks to Ben about her husband's work and tells him to eat.
4、INT. SUBURBAN EXTREMELY WELL-STOCKED KITCHEN - EARLY MORNING,doc_3_chunk_4,Hello?...Duncan...The Ad Agency's already there?...I'm out the door...,"Scene context not specified: Rachel speaks on the phone with Duncan, learning about the Ad Agency and preparing to leave."
4、INT. SUBURBAN EXTREMELY WELL-STOCKED KITCHEN - EARLY MORNING,doc_3_chunk_4,It's gonna go beautifully...,"Scene context not specified: Rachel speaks into the phone, reassuring someone during a chaotic moment with Ben."
4、INT. SUBURBAN EXTREMELY WELL-STOCKED KITCHEN - EARLY MORNING,doc_3_chunk_4,Ben! Knock it off!,Scene context not specified: Rachel reacts to Ben throwing a fruit loop at her.
4、INT. SUBURBAN EXTREMELY WELL-STOCKED KITCHEN - EARLY MORNING,doc_3_chunk_4,Damn it Ben --,Scene context not specified: Rachel reacts to Ben throwing another fruit loop at her.
62、INT. JACKIE'S KITCHEN - NIGHT,doc_61_chunk_8,You're not dying.,Scene with Jackie; Rachel pleads with Jackie who is discussing her cancer.
62、INT. JACKIE'S KITCHEN - NIGHT,doc_61_chunk_8,You bet you are.,Scene with Jackie; Rachel responds to Jackie's claim about beating cancer.
62、INT. JACKIE'S KITCHEN - NIGHT,doc_61_chunk_8,"I don't, but...",Scene with Jackie; Rachel hesitates while responding to Jackie's question about knowing things.
61、EXT. JACKIE'S HOUSE - DAY,doc_60_chunk_0,What the hell.,"Scene: At Jackie's front door, Rachel is alone, holding a key and contemplating whether to enter the house."
61、EXT. JACKIE'S HOUSE - DAY,doc_60_chunk_0,"Now, if I were a science book, where would I...","Scene: Inside Jackie's home, Rachel is searching through the house, specifically looking for a science book."
61、EXT. JACKIE'S HOUSE - DAY,doc_60_chunk_0,Who am I kidding.,"Scene: At the doorway of the master bedroom in Jackie's home, Rachel pauses, expressing self-doubt while searching for something."
59、EXT. A PERFECTLY MANICURED TWO STORY HOME - DAY,doc_58_chunk_0,"Hi, I'm here to pick up Ben.","Scene at Stacy's door during a birthday party; Rachel speaks to Stacy, the birthday boy's mom, about picking up her son Ben."
59、EXT. A PERFECTLY MANICURED TWO STORY HOME - DAY,doc_58_chunk_0,No. I'm doing it behind her back.,Scene at Stacy's door during a birthday party; Rachel responds to Stacy's question about whether Jackie knows about the pickup.
59、EXT. A PERFECTLY MANICURED TWO STORY HOME - DAY,doc_58_chunk_0,Something came up. C'mon Ben! I've got a shoot at three...,"Scene at Stacy's door during a birthday party; Rachel speaks to Stacy and then calls out to Ben, explaining why Jackie isn't picking him up."
75、INT. JACKIE'S FRONT DOOR - DUSK,doc_74_chunk_8,I think my 'primo shit' got left in my 'bellbottoms.',
75、INT. JACKIE'S FRONT DOOR - DUSK,doc_74_chunk_8,And you said...,
75、INT. JACKIE'S FRONT DOOR - DUSK,doc_74_chunk_8,Hey. You oughta know.,
76、INT. LUKE AND RACHEL'S DEN - NIGHT,doc_75_chunk_4,Specially not in this family.,
76、INT. LUKE AND RACHEL'S DEN - NIGHT,doc_75_chunk_4,Nine o'clock. That could be your mom from Montreal. Now you need t...,
"79、EXT. CAR POOL LINE, ELEMENTARY SCHOOL - DAY",doc_78_chunk_8,"He'll be impressed. The clincher is, you walk away, then whip",
80、INT. NEWARK AIRPORT - DAY,doc_79_chunk_0,Surprise?,"Scene: Airport arrival area, Rachel speaks to Jackie upon her arrival."
75、INT. JACKIE'S FRONT DOOR - DUSK,doc_74_chunk_2,"Hey, gorgeous, where's Big Mama?",
75、INT. JACKIE'S FRONT DOOR - DUSK,doc_74_chunk_2,She still packing for her trip?,
75、INT. JACKIE'S FRONT DOOR - DUSK,doc_74_chunk_2,And...other things? At school?,
75、INT. JACKIE'S FRONT DOOR - DUSK,doc_74_chunk_2,We'll talk. I'll go check on Mom.,
75、INT. JACKIE'S FRONT DOOR - DUSK,doc_74_chunk_6,So. Hopeful.,"Scene: In a medical or personal setting, Rachel responds to Jackie discussing a new treatment; conversation about health and hope."
75、INT. JACKIE'S FRONT DOOR - DUSK,doc_74_chunk_6,You look sick. But you look... together. Mentally tough.,"Scene: In a medical or personal setting, Rachel comments on Jackie's appearance and mental state during a conversation about her illness."
78、EXT. SUBWAY CAR - DAY,doc_77_chunk_2,Which part of no don't you understand?,
78、EXT. SUBWAY CAR - DAY,doc_77_chunk_2,They're losing one mother. They can't lose two.,
69、INT. ELEMENTARY SCHOOL COMMON ROOM - NIGHT,doc_68_chunk_5,"So here's the point. I pick her up
from soccer, she tells me the whole
mess, and asks me what to do.
How about that?",
69、INT. ELEMENTARY SCHOOL COMMON ROOM - NIGHT,doc_68_chunk_5,Beats me. Ask your mom.,
69、INT. ELEMENTARY SCHOOL COMMON ROOM - NIGHT,doc_68_chunk_5,So she's gonna. Tomorrow.,
69、INT. ELEMENTARY SCHOOL COMMON ROOM - NIGHT,doc_68_chunk_5,Don't fuck this up.,
81、INT. JACKIE'S HOME - DAY,doc_80_chunk_2,"Hon, maybe your mom would like t...",
76、INT. LUKE AND RACHEL'S DEN - NIGHT,doc_75_chunk_3,"I told her if she pulled that , I'd kill myself, and she could go to my funeral for a change! For a change.",
76、INT. LUKE AND RACHEL'S DEN - NIGHT,doc_75_chunk_3,Hey. Hey. I've personally never gone to a funeral. And I'm not starting anytime soon.,
"79、EXT. CAR POOL LINE, ELEMENTARY SCHOOL - DAY",doc_78_chunk_1,"Oh, baby, I'm so sor...",
"79、EXT. CAR POOL LINE, ELEMENTARY SCHOOL - DAY",doc_78_chunk_1,"Ben, go sit in my car right now, and I will bribe you big time.",
76、INT. LUKE AND RACHEL'S DEN - NIGHT,doc_75_chunk_0,"God, sorry I'm so late...","Scene: Inside a room with a window showing cold winter rain; Rachel enters, speaking as she peels off her jacket."
76、INT. LUKE AND RACHEL'S DEN - NIGHT,doc_75_chunk_0,Duncan is doing his Himmler imitation on this gig. I got yelled at for quitting at eight.,Scene: Inside a room with Luke and Ben; Rachel speaks about being yelled at by Duncan after work.
76、INT. LUKE AND RACHEL'S DEN - NIGHT,doc_75_chunk_2,Lemme guess. A bad hair day.,"Scene: In the kitchen, Rachel speaks to Annabelle who is upset about school bullying."
76、INT. LUKE AND RACHEL'S DEN - NIGHT,doc_75_chunk_2,That's so weak.,"Scene: In the kitchen, Rachel responds to Annabelle's recounting of being called 'Frosty, the Snow Bitch' at school."
66、INT. LUKE AND RACHEL'S BEDROOM - NIGHT,doc_65_chunk_1,"It's two solid months, around the clock, Jackie needs some coverage, you're in a trial, what are we talking about? There'll be other assignments.","Scene: At home, Rachel speaks with Luke about work responsibilities and family commitments."
66、INT. LUKE AND RACHEL'S BEDROOM - NIGHT,doc_65_chunk_1,"Great, wallow in guilt, you sure you're not Jewish?","Scene: At home, Rachel responds to Luke's comment about his kids."
66、INT. LUKE AND RACHEL'S BEDROOM - NIGHT,doc_65_chunk_1,I know that.,"Scene: At home, Rachel responds to Luke's statement that 'She's not gonna die.'"
"79、EXT. CAR POOL LINE, ELEMENTARY SCHOOL - DAY",doc_78_chunk_3,"That's because your mother is a fine person, finer than I will never be. Now, just this once... Just this once.",
"79、EXT. CAR POOL LINE, ELEMENTARY SCHOOL - DAY",doc_78_chunk_3,If I tell you what to do. Can we cut a deal?,
77、INT. ANNABELLE'S ROOM - MOMENTS LATER,doc_76_chunk_1,No. I think it's ugly.,
77、INT. ANNABELLE'S ROOM - MOMENTS LATER,doc_76_chunk_1,"June 3rd, God willing, I'll marry your
Dad. And then I
will
be your stepmom.
And right now, I'm not looking forward
to th...",
82、EXT. PARK - DAY,doc_81_chunk_0,Serene. You're getting the hang of it.,"Scene: In a park, Rachel speaks to Jackie while observing children on swings."
69、INT. ELEMENTARY SCHOOL COMMON ROOM - NIGHT,doc_68_chunk_1,Luke's depo ran late. I promised I'd take notes.,
69、INT. ELEMENTARY SCHOOL COMMON ROOM - NIGHT,doc_68_chunk_1,So I have to tell you something in confidence...,
69、INT. ELEMENTARY SCHOOL COMMON ROOM - NIGHT,doc_68_chunk_1,That. And. Annabelle is over her head. With Brad 'The Dreamboat' Kovitsky.,
69、INT. ELEMENTARY SCHOOL COMMON ROOM - NIGHT,doc_68_chunk_1,She was afraid you'd make a big deal out of it.,
69、INT. ELEMENTARY SCHOOL COMMON ROOM - NIGHT,doc_68_chunk_1,Toi. They've been 'going out',
82、EXT. PARK - DAY,doc_81_chunk_4,I just want to spend time with them when I'm not rushing or on the phone or tired or...,
78、EXT. SUBWAY CAR - DAY,doc_77_chunk_3,I. Quit.,
78、EXT. SUBWAY CAR - DAY,doc_77_chunk_3,"No, no, no, this is a job that's hard to keep, not a job that's hard to lose, can't be both.",
78、EXT. SUBWAY CAR - DAY,doc_77_chunk_3,Actually. I just did.,
83、EXT. COURTHOUSE STEPS - TWILIGHT,doc_82_chunk_5,"No, she threw you out. What a difficult woman.",
78、EXT. SUBWAY CAR - DAY,doc_77_chunk_1,I love you guys. You're animals!,
78、EXT. SUBWAY CAR - DAY,doc_77_chunk_1,"It's 1:45, I told you there's no one to pick up Annab...",
78、EXT. SUBWAY CAR - DAY,doc_77_chunk_1,"I've got it. It's in the can, Cooper can wrap th...",
82、EXT. PARK - DAY,doc_81_chunk_8,And her...?,Scene where Rachel is listening to Jackie tell a story about someone's birth; Rachel softly asks a follow-up question without turning.
83、EXT. COURTHOUSE STEPS - TWILIGHT,doc_82_chunk_0,"Hold your applause. We're not having fun, here.","Scene: On stone steps, Rachel speaks to Luke as he approaches her; the conversation begins with a tense tone regarding their meeting."
82、EXT. PARK - DAY,doc_81_chunk_1,No.,Scene: Jackie confronts Rachel about quitting her job; Rachel responds briefly.
82、EXT. PARK - DAY,doc_81_chunk_1,It's just not the right time t...,Scene: Jackie confronts Rachel about quitting her job; Rachel attempts to explain her decision.
82、EXT. PARK - DAY,doc_81_chunk_10,He won't discuss it. Just calls it history.,
82、EXT. PARK - DAY,doc_81_chunk_10,So what's the part he got wrong?,
82、EXT. PARK - DAY,doc_81_chunk_10,I got all day.,
85、EXT. JACKIE'S YARD - DAY,doc_84_chunk_12,We have to deal with that.,
82、EXT. PARK - DAY,doc_81_chunk_2,"It was just a job, there'll be plenty of others.",
82、EXT. PARK - DAY,doc_81_chunk_2,"Hey, you haven't quit on you, I'm sure as hell not gonna. I just mean, I'm juggling a lot right n...",
85、EXT. JACKIE'S YARD - DAY,doc_84_chunk_5,Oh please.,
"79、EXT. CAR POOL LINE, ELEMENTARY SCHOOL - DAY",doc_78_chunk_2,"That's because men can be scum, your precious father excepted, may you live to find one like him, it is damn hard.","Scene unspecified: Rachel speaks to Annabelle, discussing men and father figures."
"79、EXT. CAR POOL LINE, ELEMENTARY SCHOOL - DAY",doc_78_chunk_2,"Now is that little prick still here, because if he is, I'm gonna rip his fucking heart out!","Scene unspecified: Rachel speaks to Annabelle, looking around, asking about someone's presence and expressing anger."
76、INT. LUKE AND RACHEL'S DEN - NIGHT,doc_75_chunk_5,"Yeh, she's...I'll get you Benfirst, it's past his bedti...",
76、INT. LUKE AND RACHEL'S DEN - NIGHT,doc_75_chunk_5,"Can I say one thing? I mean, the last thing I want to do is interfere on the Brad thing, b...",
76、INT. LUKE AND RACHEL'S DEN - NIGHT,doc_75_chunk_5,"Yah? Well, even the best mom in the world, the smartest, the wisest, whatever. Needs to know when to find a Plan B. Cos Plan A is not and will n...",
83、EXT. COURTHOUSE STEPS - TWILIGHT,doc_82_chunk_2,"You took a fishing trip with the boys. Liked it so much, you took another.",
83、EXT. COURTHOUSE STEPS - TWILIGHT,doc_82_chunk_2,"while she watched the kids. Then,",
"79、EXT. CAR POOL LINE, ELEMENTARY SCHOOL - DAY",doc_78_chunk_6,Done. He's a dead man.,
"79、EXT. CAR POOL LINE, ELEMENTARY SCHOOL - DAY",doc_78_chunk_6,"Monday lunch, you walk up with attitude, you hear me? Finger STABS out...",
"79、EXT. CAR POOL LINE, ELEMENTARY SCHOOL - DAY",doc_78_chunk_6,"Hey, Ear Boy! (does the ears) Listen up, Rhino Face, because I'm saying this one time! So your pathetic, no-life, ass-kissing little groupies here, better take notes!",
"79、EXT. CAR POOL LINE, ELEMENTARY SCHOOL - DAY",doc_78_chunk_5,"Okay, let's start with looks. I know he's handsome, but the best-looking people are so vain, there's always something they're insecure about.",
"79、EXT. CAR POOL LINE, ELEMENTARY SCHOOL - DAY",doc_78_chunk_5,Does he have zitz? We can call him Pizza Face.,
"79、EXT. CAR POOL LINE, ELEMENTARY SCHOOL - DAY",doc_78_chunk_5,Help me here...,
"79、EXT. CAR POOL LINE, ELEMENTARY SCHOOL - DAY",doc_78_chunk_5,"Great. Big ears, too?",
85、EXT. JACKIE'S YARD - DAY,doc_84_chunk_7,That's,
85、EXT. JACKIE'S YARD - DAY,doc_84_chunk_8,You won't get the chance.,
83、EXT. COURTHOUSE STEPS - TWILIGHT,doc_82_chunk_7,"But keep dancing, and if you're lucky, I might just never leave, who knows?",
83、EXT. COURTHOUSE STEPS - TWILIGHT,doc_82_chunk_7,Because you've changed so much.,
"84、EXT. CAR POOL LINE, ELEMENTARY SCHOOL - DAY",doc_83_chunk_0,"You really didn't have to come, you know. I'd have brought them straight t...","Scene: By a car, Rachel speaks to someone (unspecified) while expressing anxiety about their presence."
82、EXT. PARK - DAY,doc_81_chunk_9,I'll keep that in mind.,
82、EXT. PARK - DAY,doc_81_chunk_9,It's not about the kids.,
82、EXT. PARK - DAY,doc_81_chunk_9,That thing you said before. Pushing the guy sleeping next to you away. Because of what you gave up for motherhood...,
85、EXT. JACKIE'S YARD - DAY,doc_84_chunk_11,"I can't live my life channeling the
One true Mom after you're gone. I
can't do it. I can't do it. I can't.
Do it.",
8、INT. PHOTOGRAPHY STUDIO - DAY,doc_7_chunk_1,"Cooper, back the fill off I don't have enough shadow...","Scene: In a studio or set, Rachel directs her assistant Cooper during a production setup."
8、INT. PHOTOGRAPHY STUDIO - DAY,doc_7_chunk_1,You say that like I don't know that.,"Scene: In a studio or set, Rachel responds to Cooper's comment about her appearance."
8、INT. PHOTOGRAPHY STUDIO - DAY,doc_7_chunk_1,And when did that pass?,"Scene: In a studio or set, Rachel responds to Cooper's story about throwing jello on his stepmother's head."
87、INT. BAR - NIGHT,doc_86_chunk_6,You're lying.,
83、EXT. COURTHOUSE STEPS - TWILIGHT,doc_82_chunk_1,"Oh yeh, she was cracking me up. Dishing details of her sordid little divorce.",
83、EXT. COURTHOUSE STEPS - TWILIGHT,doc_82_chunk_1,Just like to make sure. That your past. And my future. Are real different.,
83、EXT. COURTHOUSE STEPS - TWILIGHT,doc_82_chunk_1,Imagine my relief. So what's for dinner?,
85、EXT. JACKIE'S YARD - DAY,doc_84_chunk_3,Right down to the ground. Let's get to it.,
85、EXT. JACKIE'S YARD - DAY,doc_84_chunk_3,Aw.,
85、EXT. JACKIE'S YARD - DAY,doc_84_chunk_3,Worked. Like a charm.,
85、EXT. JACKIE'S YARD - DAY,doc_84_chunk_6,"She wasn't steering her own course, she was steering yours.",
85、EXT. JACKIE'S YARD - DAY,doc_84_chunk_6,"And she'll fight back again. God help me, what have I done.",
"79、EXT. CAR POOL LINE, ELEMENTARY SCHOOL - DAY",doc_78_chunk_7,"I dumped you , limp dick, when I got a peek at your deformed unit , which is sadly microscopic!",
"79、EXT. CAR POOL LINE, ELEMENTARY SCHOOL - DAY",doc_78_chunk_7,"As for your pitiful knowledge of
sex
? I'm not wasting
my
time with
some
loser
who doesn't even know
what
snowballing
is!",
"79、EXT. CAR POOL LINE, ELEMENTARY SCHOOL - DAY",doc_78_chunk_7,"Oh. It's an incredibly disgusting,
and not remotely sexy thing, that
they described in a movie I'd never
let you go to. But it's real. Does
he have an older brother?",
87、INT. BAR - NIGHT,doc_86_chunk_12,Don't rush me. I'm deciding.,Scene where Rachel is in a toast with Jackie; location and scene number not specified.
77、INT. ANNABELLE'S ROOM - MOMENTS LATER,doc_76_chunk_0,"Annabelle, I know you miss your mother. So why don't you say hello.","Scene: Rachel enters Annabelle's dark bedroom, sits on the bed, and encourages her to speak to her mother on the phone."
77、INT. ANNABELLE'S ROOM - MOMENTS LATER,doc_76_chunk_0,Annabelle pick up the phone.,"Scene: Rachel continues trying to get Annabelle to answer the phone, sitting next to her on the bed."
77、INT. ANNABELLE'S ROOM - MOMENTS LATER,doc_76_chunk_0,That doesn't bother me.,"Scene: Rachel responds to Annabelle's mimicry, remaining calm despite the child's behavior."
77、INT. ANNABELLE'S ROOM - MOMENTS LATER,doc_76_chunk_0,You think this is funny?,"Scene: Rachel confronts Annabelle about her mocking behavior, showing growing frustration."
85、EXT. JACKIE'S YARD - DAY,doc_84_chunk_4,"She was beaten, and bloodied, and it was going to go on, uni...",
85、EXT. JACKIE'S YARD - DAY,doc_84_chunk_4,That's not wh...,
85、EXT. JACKIE'S YARD - DAY,doc_84_chunk_4,You weren't passing 'em out.,
"79、EXT. CAR POOL LINE, ELEMENTARY SCHOOL - DAY",doc_78_chunk_9,"The guy
I
see is in the eighth grade
at
Prep
School, and he laughs his
ass
off every time we talk about you.",
"79、EXT. CAR POOL LINE, ELEMENTARY SCHOOL - DAY",doc_78_chunk_9,"A
suitable
boy, will be at
this
flagpole,
on
Monday, with a
very
expensive bike, and he will be a
stone FOX if I have to call an
escort
service!",
"79、EXT. CAR POOL LINE, ELEMENTARY SCHOOL - DAY",doc_78_chunk_9,"Now let's go stuff you full of
junk food.",
"79、EXT. CAR POOL LINE, ELEMENTARY SCHOOL - DAY",doc_78_chunk_9,I've had the worst day. Till now.,
88、INT. JACKIE'S LIVING ROOM - CHRISTMAS MORNING,doc_87_chunk_0,I'm gonna check on Mom.,Scene: Inside a decorated house during Christmas; Rachel speaks to no one in particular as she prepares to check on her mother.
87、INT. BAR - NIGHT,doc_86_chunk_1,Neutral ground. What's up?,"Scene: Meeting with Jackie at a neutral location, discussing personal matters."
87、INT. BAR - NIGHT,doc_86_chunk_1,Double.,"Scene: Meeting with Jackie, ordering a drink during a tense conversation."
95、INT. BALLROOM - NIGHT,doc_94_chunk_3,"So she says, 'No way.'",
87、INT. BAR - NIGHT,doc_86_chunk_7,"You are lying, you never lost that kid for seconds, you could find him from a coma, there is no WAY!",
87、INT. BAR - NIGHT,doc_86_chunk_7,Ben never mentioned it.,
82、EXT. PARK - DAY,doc_81_chunk_6,"That's the bottom line, isn't it? I can't make a mistake. Because it'll screw your kids.",
82、EXT. PARK - DAY,doc_81_chunk_6,My advice to you? Don't die.,
82、EXT. PARK - DAY,doc_81_chunk_6,"Last time I pushed him? He said, 'Higher, Rache. It makes my penis sting.'",
82、EXT. PARK - DAY,doc_81_chunk_6,"I'm gonna buy him that white dove for Christmas. If I don't, you'll get him a fucking eagle!",
83、EXT. COURTHOUSE STEPS - TWILIGHT,doc_82_chunk_4,What do you call it? You told her you had doubts.,
83、EXT. COURTHOUSE STEPS - TWILIGHT,doc_82_chunk_4,"Let me put it this way. Hell, no.",
83、EXT. COURTHOUSE STEPS - TWILIGHT,doc_82_chunk_4,By way of saying you were unhappy.,
83、EXT. COURTHOUSE STEPS - TWILIGHT,doc_82_chunk_4,"Excuse me. 'Things are so confusing for me, Jack. Our life feels too comfortable, too safe, too predictable. It's a partnership, it's",
89、INT. JACKIE'S BEDROOM,doc_88_chunk_1,"You know, there's nothing you have to say. Because they know your heart. You don't have t...","Scene or location not specified: Rachel speaks to Jackie, who is preparing to talk to her children, about not feeling pressured to say anything."
87、INT. BAR - NIGHT,doc_86_chunk_2,Don't flatter yourself.,
87、INT. BAR - NIGHT,doc_86_chunk_2,I always liked that line. Signs.,
87、INT. BAR - NIGHT,doc_86_chunk_2,"I love Luke, I love the children. But there is more to life than even love...",
95、INT. BALLROOM - NIGHT,doc_94_chunk_6,"It's...no big thing, really...it's just...five words, it's...",
87、INT. BAR - NIGHT,doc_86_chunk_3,And I have looked down the road. At what my life will be. And I can't handle it.,
87、INT. BAR - NIGHT,doc_86_chunk_3,"I never wanted to be a mom. Then, sharing it with you was one thing. Carrying it alone, the rest of my life...",
90、INT. LIVING ROOM - MOMENTS LATER,doc_89_chunk_1,You can do this.,"At a door, Rachel is encouraging a girl, likely before an important event or action."
90、INT. LIVING ROOM - MOMENTS LATER,doc_89_chunk_1,You can do anything.,"Continuing the moment at the door, Rachel offers further encouragement to the girl."
83、EXT. COURTHOUSE STEPS - TWILIGHT,doc_82_chunk_6,So now I get to wait... A single match...,
83、EXT. COURTHOUSE STEPS - TWILIGHT,doc_82_chunk_6,For the first sign. The first fishing trip... STRIKES it. Shields it from the wind.,
83、EXT. COURTHOUSE STEPS - TWILIGHT,doc_82_chunk_6,"What do you figure, Luke? When I'm too old to be exciting? When your daughter brings home her college roommate?",
83、EXT. COURTHOUSE STEPS - TWILIGHT,doc_82_chunk_6,"No, here's ugly. 'I love you, babe. It's just our life together I'm not so sure about...'",
85、EXT. JACKIE'S YARD - DAY,doc_84_chunk_10,Now you're talking sense.,
85、EXT. JACKIE'S YARD - DAY,doc_84_chunk_10,"All year long, I've been watching how
you do this. The worries, the sacrifices, the signals you give them...",
85、EXT. JACKIE'S YARD - DAY,doc_84_chunk_10,"And I admire you. More than you'll
never believe. And yet...this...
thing...has been growing. Inside me.",
85、EXT. JACKIE'S YARD - DAY,doc_84_chunk_10,For better or worse. I'm not you.,
87、INT. BAR - NIGHT,doc_86_chunk_9,Everything. You're...the Earth Mother incarnate...,
87、INT. BAR - NIGHT,doc_86_chunk_9,You ride with Annabelle...,
87、INT. BAR - NIGHT,doc_86_chunk_9,"You know every story, every wound, every memory, their whole life's happiness has been wrapped up in you, every moment...",
87、INT. BAR - NIGHT,doc_86_chunk_8,Uh. You hate my guts?,"Scene context not specified: Rachel speaks to Jackie while passing cigarettes, discussing their past relationship and competition."
87、INT. BAR - NIGHT,doc_86_chunk_8,With good reason. They fucking worship you as it is.,"Scene context not specified: Rachel speaks to Jackie after taking a cigarette, maintaining eye contact, commenting on Jackie's reputation."
85、EXT. JACKIE'S YARD - DAY,doc_84_chunk_1,Are we.,Scene involving a confrontation with Jackie; topic of a fight.
85、EXT. JACKIE'S YARD - DAY,doc_84_chunk_1,Don't be too sure.,Scene involving a confrontation with Jackie; topic of a fight.
85、EXT. JACKIE'S YARD - DAY,doc_84_chunk_1,"It doesn't matter, I didn't tell h...",Scene involving Jackie questioning about 'snowballing'; conversation about phone calls from mothers.
85、EXT. JACKIE'S YARD - DAY,doc_84_chunk_1,Give 'em my number.,Scene involving Jackie questioning about phone calls from mothers; conversation about handling incoming calls.
94、INT. FUNERAL PARLOR,doc_93_chunk_3,"Know what? I forgive me, too. See? You're the magician. A murmur...",
94、INT. FUNERAL PARLOR,doc_93_chunk_3,"Don't worry, partner, I've got your back. We're covered.",
98、INT. HALLWAY - EARLY MORNING,doc_97_chunk_0,ANNABELLE! WAKE UP!,"Scene: Outside Annabelle's bedroom, early morning; Rachel is shouting to wake Annabelle."
89、INT. JACKIE'S BEDROOM,doc_88_chunk_0,"Hey, gorgeous. Time for the presents?","Scene: At Jackie's death bed, Rachel speaks to Jackie about giving presents."
89、INT. JACKIE'S BEDROOM,doc_88_chunk_0,"Now Edna says you short-changed your last meds. You can do presents and be comfortable at the same time, y'know.","Scene: At Jackie's death bed, Rachel speaks to Jackie about her medication and comfort while giving presents."
97、INT. BEN'S ROOM - EARLY MORNING,doc_96_chunk_2,You might think this is funny but this is actually NOT funny.,"Scene: In a bedroom, Rachel speaks while searching for someone or something, unaware that Ben is hiding in the closet."
99、INT. SUBURBAN EXTREMELY WELL-STOCKED KITCHEN - EARLY MORNING,doc_98_chunk_0,Here.,"Rachel hands Annabelle an apple in response to her refusal of buttered toast; kitchen setting, morning, 7:55."
87、INT. BAR - NIGHT,doc_86_chunk_4,"Well, it's the Jack Kennedy Syndrome, huh? You die young, you always look
golden. Perfect. The memory kind of
burnishes the image, and...","Scene in which Rachel and Jackie are discussing perceptions of people who died young, shortly after a waitress leaves with their order."
87、INT. BAR - NIGHT,doc_86_chunk_4,Maybe I was wrong on that one.,"Scene in which Rachel reflects on a past judgment about Jackie's behavior, spoken in a moment of sincerity."
99、INT. SUBURBAN EXTREMELY WELL-STOCKED KITCHEN - EARLY MORNING,doc_98_chunk_3,Then have a donut --,
99、INT. SUBURBAN EXTREMELY WELL-STOCKED KITCHEN - EARLY MORNING,doc_98_chunk_3,Alright starve.,
87、INT. BAR - NIGHT,doc_86_chunk_5,"Look, when I said I couldn't channel you. That didn't mean I wouldn't give my right arm to do just that.","Scene: In a public place, Rachel speaks to Jackie about her inability to channel her and her deep regret."
87、INT. BAR - NIGHT,doc_86_chunk_5,Maybe I don't want to be looking over my shoulder. Every day for twenty years. Knowing someone else would have done it right. The way I can't.,"Scene: In a public place, Rachel speaks to Jackie about her fears and feelings of inadequacy."
97、INT. BEN'S ROOM - EARLY MORNING,doc_96_chunk_1,Don't make me say three I'm about to say three.,
97、INT. BEN'S ROOM - EARLY MORNING,doc_96_chunk_1,Three!,
97、INT. BEN'S ROOM - EARLY MORNING,doc_96_chunk_1,Ben I'm not kidding around. You make yourself appear this instant!,
83、EXT. COURTHOUSE STEPS - TWILIGHT,doc_82_chunk_9,"How about the promises we make to our kids? About their future. Do we shrug those off, just that easily?",
83、EXT. COURTHOUSE STEPS - TWILIGHT,doc_82_chunk_9,Maybe Annabelle deserves to find out who really broke up her family. While her mom is still around.,
83、EXT. COURTHOUSE STEPS - TWILIGHT,doc_82_chunk_9,Hey. Just a thought.,
83、EXT. COURTHOUSE STEPS - TWILIGHT,doc_82_chunk_9,You got one less for dinner.,
83、EXT. COURTHOUSE STEPS - TWILIGHT,doc_82_chunk_9,I'm gonna get me a drink.,"Character speaks to Luke, indicating she is leaving."
83、EXT. COURTHOUSE STEPS - TWILIGHT,doc_82_chunk_9,And I'm gonna drink it alone.,"Character speaks to Luke, indicating she is leaving."
99、INT. SUBURBAN EXTREMELY WELL-STOCKED KITCHEN - EARLY MORNING,doc_98_chunk_5,Absolutely Duncan I'm on top of everything.,
99、INT. SUBURBAN EXTREMELY WELL-STOCKED KITCHEN - EARLY MORNING,doc_98_chunk_5,...EGGzactly. I'm putting on my coat --,
94、INT. FUNERAL PARLOR,doc_93_chunk_0,"See, I told you I'd do this. Only...","Scene: In a dimly lit room with a casket; Rachel speaks to someone in the casket, topic is fulfilling a promise."
94、INT. FUNERAL PARLOR,doc_93_chunk_0,Only. Now I don't know what to say.,"Scene: In a dimly lit room with a casket; Rachel speaks to someone in the casket, topic is her uncertainty in expressing feelings."
95、INT. BALLROOM - NIGHT,doc_94_chunk_1,"Now I know the tradition, so this isn't a toast. At least... not for me.","Scene: At a party, Rachel speaks into a microphone, addressing the guests before beginning her speech."
95、INT. BALLROOM - NIGHT,doc_94_chunk_1,"The guest list is 114. But we all know there's one more here, tonight. Because...","Scene: At a party, Rachel continues her speech, looking down the table at her children."
95、INT. BALLROOM - NIGHT,doc_94_chunk_5,"Now, if it's too raunchy, we may have to excuse the kids...","Scene: Rachel is opening an envelope while speaking to a group of people, possibly at a public event; the band is playing and children are present."
95、INT. BALLROOM - NIGHT,doc_94_chunk_5,You promised.,"Scene: Rachel is silently mouthing to herself after opening an envelope, reacting emotionally while others are present and waiting for her to read the card."
99、INT. SUBURBAN EXTREMELY WELL-STOCKED KITCHEN - EARLY MORNING,doc_98_chunk_1,I'm almost done making it.,
99、INT. SUBURBAN EXTREMELY WELL-STOCKED KITCHEN - EARLY MORNING,doc_98_chunk_1,"Alright Ben -- you you deal with the tardy, you write yourself a note, your daddy told you he had an important case this morning and he had to leave early and we were AAAAGGGGHHHH!",
94、INT. FUNERAL PARLOR,doc_93_chunk_1,"You'd have written it down, so you wouldn't blow it.",
94、INT. FUNERAL PARLOR,doc_93_chunk_1,Maybe we should change places.,
94、INT. FUNERAL PARLOR,doc_93_chunk_1,"Well. We were less than friends, I guess. And more. More.",
94、INT. FUNERAL PARLOR,doc_93_chunk_1,"We were never...girlfriends, we never dished. That wasn't. What we had. No apology there. It's just the truth.",
94、INT. FUNERAL PARLOR,doc_93_chunk_2,"We had some battles, man, they were...world class, huh? (beat) And I don't regret a one of them.",
94、INT. FUNERAL PARLOR,doc_93_chunk_2,I miss them.,
94、INT. FUNERAL PARLOR,doc_93_chunk_2,"We've got our secrets, we have. And I'll keep 'em if you will.",
94、INT. FUNERAL PARLOR,doc_93_chunk_2,"But I wish we had one more night. In that little bar, remember? Remember that toast? Sure, you do.",
99、INT. SUBURBAN EXTREMELY WELL-STOCKED KITCHEN - EARLY MORNING,doc_98_chunk_2,Oh my God. That is so not funny. You're late. You're really late. Now get out here and have some cereal.,"Scene: In a kitchen, Rachel speaks to Ben about being late and eating cereal."
99、INT. SUBURBAN EXTREMELY WELL-STOCKED KITCHEN - EARLY MORNING,doc_98_chunk_2,Fine! Eat in the cupboard.,"Scene: In a kitchen, Rachel speaks to Ben after preparing his cereal."
99、INT. SUBURBAN EXTREMELY WELL-STOCKED KITCHEN - EARLY MORNING,doc_98_chunk_2,Fine.,"Scene: In a kitchen, Rachel responds to Ben's cereal preference request."
97、INT. BEN'S ROOM - EARLY MORNING,doc_96_chunk_0,Ben! You overslept again damn it!,"Scene: In Ben's bedroom, Rachel is trying to wake Ben up and is frustrated about him oversleeping."
97、INT. BEN'S ROOM - EARLY MORNING,doc_96_chunk_0,Get Up Get Up Get Up!,"Scene: In Ben's bedroom, Rachel continues to urge Ben to wake up as he remains under the covers."
97、INT. BEN'S ROOM - EARLY MORNING,doc_96_chunk_0,"Ben you're late. I'm serious. I'm
wearing a very serious face. Don't
make me start counting ONE...","Scene: In Ben's bedroom, Rachel warns Ben he is late and threatens to count to make him get up."
95、INT. BALLROOM - NIGHT,doc_94_chunk_2,my two sidekicks there always bring her along. Wherever they go. Right? Right.,
95、INT. BALLROOM - NIGHT,doc_94_chunk_2,"So Jackie and I were sitting around. On New Year's Eve. And she said, 'You're not gonna talk at my funeral, are you?' And now. It is quiet indeed.",
95、INT. BALLROOM - NIGHT,doc_94_chunk_2,"And I said, 'I've never been to a funeral. I'm not sure I'll know how to act...'",
95、INT. BALLROOM - NIGHT,doc_94_chunk_2,'...but I'll prob'ly sneak into where you are. Just before it's over...',
95、INT. BALLROOM - NIGHT,doc_94_chunk_2,"'...say something. Just to you. Get the last word in, when you can't talk back.'",
95、INT. BALLROOM - NIGHT,doc_94_chunk_4,"She wrote this. She sealed it up, I didn't see it. She made me promise to read it. At the wedding.","Scene at a wedding; Rachel is addressing the guests, explaining the origin of a letter she is about to read."
95、INT. BALLROOM - NIGHT,doc_94_chunk_4,"I told her she'd better make it dirty, or make it funny. Because... no way... on my wedding... No way in hell.","Scene at a wedding; Rachel is speaking to the guests, setting up the tone of the letter she received from someone close."
95、INT. BALLROOM - NIGHT,doc_94_chunk_4,could she make me cry.,"Scene at a wedding; Rachel continues her speech, reacting emotionally to the letter."
95、INT. BALLROOM - NIGHT,doc_94_chunk_4,"She says, 'It's a deal'.","Scene at a wedding; Rachel reads the final line of the letter, indicating agreement from the letter's author."
98、INT. HALLWAY - EARLY MORNING,doc_97_chunk_1,"I didn't forget. I was up all night
thinking about it and I concluded you're
too special to look like everyone else.","Scene: At home, Rachel speaks to her child about the purple shirt and explains why it wasn't washed, introducing the idea of individuality."
98、INT. HALLWAY - EARLY MORNING,doc_97_chunk_1,"Orange Red. That's your color. Few
can carry it off. Now please. Help
me find your brother.","Scene: At home, Rachel hands over an orangey red tee shirt and asks her child to help locate her brother."
98、INT. HALLWAY - EARLY MORNING,doc_97_chunk_1,"Of course not. Does he look lost to
you?","Scene: At home, Rachel responds to Annabelle's concern about Ben being lost."
98、INT. HALLWAY - EARLY MORNING,doc_97_chunk_1,BENNNNN!!!,"Scene: At home, Rachel shouts for her brother Ben."
99、INT. SUBURBAN EXTREMELY WELL-STOCKED KITCHEN - EARLY MORNING,doc_98_chunk_4,He's badgering a witness. Eat.,"Scene: At home, Rachel speaks to her children Annabelle and Ben during a morning routine."
99、INT. SUBURBAN EXTREMELY WELL-STOCKED KITCHEN - EARLY MORNING,doc_98_chunk_4,Hello?...Duncan...The Ad Agency's already there?...I'm out the door...,"Scene: At home, Rachel speaks on the phone with Duncan about work while preparing to leave."
99、INT. SUBURBAN EXTREMELY WELL-STOCKED KITCHEN - EARLY MORNING,doc_98_chunk_4,Ben! Knock it off!,"Scene: At home, Rachel reacts to her son Ben throwing a fruit loop at her."
99、INT. SUBURBAN EXTREMELY WELL-STOCKED KITCHEN - EARLY MORNING,doc_98_chunk_4,It's gonna go beautifully...,"Scene: At home, Rachel continues her phone conversation with Duncan while dealing with her son Ben."
99、INT. SUBURBAN EXTREMELY WELL-STOCKED KITCHEN - EARLY MORNING,doc_98_chunk_4,Damn it Ben --,"Scene: At home, Rachel reacts to her son Ben throwing another fruit loop at her."
