doc_title,chunk_id,description,scene_context
108、EXT. EDGE OF JUNGLE - NIGHT,doc_107_chunk_0,"Chuck hesitates, then plunges into it.",Jungle at dusk
124、EXT. JUNGLE - DAY - LATER,doc_123_chunk_0,Chuck's eyes snap awake.,
124、EXT. JUNGLE - DAY - LATER,doc_123_chunk_0,He looks down at his feet.,
124、EXT. JUNGLE - DAY - LATER,doc_123_chunk_0,"He dips his hand in it, touches a finger to his lips to be sure he's not dreaming.",
124、EXT. JUNGLE - DAY - LATER,doc_123_chunk_0,"He grabs his sharpened stone, begins to attack the clay.",
107、EXT. ROCKY SLOPE - MOMENTS LATER,doc_106_chunk_0,Chuck stumbles over the rocks.,Near the caves
126、EXT. CLIFF - DAY,doc_125_chunk_0,"Very carefully, but standing this time, Chuck makes his way across the ledge.",On the ledge
123、EXT. JUNGLE - DAY - LATER,doc_122_chunk_0,Chuck is lying in the hole.,Inside a hole
113、EXT. JUNGLE - DAY - LATER,doc_112_chunk_0,Chuck scrambles down a ravine.,Ravine
113、EXT. JUNGLE - DAY - LATER,doc_112_chunk_0,He kneels down and feels the ground.,Ravine
106、EXT. CLIFF - MOMENTS LATER,doc_105_chunk_0,Chuck stares at the ledge.,"Dusk, on a rock bridge ledge"
106、EXT. CLIFF - MOMENTS LATER,doc_105_chunk_0,Chuck crawls on his hands and knees across the rock bridge.,"Dusk, crossing the rock bridge"
121、EXT. BEACH - SUNSET,doc_120_chunk_0,Chuck sits in the shade of a palm tree surrounded by a pile of smashed coconut husks and a stack of limpet shells.,"Under a palm tree, surrounded by smashed coconut husks and limpet shells."
121、EXT. BEACH - SUNSET,doc_120_chunk_0,He checks his watch for a moment.,"Under a palm tree, surrounded by smashed coconut husks and limpet shells."
116、EXT. JUNGLE - DAY,doc_115_chunk_0,He takes one last dig with the flat stick,At the bottom of a six-foot-deep hole
116、EXT. JUNGLE - DAY,doc_115_chunk_0,then licks the moist clay that sticks to it,At the bottom of a six-foot-deep hole
112、EXT. BEACH - LATER,doc_111_chunk_0,Chuck finishes the P on H E L P,"Beach, HELP spelled out with FedEx boxes"
129、EXT. PALM GROVE SERIES OF SHOTS - TRYING TO MAKE FIRE,doc_128_chunk_0,Chuck rubs two sticks together.,
129、EXT. PALM GROVE SERIES OF SHOTS - TRYING TO MAKE FIRE,doc_128_chunk_0,Chuck positions a makeshift drill in a hole he has scooped out in a piece of driftwood.,
129、EXT. PALM GROVE SERIES OF SHOTS - TRYING TO MAKE FIRE,doc_128_chunk_0,He spins the drill with great effort.,
129、EXT. PALM GROVE SERIES OF SHOTS - TRYING TO MAKE FIRE,doc_128_chunk_0,"He quits, exhausted.",
129、EXT. PALM GROVE SERIES OF SHOTS - TRYING TO MAKE FIRE,doc_128_chunk_0,He looks at his hands.,
129、EXT. PALM GROVE SERIES OF SHOTS - TRYING TO MAKE FIRE,doc_128_chunk_0,He feels like Job.,
133、EXT. PALM GROVE,doc_132_chunk_0,Chuck sets it aside.,
133、EXT. PALM GROVE,doc_132_chunk_0,He opens the other box.,
133、EXT. PALM GROVE,doc_132_chunk_0,Chuck can't believe it.,
133、EXT. PALM GROVE,doc_132_chunk_0,He opens the bag.,
109、EXT. JUNGLE - NIGHT MINUTES LATER,doc_108_chunk_0,He heads into thick blackness.,"Jungle, moon rising, Chuck moving into thick blackness"
118、EXT. BEACH - DAY - LATER,doc_117_chunk_1,Chuck plunges into the water after the fish with his bare hands.,"In the water, chasing fish"
118、EXT. BEACH - DAY - LATER,doc_117_chunk_1,Chuck leaps after it and goes under.,"In the water, chasing fish"
118、EXT. BEACH - DAY - LATER,doc_117_chunk_1,"He comes up spluttering, on his hands and knees in the shallows.","In the shallows, after going under"
118、EXT. BEACH - DAY - LATER,doc_117_chunk_1,He grabs at them desperately.,"In the shallows, after a school of fish swims by"
118、EXT. BEACH - DAY - LATER,doc_117_chunk_1,He takes a rock and tries to dislodge one.,"On rocks in the shallows, trying to dislodge limpets"
130、EXT. BEACH - DAY,doc_129_chunk_0,Chuck emerges from the jungle and walks to the edge of the ocean.,"Ocean edge, FedEx boxes spelling HELP"
130、EXT. BEACH - DAY,doc_129_chunk_0,"He dips his blistered hands into the sea water, then looks over at the FedEx boxes that spell out H E L P.","Ocean edge, FedEx boxes spelling HELP"
130、EXT. BEACH - DAY,doc_129_chunk_0,He walks over and picks a few boxes up from the P.,"Ocean edge, FedEx boxes spelling HELP"
137、EXT. BEACH - DAY,doc_136_chunk_0,Chuck marks another day on his tree calendar.,
111、EXT. BEACH - MORNING,doc_110_chunk_0,"Face red from the sun, Chuck hacks at a palm frond with his stone knife.","Tropical location, making hat and heading to beach"
111、EXT. BEACH - MORNING,doc_110_chunk_0,"He saws the palm frond off near the base, leaving it about a foot long.","Tropical location, making hat and heading to beach"
111、EXT. BEACH - MORNING,doc_110_chunk_0,"He ties the loose fibers into a sort of circle, then sets it upon his head. It looks amazingly like some sort of primitive cap.","Tropical location, making hat and heading to beach"
111、EXT. BEACH - MORNING,doc_110_chunk_0,He grabs a couple of FedEx boxes and heads for the beach.,"Tropical location, making hat and heading to beach"
105、EXT. ISLAND SUMMIT - SUNSET - MOMENTS LATER,doc_104_chunk_0,Chuck looks to each point on the compass.,"Small, inhospitable island with cliffs and reef"
105、EXT. ISLAND SUMMIT - SUNSET - MOMENTS LATER,doc_104_chunk_0,Chuck stares out to sea in every direction. Nothing.,"Small, inhospitable island with cliffs and reef"
115、EXT. BEACH - NIGHT,doc_114_chunk_0,Chuck lies in darkness,"Darkness, moonlight"
120、EXT. BEACH - MINUTES LATER,doc_119_chunk_0,"Chuck wades in the water, stops by a rock covered with limpets. He uses a CREDIT CARD to scrape off a limpet.",Rocky shore by the water
120、EXT. BEACH - MINUTES LATER,doc_119_chunk_0,"With his finger, he prods around in the mucous-like meat, then tilts up the shell and we see the gooey gray stuff slide off the shell into his mouth.",Rocky shore by the water
120、EXT. BEACH - MINUTES LATER,doc_119_chunk_0,He starts to spit it out. Tries to make himself like it.,Rocky shore by the water
120、EXT. BEACH - MINUTES LATER,doc_119_chunk_0,And he swallow it.,Rocky shore by the water
122、EXT. JUNGLE - LATER,doc_121_chunk_0,Chuck digs yet another hole.,on the island
122、EXT. JUNGLE - LATER,doc_121_chunk_0,"He chants to himself, almost delusionally.",on the island
122、EXT. JUNGLE - LATER,doc_121_chunk_0,"Covered in sweat, desperate and exhausted, he throws down his wooden spade.",on the island
122、EXT. JUNGLE - LATER,doc_121_chunk_0,"He lies on his back, breathing hard. Pulls his hat over his eyes.",on the island
103、EXT. ISLAND - CLIFF - MOMENTS LATER,doc_102_chunk_0,"Chuck stares at the narrow bridge, then down at the waves breaking on the rocks far below.","Cliff ledge (rock bridge) over ocean, leading to summit"
103、EXT. ISLAND - CLIFF - MOMENTS LATER,doc_102_chunk_0,"To get any view, he will have to cross the bridge.","Cliff ledge (rock bridge) over ocean, leading to summit"
103、EXT. ISLAND - CLIFF - MOMENTS LATER,doc_102_chunk_0,"Hugging the wall of the cliff, taking each step with great caution, he sets out across the bridge.","Cliff ledge (rock bridge) over ocean, leading to summit"
140、EXT. BEACH - LATER THAT DAY,doc_139_chunk_0,He sits in front of his failed efforts to make fire.,
102、EXT. ISLAND - MOMENTS LATER,doc_101_chunk_0,Chuck emerges onto a ridge that leads to a summit.,On a ridge leading to a summit
102、EXT. ISLAND - MOMENTS LATER,doc_101_chunk_0,"He climbs across a rocky lava field covered with scrub lichen and low ferns, soil dark as coffee beans, his way crossed by steep gullies that cut like dark fingers into the lava.",On a rocky lava field
102、EXT. ISLAND - MOMENTS LATER,doc_101_chunk_0,"He passes a series of CAVES, their mouths dark and mysterious and scary.",Near caves
102、EXT. ISLAND - MOMENTS LATER,doc_101_chunk_0,He gives them a wide berth.,Near caves
128、EXT. BEACH - DAY,doc_127_chunk_1,Chuck carefully lifts up the spear.,Beach area: crab catching
128、EXT. BEACH - DAY,doc_127_chunk_1,He walks carefully with it to the beach.,Beach area: crab catching
128、EXT. BEACH - DAY,doc_127_chunk_1,"Lowering the spear, he lets the crab slip off.",Beach area: crab catching
128、EXT. BEACH - DAY,doc_127_chunk_1,"Chuck heads it off, trying to avoid the snapping claws.",Beach area: crab catching
128、EXT. BEACH - DAY,doc_127_chunk_1,"He kicks it back toward the beach, then slams a rock down on it.",Beach area: crab catching
128、EXT. BEACH - DAY,doc_127_chunk_1,"He twists off a crab claw, expecting to see flaky white meat.",Beach area: crab catching
117、EXT. BEACH - DAY,doc_116_chunk_0,Chuck breaks open another coconut and gulps down the milky liquid.,on the sand
117、EXT. BEACH - DAY,doc_116_chunk_0,With a stone knife he digs in the shell for some of the meat.,on the sand
117、EXT. BEACH - DAY,doc_116_chunk_0,"He spits it out, then lies back on the sand and stares at the first stars.",on the sand
131、EXT. PALM GROVE - DAY,doc_130_chunk_0,Chuck begins to open the FedEx boxes.,
131、EXT. PALM GROVE - DAY,doc_130_chunk_0,Chuck rips open the end of one box and shakes it.,
131、EXT. PALM GROVE - DAY,doc_130_chunk_0,Chuck looks at them,
131、EXT. PALM GROVE - DAY,doc_130_chunk_0,Chuck tears another box open.,
131、EXT. PALM GROVE - DAY,doc_130_chunk_0,"dump out computer memory boards, some designer dresses, flowers, a pair of roller blades, a script with a red cover",
101、EXT. JUNGLE - HALF HOUR LATER,doc_100_chunk_0,Chuck climbs through a tangle of vines and ferns.,Under jungle canopy
101、EXT. JUNGLE - HALF HOUR LATER,doc_100_chunk_0,He takes a drink from the coconut he is carrying.,Under jungle canopy
101、EXT. JUNGLE - HALF HOUR LATER,doc_100_chunk_0,He throws away the husk.,Under jungle canopy
101、EXT. JUNGLE - HALF HOUR LATER,doc_100_chunk_0,He looks up.,Under jungle canopy
134、EXT. PALM GROVE - LATER,doc_133_chunk_0,Chuck tries to strike a spark on the roller blade wheel housing. Tries over and over.,
134、EXT. PALM GROVE - LATER,doc_133_chunk_0,"He takes a long drink from his canteen, and flinches.",
134、EXT. PALM GROVE - LATER,doc_133_chunk_0,He fishes some Tylenol out of the surgeon's bag and takes two.,
136、EXT. BEACH - NIGHT,doc_135_chunk_0,"Chuck lies on his palm fronds, groaning and holding his stomach.",
136、EXT. BEACH - NIGHT,doc_135_chunk_0,"He drags himself to his knees, crawls a few feet, and throws up in great, violent heaves.",
146、EXT. BEACH - WIDE - NIGHT,doc_145_chunk_0,"Chuck rushes about, piling on driftwood.","Beach, fire burning"
144、EXT. BEACH - NIGHT,doc_143_chunk_0,"Chuck lies in his bed of palm fronds, shivering.","In a bed of palm fronds, under the night sky"
144、EXT. BEACH - NIGHT,doc_143_chunk_0,"He looks up at the stars, which blaze furiously.","In a bed of palm fronds, under the night sky"
144、EXT. BEACH - NIGHT,doc_143_chunk_0,And he misses her so much.,"In a bed of palm fronds, under the night sky"
142、EXT. BEACH - LATER,doc_141_chunk_0,Chuck uses a bamboo stick to try to make friction in the split half of the bamboo.,
142、EXT. BEACH - LATER,doc_141_chunk_0,"He saws back and forth with all his might, pressing it down in the groove.",
145、EXT. BEACH - DAY,doc_144_chunk_1,"Chuck tears away the bamboo, picks up the nest of kindling, and blows on it gently.",
145、EXT. BEACH - DAY,doc_144_chunk_1,He blows some more.,
145、EXT. BEACH - DAY,doc_144_chunk_1,"He gently places the nest of shavings in the kindling, then blows on it with utmost care, as if he were holding life itself.",
145、EXT. BEACH - DAY,doc_144_chunk_1,He shreds his money and business cards over the tiny flame.,
145、EXT. BEACH - DAY,doc_144_chunk_3,Chuck looks down.,
145、EXT. BEACH - DAY,doc_144_chunk_3,Chuck blows on it gently.,
145、EXT. BEACH - DAY,doc_144_chunk_3,"He feeds in some more twigs, more tinder.",
135、EXT. OTHER SIDE OF ISLAND - DAY,doc_134_chunk_0,Chuck picks some berries and gingerly tries them.,
135、EXT. OTHER SIDE OF ISLAND - DAY,doc_134_chunk_0,He eats more.,
135、EXT. OTHER SIDE OF ISLAND - DAY,doc_134_chunk_0,Then more.,
135、EXT. OTHER SIDE OF ISLAND - DAY,doc_134_chunk_0,What a relief.,
139、EXT. WELL - DAY,doc_138_chunk_0,"Chuck lies on his belly and drinks from the well, which has filled with water.",At a well
139、EXT. WELL - DAY,doc_138_chunk_0,he washes his face and splashes water over his neck.,At a well
139、EXT. WELL - DAY,doc_138_chunk_0,He stares at himself.,At a well
139、EXT. WELL - DAY,doc_138_chunk_0,Very carefully Chuck shaves with the surgeon's scalpel.,At a well
139、EXT. WELL - DAY,doc_138_chunk_0,Chuck checks out his new appearance in the water.,At a well
149、EXT. PALM GROVE - LATER THAT MORNING,doc_148_chunk_0,Chuck sharpens his spear with his stone knife.,
149、EXT. PALM GROVE - LATER THAT MORNING,doc_148_chunk_0,"Then he sticks it in the flame to harden it, pulls it out, checks it, scrapes some more.",
155、EXT. BEACH - DAY,doc_154_chunk_0,"Using a safety pin and some suturing thread, Chuck fishes carefully.",
155、EXT. BEACH - DAY,doc_154_chunk_0,Suddenly he jerks his hand back.,
141、EXT. BEACH - LATER,doc_140_chunk_0,Chuck carefully shaves some tinder.,
154、EXT. PALM GROVE - MORNING,doc_153_chunk_0,Chuck makes another mark on the tree.,
154、EXT. PALM GROVE - MORNING,doc_153_chunk_0,He has circled the tree with marks several times now.,
147、EXT. BEACH - CLOSER,doc_146_chunk_0,Chuck darts into the jungle and returns dragging a huge log.,Jungle campfire
147、EXT. BEACH - CLOSER,doc_146_chunk_0,He throws it on the fire.,Jungle campfire
147、EXT. BEACH - CLOSER,doc_146_chunk_0,He is exultant.,Jungle campfire
147、EXT. BEACH - CLOSER,doc_146_chunk_0,He dances.,Jungle campfire
147、EXT. BEACH - CLOSER,doc_146_chunk_0,He sings at the top of his lungs.,Jungle campfire
147、EXT. BEACH - CLOSER,doc_146_chunk_0,Chuck throws another huge log on the fire.,Jungle campfire
150、EXT. BEACH - DAY,doc_149_chunk_0,Chuck wades in the water with his spear.,in the water
150、EXT. BEACH - DAY,doc_149_chunk_0,Suddenly he stabs it down.,in the water
157、EXT. SUMMIT - AFTERNOON,doc_156_chunk_1,"Leaving, he takes one last look, as he always does.",
157、EXT. SUMMIT - AFTERNOON,doc_156_chunk_1,"He stares at it, fixed.",
157、EXT. SUMMIT - AFTERNOON,doc_156_chunk_1,But then he stares at it really hard.,
153、EXT. BEACH - NIGHT - LATER,doc_152_chunk_0,Chuck curls up in his bed of palm fronds.,"Campsite with fire, palm fronds bed, and crab shells"
153、EXT. BEACH - NIGHT - LATER,doc_152_chunk_0,He stares into the fire.,"Campsite with fire, palm fronds bed, and crab shells"
158、EXT. WOODS - TREE - NEXT DAY,doc_157_chunk_0,Chuck holds his surgeon's saw over the stump.,
158、EXT. WOODS - TREE - NEXT DAY,doc_157_chunk_0,He walks to another tree and begins to saw his way into the trunk.,
151、EXT. BEACH - HALF HOUR LATER,doc_150_chunk_0,Chuck removes a crab from out of the fire and breaks a steaming crab claw.,By a fire
151、EXT. BEACH - HALF HOUR LATER,doc_150_chunk_0,Chuck takes a bite of the flaky white meat.,By a fire
151、EXT. BEACH - HALF HOUR LATER,doc_150_chunk_0,He takes another bite -- and flinches.,By a fire
151、EXT. BEACH - HALF HOUR LATER,doc_150_chunk_0,He fumbles for his Tylenol and takes two pills.,By a fire
160、EXT. PALM GROVE - NIGHT,doc_159_chunk_0,Chuck throws new firewood on the dwindling fire.,Nighttime outdoors
160、EXT. PALM GROVE - NIGHT,doc_159_chunk_0,He stares at the indifferent stars.,Nighttime outdoors
152、EXT. SUMMIT - SUNSET,doc_151_chunk_0,"Chuck stands on the summit, looking in all directions.","Island summit, scanning horizon"
152、EXT. SUMMIT - SUNSET,doc_151_chunk_0,"Then, something on the island brings Chuck's eyes back from their distant focus on the horizon.","Island summit, eyes drawn to smoke on beach"
152、EXT. SUMMIT - SUNSET,doc_151_chunk_0,Chuck lets a bit of pride creep into his face as he sees it.,"Island summit, seeing smoke and showing pride"
152、EXT. SUMMIT - SUNSET,doc_151_chunk_0,He kneels down and begins to build a signal fire.,"Island summit, building signal fire"
145、EXT. BEACH - DAY,doc_144_chunk_0,Chuck readies his two sticks of bamboo again and begins sawing with tremendous energy.,Initial sawing attempt
145、EXT. BEACH - DAY,doc_144_chunk_0,He smells something.,Initial sawing attempt
145、EXT. BEACH - DAY,doc_144_chunk_0,He pulls off the log and looks eagerly at the nest of tinder.,Initial sawing attempt
145、EXT. BEACH - DAY,doc_144_chunk_0,He replaces the log and starts wearily to saw again.,Initial sawing attempt
145、EXT. BEACH - DAY,doc_144_chunk_0,Chuck is still sawing.,After time cut
145、EXT. BEACH - DAY,doc_144_chunk_0,Again sweat pours from his face.,After time cut
145、EXT. BEACH - DAY,doc_144_chunk_0,He saws even harder.,After time cut
145、EXT. BEACH - DAY,doc_144_chunk_0,His breath comes in,After time cut
159、EXT. BEACH - SERIES OF SHOTS,doc_158_chunk_2,"He bangs himself on the head, over and over.",
164、EXT. LAGOON - DAY,doc_163_chunk_2,Chuck picks up some wet sand and rubs it on his body.,on the beach
148、EXT. PALM GROVE - MORNING,doc_147_chunk_0,Chuck makes a mark on the tree.,"On a tree, carving a flame to mark the day he mastered fire."
148、EXT. PALM GROVE - MORNING,doc_147_chunk_0,Around it he carves a flame,"On a tree, carving a flame to mark the day he mastered fire."
17、INT. FEDEX OFFICES - MANILA - DAY - MOMENTS LATER,doc_16_chunk_0,Chuck is on the phone.,
17、INT. FEDEX OFFICES - MANILA - DAY - MOMENTS LATER,doc_16_chunk_0,"Chuck hesitates for a moment, then looks at his watch.",
128、EXT. BEACH - DAY,doc_127_chunk_0,He resumes his efforts at fishing.,
128、EXT. BEACH - DAY,doc_127_chunk_0,"He freezes, holding his spear motionless.",
128、EXT. BEACH - DAY,doc_127_chunk_0,he jabs at the crab -- misses!,
128、EXT. BEACH - DAY,doc_127_chunk_0,"Chuck splashes after it, stabbing as he goes, falling, getting up, stabbing again.",
164、EXT. LAGOON - DAY,doc_163_chunk_3,Chuck looks up: clouds have obscured the sun.,"Desert rainstorm with fire sizzling, sand on body, clouds obscuring sun"
164、EXT. LAGOON - DAY,doc_163_chunk_3,"Chuck looks up, disbelieving.","Desert rainstorm with fire sizzling, sand on body, clouds obscuring sun"
166、EXT. WOODS - MINUTES LATER,doc_165_chunk_0,Chuck bursts out of the woods into the lava field.,"Lava field, emerging from woods"
165、EXT. WOODS - DAY,doc_164_chunk_0,"Chuck runs through the woods, slipping and stumbling.",Woods during heavy rain
164、EXT. LAGOON - DAY,doc_163_chunk_1,"Chuck's shoulders begin to shake, as he is racked with deep sobs of despair.",On an island
164、EXT. LAGOON - DAY,doc_163_chunk_1,"And then he throws his head back and lets forth, from deep inside himself, a SCREAM of rage and anger and pain.",On an island
161、EXT. BEACH - NIGHT,doc_160_chunk_0,"Chuck stands by the edge of the water, which shimmers in the reflected light of the fire.",Water's edge with fire reflecting on water
161、EXT. BEACH - NIGHT,doc_160_chunk_0,"Chuck watches, gets an idea.",Water's edge with fire reflecting on water
167、EXT. LAVA FIELD - MOMENTS LATER,doc_166_chunk_0,"Chuck stumbles up the slippery rocks, dragging the smoking box.",
167、EXT. LAVA FIELD - MOMENTS LATER,doc_166_chunk_0,"His face is drenched, desperate.",
125、EXT. BEACH - SUNSET,doc_124_chunk_0,Chuck carefully makes marks on a palm tree with his rock knife. One for each day. Very neat. Very precise. Very Chuck.,Marking days on a palm tree
125、EXT. BEACH - SUNSET,doc_124_chunk_0,"For a moment, he feels the weight of his isolation.",Marking days on a palm tree
125、EXT. BEACH - SUNSET,doc_124_chunk_0,Then he allows himself a deep breath.,Marking days on a palm tree
118、EXT. BEACH - DAY - LATER,doc_117_chunk_0,"Holding a sharpened stick, Chuck wades in the shallows at low tide, looking for fish.",Shallows at low tide
118、EXT. BEACH - DAY - LATER,doc_117_chunk_0,"Chuck hurls the spear, which ricochets off the water and floats away.","Shallows at low tide, after a shadow flashes by"
171、EXT. CAVE - NEXT DAY,doc_170_chunk_0,Chuck emerges from the cave.,cave entrance
171、EXT. CAVE - NEXT DAY,doc_170_chunk_0,His face reflects his pain and despair.,cave entrance
159、EXT. BEACH - SERIES OF SHOTS,doc_158_chunk_0,"Up above the high tide line, Chuck lashes a log to a row of five logs already joined with vines.",On the beach above the high tide line
159、EXT. BEACH - SERIES OF SHOTS,doc_158_chunk_0,Chuck sews several designer dresses together with needle and suturing thread for a sail.,On the beach above the high tide line
159、EXT. BEACH - SERIES OF SHOTS,doc_158_chunk_0,He cuts bamboo for the mast.,On the beach above the high tide line
159、EXT. BEACH - SERIES OF SHOTS,doc_158_chunk_0,He carves driftwood for an oar.,On the beach above the high tide line
159、EXT. BEACH - SERIES OF SHOTS,doc_158_chunk_0,"He fills gourds with water, stores breadfruit and coconut as he sings ""Fly Me to the Moon"" to himself.",On the beach above the high tide line
114、EXT. LAVA SLOPE - DAY,doc_113_chunk_0,"Chuck traverses the slope, determined to find water.",on a slope
114、EXT. LAVA SLOPE - DAY,doc_113_chunk_0,Suddenly Chuck flops down into frame.,at a flat rock
114、EXT. LAVA SLOPE - DAY,doc_113_chunk_0,"He tries to scoop up some water in his hands, but he just splashes it around.",at a flat rock
114、EXT. LAVA SLOPE - DAY,doc_113_chunk_0,He licks his fingers.,at a flat rock
114、EXT. LAVA SLOPE - DAY,doc_113_chunk_0,He gets down on his stomach and laps up the water with his tongue.,at a flat rock
114、EXT. LAVA SLOPE - DAY,doc_113_chunk_0,He rubs it on his reddened face and across his burned lips.,at a flat rock
172、EXT. LEDGE - DAY,doc_171_chunk_0,Chuck slowly walks out on the ledge.,On a cliff ledge overlooking the ocean
172、EXT. LEDGE - DAY,doc_171_chunk_0,He stares down at the waves breaking on the jagged rocks far below.,On a cliff ledge overlooking the ocean
172、EXT. LEDGE - DAY,doc_171_chunk_0,He lets go one hand. Then lets go the other.,On a cliff ledge overlooking the ocean
172、EXT. LEDGE - DAY,doc_171_chunk_0,He slides one foot to the very lip of the precipice.,On a cliff ledge overlooking the ocean
176、INT. CAVE - LATER,doc_175_chunk_0,Chuck holds a stone chisel and his hammer stone.,
176、INT. CAVE - LATER,doc_175_chunk_0,He positions the chisel against his inflamed tooth.,
176、INT. CAVE - LATER,doc_175_chunk_0,But the thought of what he is about to do is too frightening.,
176、INT. CAVE - LATER,doc_175_chunk_0,He lowers the chisel.,
170、INT. CAVE - NIGHT,doc_169_chunk_0,lies on the floor of the cave,"Inside a cave, rain falling"
170、INT. CAVE - NIGHT,doc_169_chunk_0,shivering in the darkness,"Inside a cave, rain falling"
179、EXT. OCEAN - SUNRISE - THREE YEARS LATER,doc_178_chunk_1,It holds the spear perfectly still.,
174、INT. CAVE - THAT DAY,doc_173_chunk_0,"Chuck carves a bit of coconut meat, takes a bite and winces as the meat hits his sore tooth.",Darkened cave
174、INT. CAVE - THAT DAY,doc_173_chunk_0,He tosses the shell on a small new pile of shells.,Darkened cave
174、INT. CAVE - THAT DAY,doc_173_chunk_0,Chuck shakes out the last half Tylenol tablet.,Darkened cave
174、INT. CAVE - THAT DAY,doc_173_chunk_0,"He puts the tablet in his mouth, then takes a sip out of his coconut canteen.",Darkened cave
174、INT. CAVE - THAT DAY,doc_173_chunk_0,When the water hits his tooth that hurts too.,Darkened cave
191、INT. CAVE - LATER,doc_190_chunk_0,Chuck wraps his foot in bandages.,
181、EXT. JUNGLE - LATER,doc_180_chunk_0,Chuck carries the fish back from the beach.,Beach trail
168、EXT. CAVE - DAY - MINUTES LATER,doc_167_chunk_0,Chuck tumbles into the cave just as the coals burn through the FedEx box.,"Inside cave, coals burning through FedEx box"
168、EXT. CAVE - DAY - MINUTES LATER,doc_167_chunk_0,"Using the remains of the box, he desperately tries to scoot the coals into a dry spot.","Inside cave, using FedEx box remains to save coals"
168、EXT. CAVE - DAY - MINUTES LATER,doc_167_chunk_0,"Dripping water off his hands and face, he pushes a few together with his fingers, ignoring the burns.","Inside cave, coals going out"
168、EXT. CAVE - DAY - MINUTES LATER,doc_167_chunk_1,Chuck desperately gathers more firewood in the driving monsoon.,"Beach, driving monsoon"
164、EXT. LAGOON - DAY,doc_163_chunk_4,He springs into action.,Monsoon rain and wave threatening fire
164、EXT. LAGOON - DAY,doc_163_chunk_4,Chuck grabs an empty FedEx box.,Monsoon rain and wave threatening fire
164、EXT. LAGOON - DAY,doc_163_chunk_4,With his wooden shovel he frantically SCOOPS SOME COALS out of the fire as the rain HISSES and POUNDS at them.,Monsoon rain and wave threatening fire
164、EXT. LAGOON - DAY,doc_163_chunk_4,"He slides the coals into the FedEx box, grabs some sticks of driftwood and sets off on a run.",Monsoon rain and wave threatening fire
145、EXT. BEACH - DAY,doc_144_chunk_2,"Desperate, Chuck grabs it.",
145、EXT. BEACH - DAY,doc_144_chunk_2,"Trying to shield it with his body, he grabs some palm fronds and jams them into the sand, trying to make a windbreak.",
145、EXT. BEACH - DAY,doc_144_chunk_2,Chuck jams some rocks in a circle to make an eddy.,
145、EXT. BEACH - DAY,doc_144_chunk_2,"No words now, just a loud, primal groan of pure despair.",
177、EXT. BEACH - DAY,doc_176_chunk_0,Chuck tries to fill his mouth with sea water.,in the sea
177、EXT. BEACH - DAY,doc_176_chunk_0,The pain is so great his eyes water.,in the sea
177、EXT. BEACH - DAY,doc_176_chunk_0,"He falls back in the water and floats there, looking up at the sky.",in the sea
182、INT. CAVE - THAT AFTERNOON,doc_181_chunk_0,Chuck enters with the fish.,Inside a primitive stone-age lair
18、INT. FEDEX PLANE - NIGHT,doc_17_chunk_0,"Strapped into the jump seat behind the pilots, Chuck sleeps with a mask over his eyes.",In the jump seat behind the pilots
187、INT. CAVE - MOMENTS LATER,doc_186_chunk_0,enters the cave,Inside a cave
187、INT. CAVE - MOMENTS LATER,doc_186_chunk_0,picks up the ball,Inside a cave
187、INT. CAVE - MOMENTS LATER,doc_186_chunk_0,heads out,Inside a cave
183、INT. CAVE - FIRE - NIGHT,doc_182_chunk_0,"Chuck sits by the fire, hafting a stone knife onto a wooden haft.",by the fire
183、INT. CAVE - FIRE - NIGHT,doc_182_chunk_0,"He ties some fiber to a stick, then braids it into string, using both hands and his mouth for the three strands.",by the fire
183、INT. CAVE - FIRE - NIGHT,doc_182_chunk_0,He ties the string tightly around the shaft.,by the fire
183、INT. CAVE - FIRE - NIGHT,doc_182_chunk_0,He does his work automatically.,by the fire
199、EXT. CAVE - NIGHT,doc_198_chunk_0,Chuck enters the cave.,Inside a cave
184、INT. CAVE - NIGHT - LATER,doc_183_chunk_0,Chuck eats some fish and some mashed breadfruit.,
184、INT. CAVE - NIGHT - LATER,doc_183_chunk_0,"He chews each bite, his eyes in distant focus.",
20、INT. FEDEX OFFICES - DAY,doc_19_chunk_0,Chuck displays the FedEx box.,Near the loading dock
193、INT. CAVE - NIGHT,doc_192_chunk_0,"Chuck stirs, takes a drink, weakly tosses on another log, and collapses back on the floor.",
180、EXT. BEACH - LATER THAT DAY,doc_179_chunk_0,Chuck makes a mark on a palm tree.,
180、EXT. BEACH - LATER THAT DAY,doc_179_chunk_0,He has completely covered three other trees with marks.,
180、EXT. BEACH - LATER THAT DAY,doc_179_chunk_0,It sinks in how long he has been here.,
190、EXT. LEDGE - MOMENTS LATER,doc_189_chunk_0,makes a casual leap,
190、EXT. LEDGE - MOMENTS LATER,doc_189_chunk_0,falls,
190、EXT. LEDGE - MOMENTS LATER,doc_189_chunk_0,"tries to get up, can't",
190、EXT. LEDGE - MOMENTS LATER,doc_189_chunk_0,sits back and examines his foot,
190、EXT. LEDGE - MOMENTS LATER,doc_189_chunk_0,reaches out to steady himself,
156、EXT. PALM GROVE - DAY,doc_155_chunk_0,Chuck takes a cooked fish off the fire and mixes it with some breadfruit.,
156、EXT. PALM GROVE - DAY,doc_155_chunk_0,"He eats the soft mixture, chewing carefully",
156、EXT. PALM GROVE - DAY,doc_155_chunk_0,He carefully cuts one in half and swallows it.,
179、EXT. OCEAN - SUNRISE - THREE YEARS LATER,doc_178_chunk_2,"They stare out with a survivor's intensity, staring at the water, unblinking.","Chuck's face revealed, staring at the water"
119、EXT. BEACH - DAY,doc_118_chunk_0,"Discouraged, he sits down on the beach and gets his breath.",Beach
119、EXT. BEACH - DAY,doc_118_chunk_0,"Idly, Chuck takes out his wallet.",Beach
119、EXT. BEACH - DAY,doc_118_chunk_0,He lays it out to dry.,Beach
119、EXT. BEACH - DAY,doc_118_chunk_0,"He finds a PHOTOGRAPH OF KELLY, soaked and mushy.",Beach
119、EXT. BEACH - DAY,doc_118_chunk_0,He tries to smooth it out.,Beach
119、EXT. BEACH - DAY,doc_118_chunk_0,"For a moment he is overcome. His face tightens, his eyes get moist. He stares out to sea.",Beach
119、EXT. BEACH - DAY,doc_118_chunk_0,He picks up his wallet again and takes out a credit card.,Beach
20、INT. FEDEX OFFICES - DAY,doc_19_chunk_1,Chuck leads his team through the sorting area.,sorting area
200、EXT. SUMMIT - DAY,doc_199_chunk_0,"Chuck stands on the summit, staring out to sea.",Summit overlooking the sea
209、EXT. JUNGLE - DAY,doc_208_chunk_0,"Chuck goes from tree to tree, making handprints along his path.",
198、EXT. BEACH - LATER THAT DAY,doc_197_chunk_0,Chuck makes a new mark on his calendar tree.,
198、EXT. BEACH - LATER THAT DAY,doc_197_chunk_0,Then he stops.,
198、EXT. BEACH - LATER THAT DAY,doc_197_chunk_0,He CUTS an angry big line under the last mark,
198、EXT. BEACH - LATER THAT DAY,doc_197_chunk_0,"then hacks away at the palm tree, slashing it with the stone knife, ripping and marking through all his dates.",
198、EXT. BEACH - LATER THAT DAY,doc_197_chunk_0,Chuck drops the broken half and catches his breath.,
202、INT. CAVE - DAYS LATER,doc_201_chunk_0,Chuck covers his hand with paint and makes a handprint on the wall of the cave.,"Cave, Chuck creating a handprint"
202、INT. CAVE - DAYS LATER,doc_201_chunk_0,He stands back and looks at it.,"Cave, Chuck creating a handprint"
189、EXT. ROCKY LEDGE - NIGHT - LATER,doc_188_chunk_0,"Torch in one hand, Wilson in the other, Chuck walks across the rocky ledge.",Rocky ledge
189、EXT. ROCKY LEDGE - NIGHT - LATER,doc_188_chunk_0,He passes the flume without even noticing.,"Rocky ledge, passing the flume"
189、EXT. ROCKY LEDGE - NIGHT - LATER,doc_188_chunk_0,"He bends down and fixes it, then heads on down the ledge.","Rocky ledge, fixing the sandal"
20、INT. FEDEX OFFICES - DAY,doc_19_chunk_3,Chuck glances sharply at Yuri.,After a wrong answer by the Translator
20、INT. FEDEX OFFICES - DAY,doc_19_chunk_3,"Chuck takes the phone, opening his BAG as he does so.",After Aleksei announces a phone call from Malaysia
20、INT. FEDEX OFFICES - DAY,doc_19_chunk_2,Chuck stops.,
20、INT. FEDEX OFFICES - DAY,doc_19_chunk_2,(pulls out a package from behind a table),
20、INT. FEDEX OFFICES - DAY,doc_19_chunk_2,"He hefts the package, as if trying to guess what's inside.",
194、INT. CAVE - DAY,doc_193_chunk_0,"wakes up, trembling, shaking, wet with sweat",in a cave
194、INT. CAVE - DAY,doc_193_chunk_0,staggers up,in a cave
194、INT. CAVE - DAY,doc_193_chunk_0,struggles to get another log on the fire,in a cave
194、INT. CAVE - DAY,doc_193_chunk_0,"squints at his only companion, the soccer ball",in a cave
194、INT. CAVE - DAY,doc_193_chunk_0,collapses again,in a cave
21、EXT. ST. PETERSBURG - DAY - MOMENTS LATER,doc_20_chunk_0,He notices the graffiti on the walls.,FedEx truck pulling out of FedEx office
217、INT. CAVE - NIGHT,doc_216_chunk_0,Chuck is making a list of what he needs.,
217、INT. CAVE - NIGHT,doc_216_chunk_0,He works intently.,
221、EXT. BEACH - DAY,doc_220_chunk_0,Chuck digs a channel toward the raft.,
216、INT. CAVE - NIGHT,doc_215_chunk_0,Chuck is drawing with a purpose now.,
215、EXT. JUNGLE - DAY,doc_214_chunk_0,Chuck throws aside palm leaves,
204、INT. CAVE - DAY,doc_203_chunk_0,"With the Angel Wing Box as a model, Chuck dips one of his feather brushes in paint, and make a tentative line on the wall of the cave.","Cave, painting"
204、INT. CAVE - DAY,doc_203_chunk_0,"He works hesitantly, rubs off a line, tries again.","Cave, painting"
143、EXT. BEACH - LATER,doc_142_chunk_0,"Chuck gives one last saw with his bamboo and stops, utterly defeated.",
143、EXT. BEACH - LATER,doc_142_chunk_0,He starts to rub again.,
143、EXT. BEACH - LATER,doc_142_chunk_0,"He breathes hard, sweat pours off his face.",
143、EXT. BEACH - LATER,doc_142_chunk_0,"He is really going for it, what the hell!",
143、EXT. BEACH - LATER,doc_142_chunk_0,Chuck saws with even more energy.,
143、EXT. BEACH - LATER,doc_142_chunk_0,"Chuck rips away the bamboo, grabs the nest of shavings, and blows on it frantically.",
143、EXT. BEACH - LATER,doc_142_chunk_0,Chuck can't believe it.,
223、INT. CAVE - NIGHT,doc_222_chunk_0,Chuck writes on the wall.,
20、INT. FEDEX OFFICES - DAY,doc_19_chunk_6,Chuck and Aleksei walk toward the office.,"After crew disperses, walking toward office"
20、INT. FEDEX OFFICES - DAY,doc_19_chunk_6,Chuck lets a corner of his command persona slip.,Walking toward office with Aleksei
175、INT. CAVE - MORNING,doc_174_chunk_0,Chuck mixes a mash of breadfruit and coconut.,Inside a cave
175、INT. CAVE - MORNING,doc_174_chunk_0,"He tries to pack the tooth with the mash, but it's so sensitive that even this hurts.",Inside a cave
175、INT. CAVE - MORNING,doc_174_chunk_0,He pounds the floor of the cave in frustration.,Inside a cave
20、INT. FEDEX OFFICES - DAY,doc_19_chunk_4,He pulls out a set of blueprints and tacks them to a bulletin board as he talks.,in the warehouse
20、INT. FEDEX OFFICES - DAY,doc_19_chunk_4,Chuck keeps an eye on what is going on in the warehouse.,in the warehouse
20、INT. FEDEX OFFICES - DAY,doc_19_chunk_4,Then he notices something over by one of the trucks.,in the warehouse
22、INT. TRUCK - MOMENTS LATER,doc_21_chunk_1,Chuck grins,
218、EXT. JUNGLE - DAY,doc_217_chunk_0,Chuck lashes the barrels onto the raft.,
218、EXT. JUNGLE - DAY,doc_217_chunk_0,Checks the knots.,
218、EXT. JUNGLE - DAY,doc_217_chunk_0,Lashes more rope.,
205、INT. CAVE - NIGHT,doc_204_chunk_0,"Chuck is finishing his first figure, a crude portrait of a man -- himself? Hard to tell.",
205、INT. CAVE - NIGHT,doc_204_chunk_0,He examines his work.,
205、INT. CAVE - NIGHT,doc_204_chunk_0,He takes some shells and sticks them on as eyes.,
205、INT. CAVE - NIGHT,doc_204_chunk_0,"Chuck picks up Wilson, thinks.",
205、INT. CAVE - NIGHT,doc_204_chunk_0,He takes some charcoal out of his fire and draws eyebrows on the ball.,
205、INT. CAVE - NIGHT,doc_204_chunk_0,"Then, he mashes some berries, dips his fingers in the juice, and makes lips.",
205、INT. CAVE - NIGHT,doc_204_chunk_0,He sticks shells on with clay for eyes.,
213、EXT. BEACH - LATER,doc_212_chunk_0,Chuck rolls a barrel up the beach.,beach
222、INT. CAVE - DAY,doc_221_chunk_0,"Chuck constructs a water collection device with some FedEx boxes, some plastic weighted with a stone.",
222、INT. CAVE - DAY,doc_221_chunk_0,Explains it to Wilson.,
211、EXT. BEACH - DAY,doc_210_chunk_0,Chuck emerges from the palm trees,"Palm trees, two oil drums"
211、EXT. BEACH - DAY,doc_210_chunk_0,Chuck stares at the barrels,"Palm trees, two oil drums"
178、INT. CAVE - LATER,doc_177_chunk_0,"Determined, Chuck hold the stone chisel again.",
178、INT. CAVE - LATER,doc_177_chunk_0,He raises it slowly to his mouth and picks up the hammer stone.,
178、INT. CAVE - LATER,doc_177_chunk_0,He brings the hammer down hard on the chisel!,
178、INT. CAVE - LATER,doc_177_chunk_0,Chuck's SCREAM,
225、EXT. LAGOON - DAY,doc_224_chunk_1,"Chuck recovers, paddles with all his strength, and then he's clear of the breakers!","On a raft, after a wave recedes"
195、INT. CAVE - NIGHT,doc_194_chunk_0,Chuck stirs and squints his eyes.,
195、INT. CAVE - NIGHT,doc_194_chunk_0,He takes a drink of water.,
195、INT. CAVE - NIGHT,doc_194_chunk_0,He is feeling better.,
195、INT. CAVE - NIGHT,doc_194_chunk_0,He puts another log on the fire and slowly begins to chew on some breadfruit and dried fish.,
227、EXT. OCEAN - DAY - FOUR WEEKS LATER,doc_226_chunk_0,"He lies looking over the side of the raft, spear in one hand, staring intently at the water.",On a raft in the ocean
214、EXT. BEACH - LATER,doc_213_chunk_0,"Chuck hauls hard on a rope made of vines, pulling the barrel up off the beach.",beach
207、INT. CAVE - DAY,doc_206_chunk_1,Chuck takes white paint and covers his hand.,Montage: Chuck painting himself
207、INT. CAVE - DAY,doc_206_chunk_1,Then he presses it into his chest and makes a handprint.,Montage: Chuck painting himself
207、INT. CAVE - DAY,doc_206_chunk_1,He draws a yellow spiral on his leg,Montage: Chuck painting himself
207、INT. CAVE - DAY,doc_206_chunk_1,then takes red and makes jagged lightning bolts on his chest on either side of the hand.,Montage: Chuck painting himself
207、INT. CAVE - DAY,doc_206_chunk_1,"Looking at himself in the reflection, he dots on blue stars with dark blue from squid ink.",Montage: Chuck painting himself
212、EXT. BEACH - LATER,doc_211_chunk_0,Chuck sits staring at the oil drums.,
212、EXT. BEACH - LATER,doc_211_chunk_0,It's almost as if he is hesitating to take advantage of them.,
212、EXT. BEACH - LATER,doc_211_chunk_0,"That he may not want, really, to leave now.",
212、EXT. BEACH - LATER,doc_211_chunk_0,Then his inner struggle ends.,
22、INT. TRUCK - MOMENTS LATER,doc_21_chunk_0,"Chuck rides next to LEV, the driver, a serious sort.",In a vehicle
22、INT. TRUCK - MOMENTS LATER,doc_21_chunk_0,Chuck looks at Lev with respect.,In a vehicle
185、EXT. CLIFF - SUNRISE,doc_184_chunk_0,Chuck carries firewood up to the summit.,"Summit, by the fire, watching whales"
185、EXT. CLIFF - SUNRISE,doc_184_chunk_0,He mechanically adds wood to the fire.,"Summit, by the fire, watching whales"
185、EXT. CLIFF - SUNRISE,doc_184_chunk_0,"As he does so, something out to sea catches his eye.","Summit, by the fire, watching whales"
185、EXT. CLIFF - SUNRISE,doc_184_chunk_0,He stops and stands up.,"Summit, by the fire, watching whales"
185、EXT. CLIFF - SUNRISE,doc_184_chunk_0,a light comes back into his eyes.,"Summit, by the fire, watching whales"
185、EXT. CLIFF - SUNRISE,doc_184_chunk_0,He grins.,"Summit, by the fire, watching whales"
185、EXT. CLIFF - SUNRISE,doc_184_chunk_0,He turns and strides down the hill.,"Summit, by the fire, watching whales"
227、EXT. OCEAN - DAY - FOUR WEEKS LATER,doc_226_chunk_2,--He catches it again just as it almost flops over the side.,
232、EXT. RAFT - DAY,doc_231_chunk_0,Chuck saws at the outer log with his stone knife.,
232、EXT. RAFT - DAY,doc_231_chunk_0,"He looks at the deteriorating rope, at the rotting sail.",
232、EXT. RAFT - DAY,doc_231_chunk_0,"Chuck pushes the outer log away, then takes the loose rope and begins to lash it around the center logs.",
225、EXT. LAGOON - DAY,doc_224_chunk_0,With his paddles Chuck maneuvers the raft toward the cut in the reef.,"Reef, approaching the cut"
225、EXT. LAGOON - DAY,doc_224_chunk_0,"Chuck watches, times the waves, paddles like mad.","Reef, approaching the cut"
225、EXT. LAGOON - DAY,doc_224_chunk_0,He's committed.,"Reef, approaching the cut"
231、EXT. RAFT - NIGHT,doc_230_chunk_0,"Chuck is staring into the sky, trying to find a star to navigate by.","Ocean at night, full moon"
224、EXT. BEACH - DAY,doc_223_chunk_0,"Chuck loads the raft, which rocks gently in the cove.","Cove, loading the raft"
224、EXT. BEACH - DAY,doc_223_chunk_0,And he gently leads the raft into the lagoon.,"Cove, leading raft into lagoon"
224、EXT. BEACH - DAY,doc_223_chunk_0,"He jumps onto the raft, begins to paddle out toward where the surf crashes onto the reef.","Reef area, paddling toward reef"
235、EXT. OCEAN - DAY,doc_234_chunk_0,"Chuck gets up with his spear, then puts it down.",Fish returning
225、EXT. LAGOON - DAY,doc_224_chunk_3,He stares at the lagoon and the receding water jugs.,
225、EXT. LAGOON - DAY,doc_224_chunk_3,Then he stares at the island.,
225、EXT. LAGOON - DAY,doc_224_chunk_3,Goodbye to all that.,
225、EXT. LAGOON - DAY,doc_224_chunk_3,He turns and begins raising the sail.,
229、EXT. RAFT - DAY - LATER,doc_228_chunk_0,Chuck has taken down the sail and rigged it as a canopy.,On a drifting raft
229、EXT. RAFT - DAY - LATER,doc_228_chunk_0,"Drenched with sweat, Chuck lies on the raft, trying to sleep.",On a drifting raft
229、EXT. RAFT - DAY - LATER,doc_228_chunk_0,He dabs at some sores that are ulcerating his body and won't let him get comfortable.,On a drifting raft
229、EXT. RAFT - DAY - LATER,doc_228_chunk_0,He looks around for the source.,On a drifting raft
229、EXT. RAFT - DAY - LATER,doc_228_chunk_4,"Slowly Chuck gets up, lifts up the water jar, and takes a swallow. Then another.",
23、EXT. HOTEL - ST. PETERSBURG,doc_22_chunk_0,enters the hotel,Hotel
23、EXT. HOTEL - ST. PETERSBURG,doc_22_chunk_0,doesn't even look up,Hotel
230、EXT. RAFT - DAY - LATER,doc_229_chunk_0,"Chuck works to braid a new rope. He is focused, concentrating as hard as he can, but everything is slow and hard and he's weak and clumsy.",
230、EXT. RAFT - DAY - LATER,doc_229_chunk_0,"He tests the rope, but it doesn't hold.",
230、EXT. RAFT - DAY - LATER,doc_229_chunk_0,"He gets an idea, starts to pull the signal kite in.",
230、EXT. RAFT - DAY - LATER,doc_229_chunk_0,He ties the log with the kite rope.,
230、EXT. RAFT - DAY - LATER,doc_229_chunk_0,"Exhausted, he lies back down.",
233、EXT. OCEAN - DAY,doc_232_chunk_4,he stares at where the whale had been,"On a raft, after the whale disappears"
233、EXT. OCEAN - DAY,doc_232_chunk_3,"Chuck rips a fillet off the line and throws it in front of the whale, which ignores it.","On a raft, Chuck throws a fish fillet in front of a whale"
232、EXT. RAFT - DAY,doc_231_chunk_1,"Chuck works frantically in the rain, trying to tie the rope.",On a raft in the rain
232、EXT. RAFT - DAY,doc_231_chunk_1,Finally he does.,On a raft in the rain
232、EXT. RAFT - DAY,doc_231_chunk_1,"Then he scrambles for his water collecting funnel, struggles to pull it up.",On a raft in the rain
232、EXT. RAFT - DAY,doc_231_chunk_1,"Desperately he rights it, pulls the funnel up.",On a raft in the rain
232、EXT. RAFT - DAY,doc_231_chunk_1,"Soaked, Chuck stares at the water as it rises.",On a raft in the rain
233、EXT. OCEAN - DAY,doc_232_chunk_0,"Chuck lies on the raft, sick and weak.","On a raft at sea, a whale approaches."
233、EXT. OCEAN - DAY,doc_232_chunk_1,"Startled, Chuck jumps back, rocking the raft.","On a raft, a whale is blowing spray."
233、EXT. OCEAN - DAY,doc_232_chunk_1,Chuck touches the whale again.,"On a raft, a whale is blowing spray."
241、EXT. RAFT - NEXT MORNING,doc_240_chunk_3,Chuck hangs on.,On a raft
236、EXT. OCEAN - NIGHT,doc_235_chunk_0,Chuck looks up.,"On a raft, after killing fish"
236、EXT. OCEAN - NIGHT,doc_235_chunk_0,He reaches out to touch the fish strips.,"On a raft, after killing fish"
236、EXT. OCEAN - NIGHT,doc_235_chunk_0,Suddenly he sees other lights.,"On a raft, after killing fish"
236、EXT. OCEAN - NIGHT,doc_235_chunk_0,"he hears it, a humming in deep register.","On a raft, after killing fish"
236、EXT. OCEAN - NIGHT,doc_235_chunk_0,He waves his hands.,"On a raft, after killing fish"
236、EXT. OCEAN - NIGHT,doc_235_chunk_0,He yells.,"On a raft, after killing fish"
237、EXT. OCEAN - DAY,doc_236_chunk_0,"Fascinated, he holds out his hand.",At a mast during a storm
238、EXT. OCEAN - DAY,doc_237_chunk_2,He splashes the water with his oar.,
238、EXT. OCEAN - DAY,doc_237_chunk_2,He begins to laugh.,
239、EXT. OCEAN - DAY,doc_238_chunk_5,"Chuck looks at it, uncomprehending.","On a raft, Dorados appear"
239、EXT. OCEAN - DAY,doc_238_chunk_5,Then slowly reaches for his spear.,"On a raft, Dorados appear"
239、EXT. OCEAN - DAY,doc_238_chunk_5,"Carefully he comes to his feet, then shoots the spear into the fish.","On a raft, Dorados appear"
239、EXT. OCEAN - DAY,doc_238_chunk_5,Chuck pounces on it.,"On a raft, Dorados appear"
238、EXT. OCEAN - DAY,doc_237_chunk_1,He takes his oar and begins beating the water.,
24、INT. HOTEL ROOM - NIGHT - LATER,doc_23_chunk_2,This is not what Chuck wanted to hear.,Listening to Kelly's voicemail
24、INT. HOTEL ROOM - NIGHT - LATER,doc_23_chunk_2,He's stumbling over whether to say I love you.,Leaving a voicemail for Kelly
24、INT. HOTEL ROOM - NIGHT - LATER,doc_23_chunk_2,He gently hangs up the phone.,Leaving a voicemail for Kelly
247、EXT. RAFT - MORNING,doc_246_chunk_0,"Chuck holds on, his face pale.",
242、EXT. RAFT - DAY - MOMENTS LATER,doc_241_chunk_0,Chuck lies back on the raft.,on a raft
242、EXT. RAFT - DAY - MOMENTS LATER,doc_241_chunk_0,He is humming.,on a raft
242、EXT. RAFT - DAY - MOMENTS LATER,doc_241_chunk_0,He smiles at the thought.,on a raft
238、EXT. OCEAN - DAY,doc_237_chunk_0,watches them play.,"On a raft after the storm, dolphins approach the raft."
238、EXT. OCEAN - DAY,doc_237_chunk_0,Then realizes they are chasing his fish.,"On a raft after the storm, dolphins approach the raft."
239、EXT. OCEAN - DAY,doc_238_chunk_0,Chuck tries to stretch with some simple yoga.,On a raft in a garbage slick
239、EXT. OCEAN - DAY,doc_238_chunk_0,Each movement takes forever.,On a raft in a garbage slick
239、EXT. OCEAN - DAY,doc_238_chunk_0,He rolls over onto his stomach and tries to do a pushup.,On a raft in a garbage slick
239、EXT. OCEAN - DAY,doc_238_chunk_0,He can't.,On a raft in a garbage slick
239、EXT. OCEAN - DAY,doc_238_chunk_0,Collapses onto the raft.,On a raft in a garbage slick
239、EXT. OCEAN - DAY,doc_238_chunk_0,Tries to do another pushup.,On a raft in a garbage slick
239、EXT. OCEAN - DAY,doc_238_chunk_0,Can't.,On a raft in a garbage slick
239、EXT. OCEAN - DAY,doc_238_chunk_0,He rolls over.,On a raft in a garbage slick
239、EXT. OCEAN - DAY,doc_238_chunk_0,He looks at the ocean.,On a raft in a garbage slick
245、EXT. RAFT - DAY - LATER,doc_244_chunk_1,He goes on writing.,
228、EXT. RAFT - MOMENTS LATER,doc_227_chunk_0,Chuck sucks the juice out of the head.,
228、EXT. RAFT - MOMENTS LATER,doc_227_chunk_0,He chews meat off the tiny rib bones.,
228、EXT. RAFT - MOMENTS LATER,doc_227_chunk_0,Chuck keeps eating.,
228、EXT. RAFT - MOMENTS LATER,doc_227_chunk_0,"He stares up at the sun, which beats down unmercifully.",
242、EXT. RAFT - DAY - MOMENTS LATER,doc_241_chunk_8,Chuck picks up Wilson.,
242、EXT. RAFT - DAY - MOMENTS LATER,doc_241_chunk_8,He holds Wilson close to his chest.,
242、EXT. RAFT - DAY - MOMENTS LATER,doc_241_chunk_8,He lies on the raft and holds Wilson close.,on the raft
242、EXT. RAFT - DAY - MOMENTS LATER,doc_241_chunk_6,Slowly Chuck sinks to his knees.,"On the raft, sea calm"
242、EXT. RAFT - DAY - MOMENTS LATER,doc_241_chunk_6,His hand lets loose his pants.,"On the raft, sea calm"
242、EXT. RAFT - DAY - MOMENTS LATER,doc_241_chunk_6,He lies down on the raft,"On the raft, sea calm"
244、EXT. OCEAN - NEXT MORNING,doc_243_chunk_0,Chuck slowly wakes up.,
244、EXT. OCEAN - NEXT MORNING,doc_243_chunk_0,Sets Wilson aside.,
244、EXT. OCEAN - NEXT MORNING,doc_243_chunk_0,He stands up and checks the horizon.,
242、EXT. RAFT - DAY - MOMENTS LATER,doc_241_chunk_7,The depression comes back again.,
227、EXT. OCEAN - DAY - FOUR WEEKS LATER,doc_226_chunk_1,Chuck stabs with his spear.,"On a raft, fishing"
227、EXT. OCEAN - DAY - FOUR WEEKS LATER,doc_226_chunk_1,Stabs again.,"On a raft, fishing"
227、EXT. OCEAN - DAY - FOUR WEEKS LATER,doc_226_chunk_1,"Exhausted, he sinks back to the raft.","On a raft, fishing"
227、EXT. OCEAN - DAY - FOUR WEEKS LATER,doc_226_chunk_1,Chuck tries to stare again into the water.,"On a raft, fishing"
227、EXT. OCEAN - DAY - FOUR WEEKS LATER,doc_226_chunk_1,"He spots another fish, a flash of silver under the surface.","On a raft, fishing"
227、EXT. OCEAN - DAY - FOUR WEEKS LATER,doc_226_chunk_1,"Chuck struggles to his feet, raises his spear.","On a raft, fishing"
227、EXT. OCEAN - DAY - FOUR WEEKS LATER,doc_226_chunk_1,"SPLAT! Something strikes him in the chest, almost knocking him into the water.","On a raft, fishing"
227、EXT. OCEAN - DAY - FOUR WEEKS LATER,doc_226_chunk_1,"Chuck dives at it, catches it, loses it.","On a raft, fishing"
241、EXT. RAFT - NEXT MORNING,doc_240_chunk_2,Chuck stabs again,"On a raft, during shark encounter"
241、EXT. RAFT - NEXT MORNING,doc_240_chunk_2,"Chuck kneels, wavering, on the raft","On a raft, after shark disappears"
253、INT. U.S. NAVAL HOSPITAL - HAWAII,doc_252_chunk_5,Chuck laughs again.,
253、INT. U.S. NAVAL HOSPITAL - HAWAII,doc_252_chunk_7,Chuck gives his biggest smile.,
253、INT. U.S. NAVAL HOSPITAL - HAWAII,doc_252_chunk_4,Chuck can't seem to help laughing at everything.,
242、EXT. RAFT - DAY - MOMENTS LATER,doc_241_chunk_3,Chuck jumps to his feet.,"Ship visible in haze, Chuck reacts"
242、EXT. RAFT - DAY - MOMENTS LATER,doc_241_chunk_3,Waves.,"Ship visible in haze, Chuck reacts"
242、EXT. RAFT - DAY - MOMENTS LATER,doc_241_chunk_3,Screams.,"Ship visible in haze, Chuck reacts"
256、EXT. PHONE CUBICLE - MINUTES LATER,doc_255_chunk_0,staring at the phone,
253、INT. U.S. NAVAL HOSPITAL - HAWAII,doc_252_chunk_3,Chuck has been trying not to laugh.,
253、INT. U.S. NAVAL HOSPITAL - HAWAII,doc_252_chunk_3,Now he can't stop himself.,
205、INT. CAVE - NIGHT,doc_204_chunk_2,"Dissatisfied, he wipes it away.",
205、INT. CAVE - NIGHT,doc_204_chunk_2,He looks at the Angel Box.,
205、INT. CAVE - NIGHT,doc_204_chunk_2,Casually he reaches over and cuts it open with a stone knife.,
205、INT. CAVE - NIGHT,doc_204_chunk_2,He reads over it.,
205、INT. CAVE - NIGHT,doc_204_chunk_2,"Visibly moved, Chuck puts down the letter.",
246、EXT. RAFT - NIGHT,doc_245_chunk_0,Chuck holding desperately to it,On a raft during a storm with lightning flashes
246、EXT. RAFT - NIGHT,doc_245_chunk_0,his eyes wild with fear,On a raft during a storm with lightning flashes
205、INT. CAVE - NIGHT,doc_204_chunk_1,Then he looks at the face.,Inside a cave
205、INT. CAVE - NIGHT,doc_204_chunk_1,He sits back and regards his companion.,Inside a cave
205、INT. CAVE - NIGHT,doc_204_chunk_1,He gestures around the cave at the new paintings.,Inside a cave
205、INT. CAVE - NIGHT,doc_204_chunk_1,Idly Chuck takes down the Angel Box.,Inside a cave
205、INT. CAVE - NIGHT,doc_204_chunk_1,For a long time he studies the wings on it.,Inside a cave
205、INT. CAVE - NIGHT,doc_204_chunk_1,"With a stick, he tries to draw a similar wing on the dusty floor of the cave.",Inside a cave
248、EXT. OCEAN - DAY - LATER,doc_247_chunk_1,Then he dives in to the water!,
248、EXT. OCEAN - DAY - LATER,doc_247_chunk_1,Swims frantically after Wilson.,
248、EXT. OCEAN - DAY - LATER,doc_247_chunk_1,"He swims, but he's so weak.",
248、EXT. OCEAN - DAY - LATER,doc_247_chunk_1,Finally he gets to Wilson.,
248、EXT. OCEAN - DAY - LATER,doc_247_chunk_1,"He reaches out, but only pushes the ball farther away.",
248、EXT. OCEAN - DAY - LATER,doc_247_chunk_1,"Chuck treads water, exhausted.",
248、EXT. OCEAN - DAY - LATER,doc_247_chunk_1,Then he turns back the other way.,
248、EXT. OCEAN - DAY - LATER,doc_247_chunk_1,"He can go after Wilson, or he can go after the raft.",
237、EXT. OCEAN - DAY,doc_236_chunk_1,"Chuck stares, then realizes the danger and throws himself down on the raft.","On the raft during a storm, when he realizes the danger"
237、EXT. OCEAN - DAY,doc_236_chunk_1,"Frantic, Chuck lets out the sea anchor as the raft scuds down a huge wave.","On the raft during a storm, as the raft scuds down a huge wave"
237、EXT. OCEAN - DAY,doc_236_chunk_1,All Chuck can do is hold on.,"On the raft during a storm, as the raft rides the waves"
253、INT. U.S. NAVAL HOSPITAL - HAWAII,doc_252_chunk_1,He plays idly with the remote control of the bed.,"Hospital room, Chuck in bed"
253、INT. U.S. NAVAL HOSPITAL - HAWAII,doc_252_chunk_1,"He raises the head, then the foot.","Hospital room, Chuck in bed"
253、INT. U.S. NAVAL HOSPITAL - HAWAII,doc_252_chunk_1,He pushes another button and the knee rest bends the bed again.,"Hospital room, Chuck in bed"
253、INT. U.S. NAVAL HOSPITAL - HAWAII,doc_252_chunk_1,Chuck gives him a big manic grin.,"Hospital room, Chuck in bed as Doctor enters"
253、INT. U.S. NAVAL HOSPITAL - HAWAII,doc_252_chunk_6,He starts to laugh again.,
253、INT. U.S. NAVAL HOSPITAL - HAWAII,doc_252_chunk_6,Chuck stifles his laughter.,
249、EXT. RAFT - DAY - LATER,doc_248_chunk_0,"Chuck takes a swallow of water, washes it around in his mouth, then swallows.",
249、EXT. RAFT - DAY - LATER,doc_248_chunk_0,With his wet tongue he licks his cracked lips.,
249、EXT. RAFT - DAY - LATER,doc_248_chunk_0,"With what strength he has left, Chuck raises the canopy, fastens it.",After sun breaks through clouds
249、EXT. RAFT - DAY - LATER,doc_248_chunk_0,"He sits in the meager shade, his head between his knees.",In the meager shade
249、EXT. RAFT - DAY - LATER,doc_248_chunk_0,Closes his eyes. Just for a minute.,In the meager shade
254、INT. HOSPITAL - NIGHT - LATER,doc_253_chunk_0,"Rolling his IV, Chuck walks very slowly out of the ward.","In the ward, Chuck walking out"
254、INT. HOSPITAL - NIGHT - LATER,doc_253_chunk_0,Every step is an effort.,"In the ward, Chuck walking out"
261、INT. DENTIST - NEXT DAY,doc_260_chunk_0,Chuck looks up at her.,Dental appointment
261、INT. DENTIST - NEXT DAY,doc_260_chunk_0,Chuck shakes his head: no.,Dental appointment
241、EXT. RAFT - NEXT MORNING,doc_240_chunk_1,"BadChuck hums the theme from ""Jaws.""","On a raft, shark attack"
241、EXT. RAFT - NEXT MORNING,doc_240_chunk_1,Chuck takes his spear stabs at the shark.,"On a raft, shark attack"
255、INT. PHONE CUBICLE - NIGHT - MINUTES LATER,doc_254_chunk_0,Chuck is listening to the phone ring.,"Small windowless room, desk and phone"
255、INT. PHONE CUBICLE - NIGHT - MINUTES LATER,doc_254_chunk_0,"Chuck is overcome for a moment, can't say a word.","Small windowless room, desk and phone"
255、INT. PHONE CUBICLE - NIGHT - MINUTES LATER,doc_254_chunk_0,For some reason he can't keep himself from laughing.,"Small windowless room, desk and phone"
255、INT. PHONE CUBICLE - NIGHT - MINUTES LATER,doc_254_chunk_0,He covers the mouthpiece and laughs.,"Small windowless room, desk and phone"
252、EXT. SHIP - DAY - LATER,doc_251_chunk_0,"Chuck steps on board, can't support himself.","Onboard a ship, Chuck boards and is unable to stand."
252、EXT. SHIP - DAY - LATER,doc_251_chunk_0,"Chuck sits there, shivering now.","Onboard a ship, Chuck sits and shivers."
252、EXT. SHIP - DAY - LATER,doc_251_chunk_0,Deliriously happy. Delirious.,"Onboard a ship, Chuck is deliriously happy."
24、INT. HOTEL ROOM - NIGHT - LATER,doc_23_chunk_0,"Chuck is watching CNN on the television, working his PowerBook, and holding the phone.",In the bedroom
24、INT. HOTEL ROOM - NIGHT - LATER,doc_23_chunk_0,He hangs up.,In the bedroom
24、INT. HOTEL ROOM - NIGHT - LATER,doc_23_chunk_0,"He gets up, heads into the bathroom.",In the bedroom
261、INT. DENTIST - NEXT DAY,doc_260_chunk_1,Chuck opens his mouth even further.,"Dental office, during a dental examination"
24、INT. HOTEL ROOM - NIGHT - LATER,doc_23_chunk_1,Chuck takes out a roll of toilet paper.,"After the light reemerges, Chuck at his bag"
24、INT. HOTEL ROOM - NIGHT - LATER,doc_23_chunk_1,"He goes into the bathroom, closes the door.","After taking toilet paper, Chuck enters bathroom"
24、INT. HOTEL ROOM - NIGHT - LATER,doc_23_chunk_1,"Chuck charges out, holding up his pants.","After the lights return and phone rings, Chuck exits bathroom"
24、INT. HOTEL ROOM - NIGHT - LATER,doc_23_chunk_1,Grabs the phone.,"After charging out, Chuck grabs the phone"
241、EXT. RAFT - NEXT MORNING,doc_240_chunk_0,Chuck splashes sea water on his face.,at the ocean
241、EXT. RAFT - NEXT MORNING,doc_240_chunk_0,Chuck picks up the smallest fish.,at the ocean
241、EXT. RAFT - NEXT MORNING,doc_240_chunk_0,He washes it in the ocean.,at the ocean
241、EXT. RAFT - NEXT MORNING,doc_240_chunk_0,He cuts the small fish and hangs it on the stays.,at the ocean
26、INT. FEDEX WAREHOUSE - ST. PETERSBURG - WEEK LATER,doc_25_chunk_0,Chucks looks at the clock.,"Loading the semi for the airport run, containers being rolled on"
26、INT. FEDEX WAREHOUSE - ST. PETERSBURG - WEEK LATER,doc_25_chunk_0,Chuck looks around at his team.,"Loading the semi for the airport run, containers being rolled on"
261、INT. DENTIST - NEXT DAY,doc_260_chunk_5,But Chuck is limping out the door.,
262、INT. DENTIST - WAITING ROOM,doc_261_chunk_0,Slowly and painfully Chuck enters.,"Dentist waiting room, Chuck enters"
262、INT. DENTIST - WAITING ROOM,doc_261_chunk_3,His responses come so quick. Chuck seems blissfully sure of himself.,
243、EXT. OCEAN - AERIAL - EVENING,doc_242_chunk_0,"Chuck lying curled up on the raft, Wilson cradled in his arms",On the raft in the vast empty ocean
263、EXT. HAWAII - DAY,doc_262_chunk_4,This interests Chuck to no end.,
261、INT. DENTIST - NEXT DAY,doc_260_chunk_2,Chuck nods.,During technician's conversation about prosthetic foot
261、INT. DENTIST - NEXT DAY,doc_260_chunk_2,Chuck does.,During technician's conversation about prosthetic foot
261、INT. DENTIST - NEXT DAY,doc_260_chunk_2,Chuck struggles out of the chair.,After Stan bursts into the room
261、INT. DENTIST - NEXT DAY,doc_260_chunk_2,"Chuck laughs, thrilled to see Stan.",After Stan bursts into the room
263、EXT. HAWAII - DAY,doc_262_chunk_3,And he seems really to believe it.,
266、EXT. MEMPHIS SUPERHUB - MOMENTS LATER,doc_265_chunk_4,"smiles, then laughs, getting into the emotion.",
266、EXT. MEMPHIS SUPERHUB - MOMENTS LATER,doc_265_chunk_4,He keeps up an almost indecipherable babble underneath the cheering.,
266、EXT. MEMPHIS SUPERHUB - MOMENTS LATER,doc_265_chunk_4,Occasionally he sees someone he knows.,
263、EXT. HAWAII - DAY,doc_262_chunk_6,"He tries to put it into words, isn't quite sure how.",Near a raft
264、INT. FEDEX PLANE - NIGHT,doc_263_chunk_3,He thinks some more.,
264、INT. FEDEX PLANE - NIGHT,doc_263_chunk_3,He looks out the window.,
250、EXT. OCEAN - DAY - LATER,doc_249_chunk_0,A different sort of shadow crosses Chuck's face.,on a raft
250、EXT. OCEAN - DAY - LATER,doc_249_chunk_0,He opens his eyes.,on a raft
250、EXT. OCEAN - DAY - LATER,doc_249_chunk_0,"Chuck sits up, can't believe it.",on a raft
250、EXT. OCEAN - DAY - LATER,doc_249_chunk_0,Struggles to cover himself.,on a raft
263、EXT. HAWAII - DAY,doc_262_chunk_7,He has something more to say. She waits.,
262、INT. DENTIST - WAITING ROOM,doc_261_chunk_4,Chuck laughs.,"Waiting area, after Kelly mentions Jango"
263、EXT. HAWAII - DAY,doc_262_chunk_10,Chuck grins.,After Kelly says she's glad Chuck is alive
263、EXT. HAWAII - DAY,doc_262_chunk_10,"Chuck stands by his raft, watching her go.",After Kelly heads for the waiting car
263、EXT. HAWAII - DAY,doc_262_chunk_9,He nods,
263、EXT. HAWAII - DAY,doc_262_chunk_9,They hold each other. For a long time.,
264、INT. FEDEX PLANE - NIGHT,doc_263_chunk_1,Chuck stares at him.,during Stan's question about Chuck's past
267、EXT. SUPERHUB - WIDE,doc_266_chunk_0,Chuck makes his triumphant way through this amazing collection of cheering people like Moses parting the Red Sea.,crowd of cheering people
266、EXT. MEMPHIS SUPERHUB - MOMENTS LATER,doc_265_chunk_1,Chuck appears in the door.,"Airport tarmac, plane has landed and cargo doors are open"
266、EXT. MEMPHIS SUPERHUB - MOMENTS LATER,doc_265_chunk_1,He holds the FedEx Package and a small travel bag.,"Airport tarmac, plane has landed and cargo doors are open"
266、EXT. MEMPHIS SUPERHUB - MOMENTS LATER,doc_265_chunk_1,Chuck blinks against the lights and the glare.,"Airport tarmac, plane has landed and cargo doors are open"
260、EXT. HAWAII - BEACH RESTAURANT,doc_259_chunk_0,He gestures to the waiter.,"Terrace by the ocean, Chuck at table with multiple plates"
260、EXT. HAWAII - BEACH RESTAURANT,doc_259_chunk_0,Chuck doesn't glance at it.,"Terrace by the ocean, Chuck at table with multiple plates"
271、INT. CAR - MEMPHIS FREEWAY,doc_270_chunk_0,"Chuck looks out at the traffic, at all the activity, at the vast intricate anthill of humanity going everywhere and nowhere.","Inside a car, Stan driving through city traffic."
271、INT. CAR - MEMPHIS FREEWAY,doc_270_chunk_1,Chuck stares at him.,
277、EXT. FREEWAY - DAY,doc_276_chunk_0,Chuck negotiates an overpass crossing an Interstate Highway.,Overpass crossing an Interstate Highway
257、INT. PHONE CUBICLE - MINUTES LATER,doc_256_chunk_0,"Chuck looks around, trying to locate the sound.",
257、INT. PHONE CUBICLE - MINUTES LATER,doc_256_chunk_0,"He looks up, focuses on the fluorescent light, then picks up the phone again.",
287、EXT. GAS STATION - DAY,doc_286_chunk_0,Chuck asks for directions.,
276、EXT. HIGHWAY - DAY,doc_275_chunk_0,Chuck rides his bicycle down a road leading into the South.,On a road leading into the South
266、EXT. MEMPHIS SUPERHUB - MOMENTS LATER,doc_265_chunk_2,Chuck smiles.,"Top of steps, crowd cheers"
266、EXT. MEMPHIS SUPERHUB - MOMENTS LATER,doc_265_chunk_2,And Chuck waves.,"Top of steps, crowd cheers"
266、EXT. MEMPHIS SUPERHUB - MOMENTS LATER,doc_265_chunk_2,He's overwhelmed by all the input.,"Top of steps, crowd cheers"
266、EXT. MEMPHIS SUPERHUB - MOMENTS LATER,doc_265_chunk_2,He looks around at the crowds.,"Bottom of steps, after Roger's embrace and Mary's hug"
259、INT. PHONE CUBICLE - MOMENTS LATER,doc_258_chunk_0,Chuck's on the phone again.,Phone call with Stan
259、INT. PHONE CUBICLE - MOMENTS LATER,doc_258_chunk_0,"Chuck begins to laugh, a little too loud, a little too shrill. He's on a high.",Phone call with Stan
266、EXT. MEMPHIS SUPERHUB - MOMENTS LATER,doc_265_chunk_3,Stan and Chuck head for the podium.,"At an event with loaders, operators, and package scanners, heading to the podium"
288、EXT. GAS STATION - MOMENTS LATER,doc_287_chunk_0,Chuck pulls some clothes out of his saddle bags.,
270、EXT. SUPERHUB - PLATFORM,doc_269_chunk_2,He looks over at the hub.,Inside a shed
270、EXT. SUPERHUB - PLATFORM,doc_269_chunk_2,He points at some high tech equipment on the edge of the shed.,Inside a shed
270、EXT. SUPERHUB - PLATFORM,doc_269_chunk_2,"He looks around at everyone, doesn't know what else to say.",Inside a shed
273、EXT. CHUCK'S MOTEL - THAT NIGHT,doc_272_chunk_0,"Chuck leaves the motel, the Angel Box under his arm.",Leaving the motel
273、EXT. CHUCK'S MOTEL - THAT NIGHT,doc_272_chunk_0,He ties it into a pannier on the side of a bicycle.,Tying the Angel Box to a bicycle pannier
270、EXT. SUPERHUB - PLATFORM,doc_269_chunk_1,Chuck acknowledges the cheers of the crowd.,Welcome home event
270、EXT. SUPERHUB - PLATFORM,doc_269_chunk_1,"He laughs, a short brittle laugh, composes himself.",Welcome home event
280、INT. CAFE - NIGHT,doc_279_chunk_4,Chuck looks down at his doodling.,"Restaurant, after waitress requests signature on place mat."
280、INT. CAFE - NIGHT,doc_279_chunk_4,Hesitates.,"Restaurant, after waitress requests signature on place mat."
280、INT. CAFE - NIGHT,doc_279_chunk_4,Then signs his name.,"Restaurant, after waitress requests signature on place mat."
263、EXT. HAWAII - DAY,doc_262_chunk_1,picks up his still,"On the raft, during a discussion of survival items."
270、EXT. SUPERHUB - PLATFORM,doc_269_chunk_3,leaves the podium,Leaving the podium
270、EXT. SUPERHUB - PLATFORM,doc_269_chunk_3,heads for the car,"Heading to the car, reporters shouting"
279、EXT. ARKANSAS - NIGHT,doc_278_chunk_0,Chuck gets off his bicycle in the rain and walks toward a roadside cafe,"roadside cafe, rain"
292、INT. KITCHEN - LATER,doc_291_chunk_2,"Chuck thinks about that. After a moment, he grins.",
28、INT. FEDEX OFFICES - ST. PETERSBURG,doc_27_chunk_0,But not Chuck. He's hands on.,"Loading dock, executives watching the truck arrive"
28、INT. FEDEX OFFICES - ST. PETERSBURG,doc_27_chunk_0,He heads toward the truck and begins pulling off packages.,"Loading dock, Chuck unloading the truck"
283、INT. FRAME HOUSE - ARKANSAS - DAY,doc_282_chunk_1,"He does, but that's not it entirely.","Home, conversation with mother"
280、INT. CAFE - NIGHT,doc_279_chunk_2,painting on the walls,Chuck's cave
280、INT. CAFE - NIGHT,doc_279_chunk_2,he's not talking,Chuck's cave
275、EXT. CEMETERY - NIGHT,doc_274_chunk_0,Chuck walks through the cemetery late at night.,Cemetery at night
275、EXT. CEMETERY - NIGHT,doc_274_chunk_0,"He comes to his gravestone, stares for a long moment at the inscription, then takes out a spray can of paint and puts a HANDPRINT on it.",Cemetery at night
275、EXT. CEMETERY - NIGHT,doc_274_chunk_0,He gets back on his bicycle and rides away.,Cemetery at night
293、EXT. BEACH HOUSE - HOUR LATER,doc_292_chunk_0,"He takes it, not exactly sure he wants it.","Front yard, goodbye scene"
283、INT. FRAME HOUSE - ARKANSAS - DAY,doc_282_chunk_0,eats a Southern fried drumstick,Dinner table at home
283、INT. FRAME HOUSE - ARKANSAS - DAY,doc_282_chunk_0,gestures,Dinner table at home
283、INT. FRAME HOUSE - ARKANSAS - DAY,doc_282_chunk_0,looks around the house,Dinner table at home
291、INT. HOUSE - DAY,doc_290_chunk_0,Chuck stares at them.,"A space with ladders, scaffolds, and huge paintings of wings and angels."
278、EXT. HIGHWAY - DUSK - LATER,doc_277_chunk_0,Chuck rides down a narrow road,A narrow road shrouded in mist
284、EXT. ARKANSAS - DAY,doc_283_chunk_0,"Chuck rides away from the small neat frame house, down a country lane with trailers up on blocks",Leaving a small neat frame house on a country lane with trailers up on blocks
289、EXT. GAS STATION - MOMENTS LATER,doc_288_chunk_0,Chuck emerges from the restroom wearing a FedEx shirt and shorts.,Restroom
317、INT. FEDEX OFFICES - MANILA - DAY - MOMENTS LATER,doc_316_chunk_0,Chuck is on the phone.,
317、INT. FEDEX OFFICES - MANILA - DAY - MOMENTS LATER,doc_316_chunk_0,"Chuck hesitates for a moment, then looks at his watch.",
294、EXT. BEACH HOUSE - MOMENTS LATER,doc_293_chunk_0,"Chuck rides his bicycle away, along the shore.",Along the shore
274、EXT. MEMPHIS - CHICKASAW GARDENS - NIGHT,doc_273_chunk_0,Chuck sneaks up to a craftsman cottage and stands by a tree with a swing on it.,Outside a craftsman cottage
274、EXT. MEMPHIS - CHICKASAW GARDENS - NIGHT,doc_273_chunk_0,For a moment Chuck watches through the window,Outside a craftsman cottage
297、EXT. BEACH - MOMENTS LATER,doc_296_chunk_0,Chuck pushes on the truck,
285、EXT. GULF COAST - DAY,doc_284_chunk_0,leaves a cheap motel,Dawn at a cheap motel
298、EXT. BEACH - MOMENTS LATER,doc_297_chunk_0,He picks up his bike.,"At the truck, after dialogue with Driver"
296、EXT. BEACH - MOMENTS LATER,doc_295_chunk_0,Chuck gets off his bike,"Sandy road, bike wheels stuck in sand, high tide approaching"
290、EXT. BEACH HOUSE - HOUR LATER,doc_289_chunk_0,"Carrying the Angel Wing Box under his arm, Chuck checks the address in his hand.",Beach house exterior
320、INT. FEDEX OFFICES - DAY,doc_319_chunk_1,Chuck leads his team through the sorting area.,"Sorting area, after Chuck's speech about teamwork"
286、EXT. MISSISSIPPI GULF COAST - DAY - LATER,doc_285_chunk_0,Chuck rides on a ferry,"On a ferry, gray and drizzly weather"
286、EXT. MISSISSIPPI GULF COAST - DAY - LATER,doc_285_chunk_0,He smells the salt water,"On a ferry, gray and drizzly weather"
292、INT. KITCHEN - LATER,doc_291_chunk_0,takes a sip,"Counter, coffee and magazines"
320、INT. FEDEX OFFICES - DAY,doc_319_chunk_0,Chuck displays the FedEx box.,staff assembly near the loading dock
322、INT. TRUCK - MOMENTS LATER,doc_321_chunk_1,Chuck grins.,
32、INT. MD-11 - MOMENTS LATER,doc_31_chunk_3,Chuck can't believe it.,
299、INT. FEDEX TRUCK - MOMENTS LATER,doc_298_chunk_1,"And that makes Chuck laugh, really laugh, for the first time.",
29、INT. FEDEX OFFICES - ST. PETERSBURG - MINUTES LATER,doc_28_chunk_0,works like a man possessed,"Office, sorting packages"
29、INT. FEDEX OFFICES - ST. PETERSBURG - MINUTES LATER,doc_28_chunk_0,gestures at a closed container,"Office, sorting packages"
29、INT. FEDEX OFFICES - ST. PETERSBURG - MINUTES LATER,doc_28_chunk_0,"is everywhere, setting the example","Office, sorting packages"
31、EXT. CHARLES DE GAULLE AIRPORT - DAY,doc_30_chunk_0,Chuck goes up the gangway next to the forklifts.,"FedEx MD-11 loading area, freight containers being loaded"
332、INT. MD-11 - MOMENTS LATER,doc_331_chunk_0,Chuck sticks his head in the cockpit.,Cockpit during pre-flight checklist
32、INT. MD-11 - MOMENTS LATER,doc_31_chunk_0,Chuck sticks his head in the cockpit.,"Inside the cockpit, during pre-flight checklist"
332、INT. MD-11 - MOMENTS LATER,doc_331_chunk_3,Chuck can't believe it.,
321、EXT. ST. PETERSBURG - DAY - MOMENTS LATER,doc_320_chunk_0,He notices the graffiti on the walls.,"FedEx office, truck pulling out"
262、INT. DENTIST - WAITING ROOM,doc_261_chunk_1,"Chuck is happy, he's still riding the high.",
262、INT. DENTIST - WAITING ROOM,doc_261_chunk_1,"He meets her gaze, looks her over with a smile.",
262、INT. DENTIST - WAITING ROOM,doc_261_chunk_1,He notices the ring on her hand.,
32、INT. MD-11 - MOMENTS LATER,doc_31_chunk_1,Chuck hands Jack and Gwen small packages.,FedEx vehicle
320、INT. FEDEX OFFICES - DAY,doc_319_chunk_2,Chuck stops.,
320、INT. FEDEX OFFICES - DAY,doc_319_chunk_2,pulls out a package from behind a table,
320、INT. FEDEX OFFICES - DAY,doc_319_chunk_2,"He hefts the package, as if trying to guess what's inside.",
334、INT. MD-11 - NIGHT,doc_333_chunk_3,Chuck can't help but laugh.,
320、INT. FEDEX OFFICES - DAY,doc_319_chunk_4,He pulls out a set of blueprints and tacks them to a bulletin board as he talks.,
320、INT. FEDEX OFFICES - DAY,doc_319_chunk_4,Chuck keeps an eye on what is going on in the warehouse.,Warehouse
320、INT. FEDEX OFFICES - DAY,doc_319_chunk_4,Then he notices something over by one of the trucks.,"Warehouse, near a truck"
331、EXT. CHARLES DE GAULLE AIRPORT - DAY,doc_330_chunk_0,Chuck goes up the gangway next to the forklifts.,"Freight loading scene, gangway next to forklifts."
320、INT. FEDEX OFFICES - DAY,doc_319_chunk_3,Chuck glances sharply at Yuri.,During a conversation with Yuri and the Translator
320、INT. FEDEX OFFICES - DAY,doc_319_chunk_3,"Chuck takes the phone, opening his BAG as he does so.",When Aleksei appears with a phone call from Malaysia
320、INT. FEDEX OFFICES - DAY,doc_319_chunk_5,to a loader,
320、INT. FEDEX OFFICES - DAY,doc_319_chunk_5,back on the phone,
332、INT. MD-11 - MOMENTS LATER,doc_331_chunk_1,Chuck hands Jack and Gwen small packages.,"FedEx truck, Stan about to board"
336、INT. MD-11 - NIGHT,doc_335_chunk_0,"Chuck pulls off the mask, takes out the earplugs. He manages a groggy grin.",Stan waking Chuck
324、INT. HOTEL ROOM - NIGHT - LATER,doc_323_chunk_2,This is not what Chuck wanted to hear.,Hearing Kelly's voicemail
324、INT. HOTEL ROOM - NIGHT - LATER,doc_323_chunk_2,He's stumbling over whether to say I love you.,During phone call with Kelly
324、INT. HOTEL ROOM - NIGHT - LATER,doc_323_chunk_2,He gently hangs up the phone.,During phone call with Kelly
325、INT. FEDEX OFFICES - ST. PETERSBURG - SERIES OF SHOTS,doc_324_chunk_0,takes his clipboard away,Yuri and assistant present
325、INT. FEDEX OFFICES - ST. PETERSBURG - SERIES OF SHOTS,doc_324_chunk_0,hands the clipboard to him,Lev by truck
325、INT. FEDEX OFFICES - ST. PETERSBURG - SERIES OF SHOTS,doc_324_chunk_0,clean off the graffiti,Cleaning graffiti
325、INT. FEDEX OFFICES - ST. PETERSBURG - SERIES OF SHOTS,doc_324_chunk_0,points out how to organize the inflow,"With sorters, organizing inflow"
325、INT. FEDEX OFFICES - ST. PETERSBURG - SERIES OF SHOTS,doc_324_chunk_0,go over large maps of St. Petersburg,Reviewing St. Petersburg maps with drivers
324、INT. HOTEL ROOM - NIGHT - LATER,doc_323_chunk_0,"Chuck is watching CNN on the television, working his PowerBook, and holding the phone.",bedroom
324、INT. HOTEL ROOM - NIGHT - LATER,doc_323_chunk_0,He hangs up.,bedroom
324、INT. HOTEL ROOM - NIGHT - LATER,doc_323_chunk_0,"He gets up, heads into the bathroom.",bedroom
334、INT. MD-11 - NIGHT,doc_333_chunk_0,Chuck is focused on his PowerBook with the screen away from us,Amidst FedEx containers
334、INT. MD-11 - NIGHT,doc_333_chunk_0,Chuck doesn't look up,"Amidst FedEx containers, Stan looking at computer"
328、INT. FEDEX OFFICES - ST. PETERSBURG,doc_327_chunk_0,But not Chuck.,"Loading dock, after the last truck enters"
328、INT. FEDEX OFFICES - ST. PETERSBURG,doc_327_chunk_0,He's hands on.,"Loading dock, after the last truck enters"
328、INT. FEDEX OFFICES - ST. PETERSBURG,doc_327_chunk_0,He heads toward the truck and begins pulling off packages.,"Loading dock, after the last truck enters"
334、INT. MD-11 - NIGHT,doc_333_chunk_6,Chuck puts headphones from his Walkman over his ears,
334、INT. MD-11 - NIGHT,doc_333_chunk_6,puts a mask over his eyes,
334、INT. MD-11 - NIGHT,doc_333_chunk_6,leans his head back onto the headrest,
264、INT. FEDEX PLANE - NIGHT,doc_263_chunk_0,Chuck is coming down off his survival high.,On a plane
264、INT. FEDEX PLANE - NIGHT,doc_263_chunk_0,He has the Angel Wing FedEx package with him.,On a plane
334、INT. MD-11 - NIGHT,doc_333_chunk_5,"Chuck reaches in his pocket, pulls out a bill.",
334、INT. MD-11 - NIGHT,doc_333_chunk_5,Chuck closes the PowerBook.,
322、INT. TRUCK - MOMENTS LATER,doc_321_chunk_0,"Chuck rides next to LEV, the driver, a serious sort.",In a vehicle
322、INT. TRUCK - MOMENTS LATER,doc_321_chunk_0,Chuck looks at Lev with respect.,After Translator explains Lev's reason for organizing packages
34、INT. MD-11 - NIGHT,doc_33_chunk_6,"Chuck puts headphones from his Walkman over his ears, puts a mask over his eyes and leans his head back onto the headrest.",
343、EXT. UNIVERSITY - NIGHT,doc_342_chunk_0,Chuck pulls up to a lab building at Memphis State.,Memphis State lab building
337、INT. SUPERHUB - NIGHT,doc_336_chunk_0,Chuck walks through the extraordinary nexus of speeding packages that intersect in intricate paths above and around him.,FedEx crossroads
337、INT. SUPERHUB - NIGHT,doc_336_chunk_0,In his still-drugged state it all seems weirdly psychedelic.,FedEx crossroads
342、EXT. MEMPHIS - NIGHT - LATER,doc_341_chunk_0,Chuck drives in his car through the streets of Memphis.,Driving through the streets of Memphis.
34、INT. MD-11 - NIGHT,doc_33_chunk_5,"Chuck reaches in his pocket, pulls out a bill.",During a money negotiation with Stan
34、INT. MD-11 - NIGHT,doc_33_chunk_5,Chuck closes the PowerBook.,After Stan agrees to the deal
34、INT. MD-11 - NIGHT,doc_33_chunk_3,Chuck can't help but laugh,
344、INT. LAB - NIGHT,doc_343_chunk_0,Chuck walks in.,In a room with two doctoral candidates playing Doom on computers
340、EXT. CHUCK'S HOUSE - BACK YARD,doc_339_chunk_0,Chuck digs a small hole in the back yard with a large kitchen spoon.,"Back yard, burying a dead fish"
340、EXT. CHUCK'S HOUSE - BACK YARD,doc_339_chunk_0,Drops the dead fish in.,"Back yard, burying a dead fish"
340、EXT. CHUCK'S HOUSE - BACK YARD,doc_339_chunk_0,Fills the hole.,"Back yard, burying a dead fish"
345、INT. HALLWAY - NIGHT,doc_344_chunk_0,Chuck makes his way in the semi-darkness past rack after rack of specimens in bottles.,"Semi-dark area with specimen racks, heading toward a Xerox machine"
350、INT. EXECUTIVE CONFERENCE ROOM - MOMENTS LATER,doc_349_chunk_2,"Chuck, out of breath, slips under the screen and heads for the one remaining vacant seat -- across from Stan.","Meeting room, Chuck moves to vacant seat across from Stan."
346、INT. XEROX ROOM,doc_345_chunk_0,He lifts up the cover.,"Jammed Xerox machine, Kelly's chapter inside"
350、INT. EXECUTIVE CONFERENCE ROOM - MOMENTS LATER,doc_349_chunk_3,Chuck swallows nervously,"Video conference call, Becca asks Chuck for status update"
350、INT. EXECUTIVE CONFERENCE ROOM - MOMENTS LATER,doc_349_chunk_3,tries to talk matter-of-factly,"Video conference call, Becca asks Chuck for status update"
350、INT. EXECUTIVE CONFERENCE ROOM - MOMENTS LATER,doc_349_chunk_5,The process is being ripped out of Chuck's hands.,
350、INT. EXECUTIVE CONFERENCE ROOM - MOMENTS LATER,doc_349_chunk_5,He struggles to get an answer.,
34、INT. MD-11 - NIGHT,doc_33_chunk_0,Chuck is focused on his PowerBook with the screen away from us,"Amidst FedEx containers, Chuck and Stan discuss a sailboat"
34、INT. MD-11 - NIGHT,doc_33_chunk_0,Chuck doesn't look up,"Amidst FedEx containers, Chuck and Stan discuss a sailboat"
352、INT. KELLY'S HOUSE - DAY,doc_351_chunk_3,Chuck hands over his present.,
341、INT. CHUCK'S HOUSE - LATER,doc_340_chunk_0,"Chuck lies in bed, switches on the TV.",in bed
341、INT. CHUCK'S HOUSE - LATER,doc_340_chunk_0,"He doesn't care how late it is, he's going to find Kelly.",in bed
363、INT. FARM HOUSE - DAY,doc_362_chunk_2,Chuck can't believe this.,
346、INT. XEROX ROOM,doc_345_chunk_2,He suddenly looks really tired.,During argument with Kelly
346、INT. XEROX ROOM,doc_345_chunk_2,He turns to the Xerox in frustration.,At Xerox machine during argument with Kelly
352、INT. KELLY'S HOUSE - DAY,doc_351_chunk_0,Chuck enters as they keep talking.,"Inside a cozy workspace (her house), others are talking."
320、INT. FEDEX OFFICES - DAY,doc_319_chunk_6,Chuck and Aleksei walk toward the office.,"After crew disperses, walking to office"
320、INT. FEDEX OFFICES - DAY,doc_319_chunk_6,Chuck lets a corner of his command persona slip.,Walking to office with Aleksei
349、EXT. FEDEX OFFICES - NEXT MORNING,doc_348_chunk_0,"He jumps out, glances at this watch, and heads for the building at a run.",Office park parking lot near the airport
354、INT. KELLY'S HOUSE - MINUTES LATER,doc_353_chunk_0,Chuck enters.,
326、INT. FEDEX WAREHOUSE - ST. PETERSBURG - WEEK LATER,doc_325_chunk_0,Chucks looks at the clock.,"Loading area, waiting for Route six truck to depart for Paris connection."
326、INT. FEDEX WAREHOUSE - ST. PETERSBURG - WEEK LATER,doc_325_chunk_0,Chuck looks around at his team.,"Loading area, waiting for Route six truck to depart for Paris connection."
330、INT. FEDEX OFFICES - ST. PETERSBURG - MINUTES LATER,doc_329_chunk_0,Chuck pounds the truck on the side.,"Loading dock, as the truck is about to depart."
330、INT. FEDEX OFFICES - ST. PETERSBURG - MINUTES LATER,doc_329_chunk_0,This makes Chuck smile.,"Loading dock, during the celebration after the truck departs."
366、EXT. FARM HOUSE - DAY,doc_365_chunk_0,Chuck drives away,
356、EXT. KELLY'S HOUSE - BACK YARD - NIGHT - MINUTES LATER,doc_355_chunk_0,"Holding Jango, Chuck walks out into the back yard.","Back yard, Chuck walks out holding Jango"
356、EXT. KELLY'S HOUSE - BACK YARD - NIGHT - MINUTES LATER,doc_355_chunk_0,Chuck stares at it.,"Back yard, Chuck stares at the blackened tree"
368、INT. OPERATIONS ROOM - MINUTES LATER,doc_367_chunk_2,Chuck looks over at Stan.,
368、INT. OPERATIONS ROOM - MINUTES LATER,doc_367_chunk_1,Chuck turns to the Technician.,
368、INT. OPERATIONS ROOM - MINUTES LATER,doc_367_chunk_1,Chuck turns to Leslie.,
363、INT. FARM HOUSE - DAY,doc_362_chunk_5,"Chuck takes a bite, winces a little as the cold strawberries hit his teeth.",Dessert at the table
36、INT. MD-11 - NIGHT,doc_35_chunk_0,"Chuck pulls off the mask, takes out the earplugs. He manages a groggy grin.","Stan wakes Chuck up, who is wearing a mask and earplugs."
355、INT. KELLY'S HOUSE - KITCHEN - MOMENTS LATER,doc_354_chunk_0,"Chuck picks up Jango, who is barricaded in the kitchen with some food, some water, and some wet newspapers.","kitchen, Jango barricaded with food, water, and wet newspapers"
359、EXT. FARM HOUSE - DAY,doc_358_chunk_0,Chuck gets out of the car.,"Arkansas farm house, mother setting Christmas tree lights"
359、EXT. FARM HOUSE - DAY,doc_358_chunk_0,Chuck displays the puppy.,"Arkansas farm house, mother setting Christmas tree lights"
361、INT. FARM HOUSE - KITCHEN - DAY,doc_360_chunk_0,Chuck hesitates just a moment.,"Dinner table, after Mom calls Chuck"
329、INT. FEDEX OFFICES - ST. PETERSBURG - MINUTES LATER,doc_328_chunk_0,setting the example,Office
352、INT. KELLY'S HOUSE - DAY,doc_351_chunk_4,Chuck is flummoxed.,Conversation with Kelly about a gift
352、INT. KELLY'S HOUSE - DAY,doc_351_chunk_4,Chuck's beeper goes off.,Conversation with Kelly about a gift
352、INT. KELLY'S HOUSE - DAY,doc_351_chunk_4,He checks the number.,Conversation with Kelly about a gift
360、EXT. FARM HOUSE - SHED - DAY,doc_359_chunk_0,Chuck works on an old tractor in the shed.,Shed: Chuck working on a tractor
357、EXT. CHUCK'S HOUSE - NEXT MORNING,doc_356_chunk_0,"Chuck gets into his car, puts Jango on the front seat next to him.",driveway
357、EXT. CHUCK'S HOUSE - NEXT MORNING,doc_356_chunk_0,Pulls out of the driveway.,driveway
352、INT. KELLY'S HOUSE - DAY,doc_351_chunk_5,Chuck picks up the puppy.,After Chuck suggests naming the puppy Jango
352、INT. KELLY'S HOUSE - DAY,doc_351_chunk_5,He hands her the puppy.,After Chuck states he can't take the puppy to work
352、INT. KELLY'S HOUSE - DAY,doc_351_chunk_5,This is not a happy woman he is leaving behind.,As Chuck departs
367、INT. FEDEX OFFICE - LATER THAT DAY,doc_366_chunk_0,"Chuck enters his office, on the go.","Office, assistant waiting"
369、EXT. CHUCK'S HOUSE - DAY,doc_368_chunk_0,Chuck leaves with his bag over his shoulder and the puppy under his arm.,
388、EXT. BEACH - SUNSET,doc_387_chunk_0,Chuck is still waiting.,
373、INT. FEDEX PLANE - NIGHT,doc_372_chunk_0,"Chuck stirs, struggles to his feet, drowsy and drugged.",On a shaking plane with frantic radio chatter
339、INT. CHUCK'S HOUSE - MOMENTS LATER,doc_338_chunk_0,Chuck drops his briefcase and his bag.,Living room
339、INT. CHUCK'S HOUSE - MOMENTS LATER,doc_338_chunk_0,Chuck walks to the tank.,Living room
339、INT. CHUCK'S HOUSE - MOMENTS LATER,doc_338_chunk_0,"He tightens a piece of tape that holds the power cord onto the filter, taps the filter with his finger, once, twice...the bubbles start again.",Living room
339、INT. CHUCK'S HOUSE - MOMENTS LATER,doc_338_chunk_0,Chuck gets out his scoop and slowly skims them off.,Living room
37、INT. SUPERHUB - NIGHT,doc_36_chunk_0,Chuck walks through the extraordinary nexus of speeding packages that intersect in intricate paths above and around him.,FedEx hub crossroads
370、EXT. KELLY'S HOUSE - DAY - MINUTES LATER,doc_369_chunk_0,Chuck is there with the puppy.,"Kelly's door, Chuck present with puppy"
374、INT. FEDEX PLANE - CHUCK'S POV,doc_373_chunk_0,Chuck tries to steady himself against the wall.,"Cabin: smoke, twisting and tilting"
30、INT. FEDEX OFFICES - ST. PETERSBURG - MINUTES LATER,doc_29_chunk_0,Chuck pounds the truck on the side.,"Loading dock, after loading the last container"
30、INT. FEDEX OFFICES - ST. PETERSBURG - MINUTES LATER,doc_29_chunk_0,This makes Chuck smile.,"Loading dock, after Lev's statement about fingers working together"
379、INT. FEDEX PLANE - NIGHT,doc_378_chunk_0,sending Chuck's arms out to the sides,Life raft scene
371、INT. FEDEX PLANE - NIGHT,doc_370_chunk_0,"Chuck enters the cockpit, where two different pilots are going through their checklists.","Cockpit, pilots doing checklists"
371、INT. FEDEX PLANE - NIGHT,doc_370_chunk_0,Chuck repeats his familiar patter.,"Cockpit, pilots doing checklists"
371、INT. FEDEX PLANE - NIGHT,doc_370_chunk_0,Chuck settles into his seat.,"Cockpit, pilots doing checklists"
370、EXT. KELLY'S HOUSE - DAY - MINUTES LATER,doc_369_chunk_2,He hands her the dog.,"Kelly asks for the dog, and he hands it to her."
383、EXT. PACIFIC - DAY,doc_382_chunk_0,"semi-conscious, Chuck hangs on","Life raft on dark, storm-driven seas"
387、EXT. BEACH - LATER THAT MORNING,doc_386_chunk_0,Chuck has made a neat stack of FedEx boxes under some palm trees at the rim of the beach.,Beach rim under palm trees
387、EXT. BEACH - LATER THAT MORNING,doc_386_chunk_0,"He examines the Angel Wing drawing with passing curiosity, then puts it on the stack.",Beach rim under palm trees
387、EXT. BEACH - LATER THAT MORNING,doc_386_chunk_0,"Chuck takes off his life jacket, sits down in the shade, makes himself comfortable, and waits.",Beach rim under palm trees
352、INT. KELLY'S HOUSE - DAY,doc_351_chunk_1,Chuck's attention goes to the tree.,During conversation with Kelly
352、INT. KELLY'S HOUSE - DAY,doc_351_chunk_1,Chuck bends down to see the puppy.,After puppy emerges from package
352、INT. KELLY'S HOUSE - DAY,doc_351_chunk_1,Chuck picks the puppy up.,After puppy emerges from package
372、INT. FEDEX PLANE - NIGHT - HOURS LATER,doc_371_chunk_0,"Settled into the jump seat, Chuck finishes up his notes on his PowerBook and begins his flight ritual.",On an airplane
372、INT. FEDEX PLANE - NIGHT - HOURS LATER,doc_371_chunk_0,He puts in his ear plugs and takes out his Valium.,On an airplane
372、INT. FEDEX PLANE - NIGHT - HOURS LATER,doc_371_chunk_0,"He swallows one, then thinks, and swallows two more.",On an airplane
372、INT. FEDEX PLANE - NIGHT - HOURS LATER,doc_371_chunk_0,"Then he turns on his Walkman to the Rolling Stones, puts the mask over his eyes, and, as usual, goes to sleep.",On an airplane
396、EXT. BEACH - LATER,doc_395_chunk_0,With a rock Chuck hammers a crude driftwood marker into the sand.,
393、EXT. BEACH - MOMENTS LATER,doc_392_chunk_0,"Chuck splashes into the gentle surf, reaches the dark object.",On the beach
393、EXT. BEACH - MOMENTS LATER,doc_392_chunk_0,Chuck turns it over.,On the beach
394、EXT. BEACH - MOMENTS LATER,doc_393_chunk_0,"Chuck drags the body up on the beach and then collapses, exhausted.",On the beach
394、EXT. BEACH - MOMENTS LATER,doc_393_chunk_0,"He sits by it, staring at it.",On the beach
385、EXT. BEACH - EARLY MORNING,doc_384_chunk_0,He chokes.,Beach after storm
385、EXT. BEACH - EARLY MORNING,doc_384_chunk_0,Slowly he gets to his knees.,Beach after storm
385、EXT. BEACH - EARLY MORNING,doc_384_chunk_0,"Vomits seawater, big heaves.",Beach after storm
385、EXT. BEACH - EARLY MORNING,doc_384_chunk_0,"He rolls over, sits down.",Beach after storm
385、EXT. BEACH - EARLY MORNING,doc_384_chunk_0,Dazed.,Beach after storm
385、EXT. BEACH - EARLY MORNING,doc_384_chunk_0,Still confused.,Beach after storm
398、EXT. BEACH - DAY - MOMENTS LATER,doc_397_chunk_0,Chuck climbs over the rocks and disappears out of sight.,
398、EXT. BEACH - DAY - MOMENTS LATER,doc_397_chunk_0,He's still half-singing to himself.,
389、EXT. BEACH - NIGHT,doc_388_chunk_0,"Chuck seems very, very alone.","Beach under full moon, Chuck alone"
389、EXT. BEACH - NIGHT,doc_388_chunk_0,A jolt of adrenaline courses through Chuck's body.,"Beach under full moon, after hearing strange noise"
389、EXT. BEACH - NIGHT,doc_388_chunk_0,He lurches to his feet.,"Beach under full moon, after hearing strange noise"
391、EXT. BEACH - SUNRISE,doc_390_chunk_1,This sinks in.,
391、EXT. BEACH - SUNRISE,doc_390_chunk_1,Then Chuck gets an idea.,
391、EXT. BEACH - SUNRISE,doc_390_chunk_1,That sinks in.,
390、EXT. BEACH - MORNING,doc_389_chunk_3,"Chuck positions the stick, pointed end up, in a hole, then SLAMS the coconut down hard on it.",
390、EXT. BEACH - MORNING,doc_389_chunk_3,"He smashes the nut with a rock, but -- OW! -- he hits his hand!",
390、EXT. BEACH - MORNING,doc_389_chunk_3,"Chuck licks his fingers, but he is so thirsty there's no more saliva.",
390、EXT. BEACH - MORNING,doc_389_chunk_3,He smashes again.,
390、EXT. BEACH - MORNING,doc_389_chunk_3,"Rotating a nut along its axis and carefully moving his fingers out of the way, he SMASHES the nut again.",
390、EXT. BEACH - MORNING,doc_389_chunk_3,"Left inside is a swallow or two, which Chuck laps up eagerly.",
323、EXT. HOTEL - ST. PETERSBURG,doc_322_chunk_0,A weary Chuck enters the hotel.,"Hotel entrance, Chuck enters and ignores Northern Lights."
323、EXT. HOTEL - ST. PETERSBURG,doc_322_chunk_0,He doesn't even look up.,"Hotel entrance, Chuck enters and ignores Northern Lights."
391、EXT. BEACH - SUNRISE,doc_390_chunk_0,Chuck squints at the ocean.,"Beach, Chuck alone, sunburned."
390、EXT. BEACH - MORNING,doc_389_chunk_2,Chuck uses the stone knife to saw at the coconut.,OPENING THE COCONUT - SERIES OF SHOTS
390、EXT. BEACH - MORNING,doc_389_chunk_2,Chuck clumsily sharpens a stick with the sharp rock.,OPENING THE COCONUT - SERIES OF SHOTS
390、EXT. BEACH - MORNING,doc_389_chunk_2,"Chuck brings the sharpened stick down hard on the coconut, but the stick slides off, sending the coconut rolling away.",OPENING THE COCONUT - SERIES OF SHOTS
400、EXT. JUNGLE - MINUTES LATER,doc_399_chunk_0,Chuck struggles through a dense thicket beneath a jungle canopy.,Dense jungle thicket
408、EXT. EDGE OF JUNGLE - NIGHT,doc_407_chunk_0,"Chuck hesitates, then plunges into it.",Jungle at dusk
407、EXT. ROCKY SLOPE - MOMENTS LATER,doc_406_chunk_0,Chuck stumbles over the rocks.,At the caves
365、INT. FARM HOUSE - BEDROOM - NIGHT,doc_364_chunk_0,"Chuck is beside it, slumped down on the desk. Asleep.",boyhood room
403、EXT. ISLAND - CLIFF - MOMENTS LATER,doc_402_chunk_0,"Chuck stares at the narrow bridge, then down at the waves breaking on the rocks far below.","On the cliff ledge overlooking the ocean, before crossing the bridge"
403、EXT. ISLAND - CLIFF - MOMENTS LATER,doc_402_chunk_0,"Hugging the wall of the cliff, taking each step with great caution, he sets out across the bridge.",Crossing the narrow bridge on the cliff
405、EXT. ISLAND SUMMIT - SUNSET - MOMENTS LATER,doc_404_chunk_0,Chuck looks to each point on the compass.,Small island with steep cliffs and reef-enclosed cove
405、EXT. ISLAND SUMMIT - SUNSET - MOMENTS LATER,doc_404_chunk_0,Chuck stares out to sea in every direction. Nothing.,Small island with steep cliffs and reef-enclosed cove
40、EXT. CHUCK'S HOUSE - BACK YARD,doc_39_chunk_0,Chuck digs a small hole in the back yard with a large kitchen spoon.,Back yard
40、EXT. CHUCK'S HOUSE - BACK YARD,doc_39_chunk_0,Drops the dead fish in.,Back yard
40、EXT. CHUCK'S HOUSE - BACK YARD,doc_39_chunk_0,Fills the hole.,Back yard
406、EXT. CLIFF - MOMENTS LATER,doc_405_chunk_0,Chuck stares at the ledge.,"Dusk, on the rock bridge ledge"
406、EXT. CLIFF - MOMENTS LATER,doc_405_chunk_0,Chuck crawls on his hands and knees across the rock bridge.,"Dusk, across the rock bridge"
399、EXT. ISLAND - DAY - MOMENTS LATER,doc_398_chunk_0,He hesitates.,Jungle path blocked by rocks
399、EXT. ISLAND - DAY - MOMENTS LATER,doc_398_chunk_0,He picks up a rock and THROWS IT to scare away all those bad things.,Jungle path blocked by rocks
399、EXT. ISLAND - DAY - MOMENTS LATER,doc_398_chunk_0,He takes a step into the jungle.,Jungle path blocked by rocks
392、EXT. BEACH - NIGHT,doc_391_chunk_0,Chuck sleeps by the coconuts.,
392、EXT. BEACH - NIGHT,doc_391_chunk_0,"Chuck stirs, gets up, staggers over to a palm tree to relieve himself.",
392、EXT. BEACH - NIGHT,doc_391_chunk_0,He stares idly out at the moonlight on the waves.,
392、EXT. BEACH - NIGHT,doc_391_chunk_0,Then not so idly.,
413、EXT. JUNGLE - DAY - LATER,doc_412_chunk_0,Chuck scrambles down a ravine.,Ravine
413、EXT. JUNGLE - DAY - LATER,doc_412_chunk_0,He kneels down and feels the ground.,Ravine
364、EXT. MOM'S HOUSE - LATER THAT DAY,doc_363_chunk_0,Chuck fixes the drain pipe,"Porch, Mom pruning rose bushes"
364、EXT. MOM'S HOUSE - LATER THAT DAY,doc_363_chunk_0,Chuck finishes the drain pipe,"Porch, after dialogue"
364、EXT. MOM'S HOUSE - LATER THAT DAY,doc_363_chunk_0,Gives it a thunk with his finger,"Porch, after dialogue"
401、EXT. JUNGLE - HALF HOUR LATER,doc_400_chunk_0,Chuck climbs through a tangle of vines and ferns.,
401、EXT. JUNGLE - HALF HOUR LATER,doc_400_chunk_0,He takes a drink from the coconut he is carrying.,
401、EXT. JUNGLE - HALF HOUR LATER,doc_400_chunk_0,He throws away the husk.,
401、EXT. JUNGLE - HALF HOUR LATER,doc_400_chunk_0,"He looks up, but the only sunlight reaching him is dappled from the canopy above him.",
412、EXT. BEACH - LATER,doc_411_chunk_0,Chuck finishes the P on H E L P,Beach: spelling HELP with FedEx boxes
376、INT. FEDEX PLANE - MOMENTS LATER,doc_375_chunk_0,Chuck struggles to put on his life jacket.,Inside a plane during turbulence and cargo shift
376、INT. FEDEX PLANE - MOMENTS LATER,doc_375_chunk_0,He can't get the straps straight.,Inside a plane during turbulence and cargo shift
376、INT. FEDEX PLANE - MOMENTS LATER,doc_375_chunk_0,"He is KNOCKED against one wall, then another, then to the floor.",Inside a plane during turbulence and cargo shift
376、INT. FEDEX PLANE - MOMENTS LATER,doc_375_chunk_0,Chuck tries to blow on the mouth tubes for his life jacket.,Inside a plane during turbulence and cargo shift
376、INT. FEDEX PLANE - MOMENTS LATER,doc_375_chunk_0,Can't do it! Puff. Puff. Shit!,Inside a plane during turbulence and cargo shift
376、INT. FEDEX PLANE - MOMENTS LATER,doc_375_chunk_0,Chuck fumbles for them.,Inside a plane during turbulence and cargo shift
376、INT. FEDEX PLANE - MOMENTS LATER,doc_375_chunk_0,Then it swings and KNOCKS Chuck on the head! He goes down!,Inside a plane during turbulence and cargo shift
415、EXT. BEACH - NIGHT,doc_414_chunk_0,Chuck lies in darkness,"Darkness, moonlight"
346、INT. XEROX ROOM,doc_345_chunk_1,"He pries up one feeder, then another.","Inside a room with a Xerox machine, Chuck is working on the feeder."
346、INT. XEROX ROOM,doc_345_chunk_1,But Chuck doesn't want to talk. He's focused on the machine.,"After Kelly asks about Russia, Chuck ignores her and focuses on the machine."
416、EXT. JUNGLE - DAY,doc_415_chunk_0,He takes one last dig with the flat stick,At the bottom of a six-foot deep hole
416、EXT. JUNGLE - DAY,doc_415_chunk_0,then licks the moist clay that sticks to it,At the bottom of a six-foot deep hole
402、EXT. ISLAND - MOMENTS LATER,doc_401_chunk_0,Chuck emerges onto a ridge that leads to a summit.,on a ridge leading to a summit
402、EXT. ISLAND - MOMENTS LATER,doc_401_chunk_0,"He climbs across a rocky lava field covered with scrub lichen and low ferns, soil dark as coffee beans, his way crossed by steep gullies that cut like dark fingers into the lava.",across a rocky lava field
402、EXT. ISLAND - MOMENTS LATER,doc_401_chunk_0,"He passes a series of CAVES, their mouths dark and mysterious and scary.",near a series of caves
402、EXT. ISLAND - MOMENTS LATER,doc_401_chunk_0,He gives them a wide berth.,near a series of caves
414、EXT. LAVA SLOPE - DAY,doc_413_chunk_0,"Chuck traverses the slope, determined to find water.",
414、EXT. LAVA SLOPE - DAY,doc_413_chunk_0,Suddenly Chuck flops down into frame.,A FLAT ROCK
414、EXT. LAVA SLOPE - DAY,doc_413_chunk_0,"He tries to scoop up some water in his hands, but he just splashes it around.",A FLAT ROCK
414、EXT. LAVA SLOPE - DAY,doc_413_chunk_0,He licks his fingers.,A FLAT ROCK
414、EXT. LAVA SLOPE - DAY,doc_413_chunk_0,Then he gets down on his stomach and laps up the water with his tongue. Like an animal.,A FLAT ROCK
414、EXT. LAVA SLOPE - DAY,doc_413_chunk_0,He rubs it on his reddened face and across his burned lips.,A FLAT ROCK
42、EXT. MEMPHIS - NIGHT - LATER,doc_41_chunk_0,Chuck drives in his car through the streets of Memphis.,Streets of Memphis
409、EXT. JUNGLE - NIGHT MINUTES LATER,doc_408_chunk_0,He heads into thick blackness.,Jungle at night
386、EXT. BEACH - WIDE,doc_385_chunk_0,"walks down the beach, picking up FedEx packages, leaving a trail of footprints in the sand",On the beach
41、INT. CHUCK'S HOUSE - LATER,doc_40_chunk_0,"Chuck lies in bed, switches on the TV.",bedroom
41、INT. CHUCK'S HOUSE - LATER,doc_40_chunk_0,"He doesn't care how late it is, he's going to find Kelly.",bedroom
418、EXT. BEACH - DAY - LATER,doc_417_chunk_0,"Holding a sharpened stick, Chuck wades in the shallows at low tide, looking for fish.","Shallows at low tide, looking for fish"
418、EXT. BEACH - DAY - LATER,doc_417_chunk_0,Chuck hurls the spear,"Morning, shadow flashes by"
423、EXT. JUNGLE - DAY - LATER,doc_422_chunk_0,Chuck is lying in the hole.,Inside a hole
420、EXT. BEACH - MINUTES LATER,doc_419_chunk_0,"Chuck wades in the water, stops by a rock covered with limpets.","Rocky shore, Chuck harvesting limpets."
420、EXT. BEACH - MINUTES LATER,doc_419_chunk_0,He uses a CREDIT CARD to scrape off a limpet.,"Rocky shore, Chuck harvesting limpets."
420、EXT. BEACH - MINUTES LATER,doc_419_chunk_0,"With his finger, he prods around in the mucous-like meat, then tilts up the shell and we see the gooey gray stuff slide off the shell into his mouth.","Rocky shore, Chuck harvesting and eating limpets."
420、EXT. BEACH - MINUTES LATER,doc_419_chunk_0,He starts to spit it out. Tries to make himself like it.,"Rocky shore, Chuck harvesting and eating limpets."
420、EXT. BEACH - MINUTES LATER,doc_419_chunk_0,And he swallow it.,"Rocky shore, Chuck harvesting and eating limpets."
421、EXT. BEACH - SUNSET,doc_420_chunk_0,Chuck sits in the shade of a palm tree surrounded by a pile of smashed coconut husks and a stack of limpet shells.,"Under a palm tree, surrounded by smashed coconut husks and limpet shells"
421、EXT. BEACH - SUNSET,doc_420_chunk_0,He checks his watch for a moment.,"Under a palm tree, surrounded by smashed coconut husks and limpet shells"
39、INT. CHUCK'S HOUSE - MOMENTS LATER,doc_38_chunk_0,Chuck drops his briefcase and his bag.,"Living room, fish tank filter malfunction"
39、INT. CHUCK'S HOUSE - MOMENTS LATER,doc_38_chunk_0,Chuck walks to the tank.,"Living room, fish tank filter malfunction"
39、INT. CHUCK'S HOUSE - MOMENTS LATER,doc_38_chunk_0,"He tightens a piece of tape that holds the power cord onto the filter, taps the filter with his finger, once, twice...the bubbles start again.","Living room, fish tank filter malfunction"
39、INT. CHUCK'S HOUSE - MOMENTS LATER,doc_38_chunk_0,Chuck gets out his scoop and slowly skims them off.,"Living room, fish tank filter malfunction"
429、EXT. PALM GROVE SERIES OF SHOTS - TRYING TO MAKE FIRE,doc_428_chunk_0,Chuck rubs two sticks together. Nothing.,
429、EXT. PALM GROVE SERIES OF SHOTS - TRYING TO MAKE FIRE,doc_428_chunk_0,Chuck positions a makeshift drill in a hole he has scooped out in a piece of driftwood. He spins the drill with great effort. Nothing.,
429、EXT. PALM GROVE SERIES OF SHOTS - TRYING TO MAKE FIRE,doc_428_chunk_0,"He quits, exhausted.",
429、EXT. PALM GROVE SERIES OF SHOTS - TRYING TO MAKE FIRE,doc_428_chunk_0,He looks at his hands. They are raw and blistered. He feels like Job.,
43、EXT. UNIVERSITY - NIGHT,doc_42_chunk_0,Chuck pulls up to a lab building at Memphis State.,Lab building at Memphis State
419、EXT. BEACH - DAY,doc_418_chunk_0,"Discouraged, he sits down on the beach and gets his breath.",Beach
419、EXT. BEACH - DAY,doc_418_chunk_0,"Idly, Chuck takes out his wallet.",Beach
419、EXT. BEACH - DAY,doc_418_chunk_0,He lays it out to dry.,Beach
419、EXT. BEACH - DAY,doc_418_chunk_0,"He finds a PHOTOGRAPH OF KELLY, soaked and mushy.",Beach
419、EXT. BEACH - DAY,doc_418_chunk_0,He tries to smooth it out.,Beach
419、EXT. BEACH - DAY,doc_418_chunk_0,"For a moment he is overcome. His face tightens, his eyes get moist. He stares out to sea.",Beach
419、EXT. BEACH - DAY,doc_418_chunk_0,He picks up his wallet again and takes out a credit card.,Beach
422、EXT. JUNGLE - LATER,doc_421_chunk_0,"Chuck digs yet another hole. He chants to himself, almost delusionally.",on an island
422、EXT. JUNGLE - LATER,doc_421_chunk_0,"Covered in sweat, desperate and exhausted, he throws down his wooden spade.",on an island
422、EXT. JUNGLE - LATER,doc_421_chunk_0,"He lies on his back, breathing hard. Pulls his hat over his eyes.",on an island
425、EXT. BEACH - SUNSET,doc_424_chunk_0,Chuck carefully makes marks on a palm tree with his rock knife. One for each day. Very neat. Very precise. Very Chuck.,at a palm tree
425、EXT. BEACH - SUNSET,doc_424_chunk_0,"For a moment, he feels the weight of his isolation. Then he allows himself a deep breath. There is order now, after all. Time is under control.",at a palm tree
430、EXT. BEACH - DAY,doc_429_chunk_0,Chuck emerges from the jungle and walks to the edge of the ocean.,Jungle exit to ocean edge
430、EXT. BEACH - DAY,doc_429_chunk_0,"He dips his blistered hands into the sea water, then looks over at the FedEx boxes that spell out H E L P.","Ocean edge, observing HELP spelling"
430、EXT. BEACH - DAY,doc_429_chunk_0,He walks over and picks a few boxes up from the P.,"Ocean edge, picking boxes from the 'P'"
437、EXT. BEACH - DAY,doc_436_chunk_0,Chuck marks another day on his tree calendar.,
424、EXT. JUNGLE - DAY - LATER,doc_423_chunk_0,Chuck's eyes snap awake.,Muddy water and clay
424、EXT. JUNGLE - DAY - LATER,doc_423_chunk_0,He looks down at his feet.,Muddy water and clay
424、EXT. JUNGLE - DAY - LATER,doc_423_chunk_0,"He dips his hand in it, touches a finger to his lips to be sure he's not dreaming.",Muddy water and clay
424、EXT. JUNGLE - DAY - LATER,doc_423_chunk_0,"He grabs his sharpened stone, begins to attack the clay.",Muddy water and clay
440、EXT. BEACH - LATER THAT DAY,doc_439_chunk_0,He sits in front of his failed efforts to make fire.,
428、EXT. BEACH - DAY,doc_427_chunk_0,He resumes his efforts at fishing.,Fishing near the rocks
428、EXT. BEACH - DAY,doc_427_chunk_0,"He freezes, holding his spear motionless.",Fishing near the rocks
428、EXT. BEACH - DAY,doc_427_chunk_0,Then he jabs at the crab -- misses!,Fishing near the rocks
428、EXT. BEACH - DAY,doc_427_chunk_0,"Chuck splashes after it, stabbing as he goes, falling, getting up, stabbing again.",Fishing near the rocks
44、INT. LAB - NIGHT,doc_43_chunk_0,Chuck walks in,Room with doctoral candidates playing Doom
426、EXT. CLIFF - DAY,doc_425_chunk_0,"Very carefully, but standing this time, Chuck makes his way across the ledge.",on the ledge
433、EXT. PALM GROVE,doc_432_chunk_0,Chuck sets it aside.,"Two boxes remain, one with Angel Wings"
433、EXT. PALM GROVE,doc_432_chunk_0,He opens the other box.,After setting aside the Angel Wings box
433、EXT. PALM GROVE,doc_432_chunk_0,Chuck can't believe it.,After the doctor's bag tumbles out
433、EXT. PALM GROVE,doc_432_chunk_0,He opens the bag.,After the doctor's bag tumbles out
431、EXT. PALM GROVE - DAY,doc_430_chunk_0,Chuck begins to open the FedEx boxes.,
431、EXT. PALM GROVE - DAY,doc_430_chunk_0,Chuck rips open the end of one box and shakes it.,
431、EXT. PALM GROVE - DAY,doc_430_chunk_0,Chuck looks at them,
431、EXT. PALM GROVE - DAY,doc_430_chunk_0,Chuck tears another box open.,
431、EXT. PALM GROVE - DAY,doc_430_chunk_0,"dump out computer memory boards, some designer dresses, flowers, a pair of roller blades, a script with a red cover",
445、EXT. BEACH - DAY,doc_444_chunk_1,"Chuck tears away the bamboo, picks up the nest of kindling, and blows on it gently.",
445、EXT. BEACH - DAY,doc_444_chunk_1,He blows some more.,
445、EXT. BEACH - DAY,doc_444_chunk_1,"He gently places the nest of shavings in the kindling, then blows on it with utmost care, as if he were holding life itself.",
445、EXT. BEACH - DAY,doc_444_chunk_1,He shreds his money and business cards over the tiny flame.,
435、EXT. OTHER SIDE OF ISLAND - DAY,doc_434_chunk_0,Chuck picks some berries and gingerly tries them.,
435、EXT. OTHER SIDE OF ISLAND - DAY,doc_434_chunk_0,He eats more.,
435、EXT. OTHER SIDE OF ISLAND - DAY,doc_434_chunk_0,Then more.,
435、EXT. OTHER SIDE OF ISLAND - DAY,doc_434_chunk_0,What a relief.,
428、EXT. BEACH - DAY,doc_427_chunk_1,Chuck carefully lifts up the spear.,
428、EXT. BEACH - DAY,doc_427_chunk_1,He walks carefully with it to the beach.,Walking to the beach
428、EXT. BEACH - DAY,doc_427_chunk_1,"Lowering the spear, he lets the crab slip off.",On the beach
428、EXT. BEACH - DAY,doc_427_chunk_1,"Chuck heads it off, trying to avoid the snapping claws.",On the beach
428、EXT. BEACH - DAY,doc_427_chunk_1,"He kicks it back toward the beach, then slams a rock down on it.",On the beach
428、EXT. BEACH - DAY,doc_427_chunk_1,"He twists off a crab claw, expecting to see flaky white meat.",On the beach
434、EXT. PALM GROVE - LATER,doc_433_chunk_0,"Hands bandaged, Chuck tries to strike a spark on the roller blade wheel housing. Tries over and over.",
434、EXT. PALM GROVE - LATER,doc_433_chunk_0,"He takes a long drink from his canteen, and flinches.",
434、EXT. PALM GROVE - LATER,doc_433_chunk_0,He fishes some Tylenol out of the surgeon's bag and takes two.,
445、EXT. BEACH - DAY,doc_444_chunk_3,Chuck looks down.,Starting a fire
445、EXT. BEACH - DAY,doc_444_chunk_3,Chuck blows on it gently.,Starting a fire
445、EXT. BEACH - DAY,doc_444_chunk_3,"He feeds in some more twigs, more tinder.",Starting a fire
444、EXT. BEACH - NIGHT,doc_443_chunk_0,"Chuck lies in his bed of palm fronds, shivering.","Bed of palm fronds, stargazing"
444、EXT. BEACH - NIGHT,doc_443_chunk_0,"He looks up at the stars, which blaze furiously.","Bed of palm fronds, stargazing"
444、EXT. BEACH - NIGHT,doc_443_chunk_0,And he misses her so much.,"Bed of palm fronds, stargazing"
442、EXT. BEACH - LATER,doc_441_chunk_0,"Chuck uses a bamboo stick to try to make friction in the split half of the bamboo. He saws back and forth with all his might, pressing it down in the groove.",
446、EXT. BEACH - WIDE - NIGHT,doc_445_chunk_0,"Chuck rushes about, piling on driftwood.","Beach, piling driftwood"
441、EXT. BEACH - LATER,doc_440_chunk_0,Chuck carefully shaves some tinder.,
441、EXT. BEACH - LATER,doc_440_chunk_0,Puts it under a piece of bamboo split lengthwise with a notch cut across it.,
436、EXT. BEACH - NIGHT,doc_435_chunk_0,"Chuck lies on his palm fronds, groaning and holding his stomach.",on palm fronds
436、EXT. BEACH - NIGHT,doc_435_chunk_0,"He drags himself to his knees, crawls a few feet, and throws up in great, violent heaves.",on palm fronds
448、EXT. PALM GROVE - MORNING,doc_447_chunk_0,Chuck makes a mark on the tree.,
448、EXT. PALM GROVE - MORNING,doc_447_chunk_0,Around it he carves a flame -- the day he mastered fire.,
450、EXT. BEACH - DAY,doc_449_chunk_0,Chuck wades in the water with his spear.,in the water
450、EXT. BEACH - DAY,doc_449_chunk_0,Suddenly he stabs it down.,in the water
445、EXT. BEACH - DAY,doc_444_chunk_2,"Desperate, Chuck grabs it.",Trying to protect a fire from the wind
445、EXT. BEACH - DAY,doc_444_chunk_2,"Trying to shield it with his body, he grabs some palm fronds and jams them into the sand, trying to make a windbreak.",Trying to protect a fire from the wind
445、EXT. BEACH - DAY,doc_444_chunk_2,Chuck jams some rocks in a circle to make an eddy.,Trying to protect a fire from the wind
45、INT. HALLWAY - NIGHT,doc_44_chunk_0,Chuck makes his way in the semi-darkness past rack after rack of specimens in bottles.,"Specimen storage area, moving toward Xerox machine"
445、EXT. BEACH - DAY,doc_444_chunk_0,Chuck readies his two sticks of bamboo again and begins sawing with tremendous energy.,
445、EXT. BEACH - DAY,doc_444_chunk_0,He smells something.,
445、EXT. BEACH - DAY,doc_444_chunk_0,He pulls off the log and looks eagerly at the nest of tinder.,
445、EXT. BEACH - DAY,doc_444_chunk_0,He replaces the log and starts wearily to saw again.,
445、EXT. BEACH - DAY,doc_444_chunk_0,Chuck is still sawing.,
445、EXT. BEACH - DAY,doc_444_chunk_0,Again sweat pours from his face.,
445、EXT. BEACH - DAY,doc_444_chunk_0,He saws even harder.,
445、EXT. BEACH - DAY,doc_444_chunk_0,His breath comes in,
389、EXT. BEACH - NIGHT,doc_388_chunk_1,Chuck edges toward the rocks at the barb of the hook.,"Nighttime, near rocks and thicket"
389、EXT. BEACH - NIGHT,doc_388_chunk_1,"Keeping his eye on the thicket, he bends down and picks up a stone.","Nighttime, near rocks and thicket"
389、EXT. BEACH - NIGHT,doc_388_chunk_1,In the rocks he finds a piece of driftwood.,"Nighttime, near rocks and thicket"
389、EXT. BEACH - NIGHT,doc_388_chunk_1,He picks it up in his other hand.,"Nighttime, near rocks and thicket"
389、EXT. BEACH - NIGHT,doc_388_chunk_1,"He backs between two rocks and stands facing the thicket, every sense alert.","Nighttime, near rocks and thicket"
389、EXT. BEACH - NIGHT,doc_388_chunk_1,The shadow streaks across Chuck's anxious face.,"Nighttime, near rocks and thicket"
458、EXT. WOODS - TREE - NEXT DAY,doc_457_chunk_0,Chuck holds his surgeon's saw over the stump. He walks to another tree and begins to saw his way into the trunk.,
460、EXT. PALM GROVE - NIGHT,doc_459_chunk_0,Chuck throws new firewood on the dwindling fire.,Beach campsite at night
460、EXT. PALM GROVE - NIGHT,doc_459_chunk_0,He stares at the indifferent stars.,Beach campsite at night
459、EXT. BEACH - SERIES OF SHOTS,doc_458_chunk_2,"He bangs himself on the head, over and over.",
452、EXT. SUMMIT - SUNSET,doc_451_chunk_0,"Chuck stands on the summit, looking in all directions.",Island summit
452、EXT. SUMMIT - SUNSET,doc_451_chunk_0,"Then, something on the island brings Chuck's eyes back from their distant focus on the horizon.",Island summit
452、EXT. SUMMIT - SUNSET,doc_451_chunk_0,Chuck lets a bit of pride creep into his face as he sees it.,Island summit
452、EXT. SUMMIT - SUNSET,doc_451_chunk_0,He kneels down and begins to build a signal fire.,Island summit
449、EXT. PALM GROVE - LATER THAT MORNING,doc_448_chunk_0,Chuck sharpens his spear with his stone knife.,
449、EXT. PALM GROVE - LATER THAT MORNING,doc_448_chunk_0,"Then he sticks it in the flame to harden it, pulls it out, checks it, scrapes some more.",
453、EXT. BEACH - NIGHT - LATER,doc_452_chunk_0,Chuck curls up in his bed of palm fronds.,"Fire, palm frond bed, and crab shells."
453、EXT. BEACH - NIGHT - LATER,doc_452_chunk_0,He stares into the fire.,"Fire, palm frond bed, and crab shells."
457、EXT. SUMMIT - AFTERNOON,doc_456_chunk_1,"Leaving, he takes one last look, as he always does.",On the horizon below the evening star.
457、EXT. SUMMIT - AFTERNOON,doc_456_chunk_1,"He stares at it, fixed.",On the horizon below the evening star.
456、EXT. PALM GROVE - DAY,doc_455_chunk_0,Chuck takes a cooked fish off the fire and mixes it with some breadfruit.,
456、EXT. PALM GROVE - DAY,doc_455_chunk_0,"He eats the soft mixture, chewing carefully",
456、EXT. PALM GROVE - DAY,doc_455_chunk_0,He carefully cuts one in half and swallows it.,
454、EXT. PALM GROVE - MORNING,doc_453_chunk_0,Chuck makes another mark on the tree.,
454、EXT. PALM GROVE - MORNING,doc_453_chunk_0,He has circled the tree with marks several times now.,
455、EXT. BEACH - DAY,doc_454_chunk_0,Chuck fishes carefully.,
455、EXT. BEACH - DAY,doc_454_chunk_0,Suddenly he jerks his hand back.,
464、EXT. LAGOON - DAY,doc_463_chunk_2,Chuck picks up some wet sand and rubs it on his body.,On the beach
466、EXT. WOODS - MINUTES LATER,doc_465_chunk_0,Chuck bursts out of the woods into the lava field.,"Lava field, emerging from woods"
46、INT. XEROX ROOM,doc_45_chunk_0,He lifts up the cover.,Xerox machine jammed
46、INT. XEROX ROOM,doc_45_chunk_2,He suddenly looks really tired.,Conversation with Kelly
46、INT. XEROX ROOM,doc_45_chunk_2,He turns to the Xerox in frustration.,"Conversation with Kelly, frustrated with Xerox machine"
471、EXT. CAVE - NEXT DAY,doc_470_chunk_0,Chuck emerges from the cave.,Cave exit
471、EXT. CAVE - NEXT DAY,doc_470_chunk_0,His face reflects his pain and despair.,Cave exit
464、EXT. LAGOON - DAY,doc_463_chunk_3,Chuck looks up,"Outdoors, rain falling and clouds obscuring the sun"
439、EXT. WELL - DAY,doc_438_chunk_0,"Chuck lies on his belly and drinks from the well, which has filled with water.",at a well
439、EXT. WELL - DAY,doc_438_chunk_0,Then he washes his face and splashes water over his neck.,at a well
439、EXT. WELL - DAY,doc_438_chunk_0,He stares at himself.,at a well
439、EXT. WELL - DAY,doc_438_chunk_0,Very carefully Chuck shaves with the surgeon's scalpel.,at a well
439、EXT. WELL - DAY,doc_438_chunk_0,Chuck checks out his new appearance in the water.,at a well
467、EXT. LAVA FIELD - MOMENTS LATER,doc_466_chunk_0,"Chuck stumbles up the slippery rocks, dragging the smoking box.",On slippery rocks
467、EXT. LAVA FIELD - MOMENTS LATER,doc_466_chunk_0,"His face is drenched, desperate.",On slippery rocks
464、EXT. LAGOON - DAY,doc_463_chunk_0,swims back from his latest failure,Beach
464、EXT. LAGOON - DAY,doc_463_chunk_0,wades back ashore with the FedEx box and throws it on the ground by the palm tree,Beach
464、EXT. LAGOON - DAY,doc_463_chunk_0,"rips off his life preserver, throws it into the underbrush, then collapses on the beach",Beach
411、EXT. BEACH - MORNING,doc_410_chunk_0,"Face red from the sun, Chuck hacks at a palm frond with his stone knife.","Near the beach, Chuck is working on a palm frond."
411、EXT. BEACH - MORNING,doc_410_chunk_0,"He saws the palm frond off near the base, leaving it about a foot long.","Near the beach, Chuck is working on a palm frond."
411、EXT. BEACH - MORNING,doc_410_chunk_0,"He ties the loose fibers into a sort of circle, then sets it upon his head.","Near the beach, Chuck is making a hat from the palm frond."
411、EXT. BEACH - MORNING,doc_410_chunk_0,He grabs a couple of FedEx boxes and heads for the beach.,"After making the hat, Chuck heads to the beach."
447、EXT. BEACH - CLOSER,doc_446_chunk_0,Chuck darts into the jungle and returns dragging a huge log.,Jungle campfire scene at night
447、EXT. BEACH - CLOSER,doc_446_chunk_0,He throws it on the fire.,Jungle campfire scene at night
447、EXT. BEACH - CLOSER,doc_446_chunk_0,He is exultant.,Jungle campfire scene at night
447、EXT. BEACH - CLOSER,doc_446_chunk_0,He dances.,Jungle campfire scene at night
447、EXT. BEACH - CLOSER,doc_446_chunk_0,He sings at the top of his lungs.,Jungle campfire scene at night
447、EXT. BEACH - CLOSER,doc_446_chunk_0,Chuck throws another huge log on the fire.,Jungle campfire scene at night
464、EXT. LAGOON - DAY,doc_463_chunk_1,"Chuck's shoulders begin to shake, as he is racked with deep sobs of despair.",On an island
464、EXT. LAGOON - DAY,doc_463_chunk_1,"And then he throws his head back and lets forth, from deep inside himself, a SCREAM of rage and anger and pain.",On an island
465、EXT. WOODS - DAY,doc_464_chunk_0,"Chuck runs through the woods, slipping and stumbling.",in the woods during thick rain
468、EXT. CAVE - DAY - MINUTES LATER,doc_467_chunk_0,Chuck tumbles into the cave just as the coals burn through the FedEx box.,"Cave, coals burning through FedEx box"
468、EXT. CAVE - DAY - MINUTES LATER,doc_467_chunk_0,"Using the remains of the box, he desperately tries to scoot the coals into a dry spot.","Cave, coals burning through FedEx box"
468、EXT. CAVE - DAY - MINUTES LATER,doc_467_chunk_0,"Dripping water off his hands and face, he pushes a few together with his fingers, ignoring the burns.","Cave, coals burning through FedEx box"
46、INT. XEROX ROOM,doc_45_chunk_1,"He pries up one feeder, then another.","At the Xerox machine, during a conversation with Kelly"
46、INT. XEROX ROOM,doc_45_chunk_1,But Chuck doesn't want to talk.,"At the Xerox machine, during a conversation with Kelly"
46、INT. XEROX ROOM,doc_45_chunk_1,He's focused on the machine.,"At the Xerox machine, during a conversation with Kelly"
470、INT. CAVE - NIGHT,doc_469_chunk_0,"Chuck lies on the floor of the cave, shivering in the darkness",Cave during rain
491、INT. CAVE - LATER,doc_490_chunk_0,Chuck wraps his foot in bandages.,
479、EXT. OCEAN - SUNRISE - THREE YEARS LATER,doc_478_chunk_1,It holds the spear perfectly still.,
418、EXT. BEACH - DAY - LATER,doc_417_chunk_1,Chuck plunges into the water after the fish with his bare hands.,On the rocky shore
418、EXT. BEACH - DAY - LATER,doc_417_chunk_1,Chuck leaps after it and goes under.,On the rocky shore
418、EXT. BEACH - DAY - LATER,doc_417_chunk_1,"He comes up spluttering, on his hands and knees in the shallows.",On the rocky shore
418、EXT. BEACH - DAY - LATER,doc_417_chunk_1,He grabs at them desperately.,On the rocky shore
418、EXT. BEACH - DAY - LATER,doc_417_chunk_1,On some rocks he sees clusters of limpets.,On the rocky shore
418、EXT. BEACH - DAY - LATER,doc_417_chunk_1,"He takes a rock and tries to dislodge one, but it smashes into a soggy mess.",On the rocky shore
482、INT. CAVE - THAT AFTERNOON,doc_481_chunk_0,Chuck enters with the fish.,Inside a primitive stone-age lair
480、EXT. BEACH - LATER THAT DAY,doc_479_chunk_0,Chuck makes a mark on a palm tree.,
480、EXT. BEACH - LATER THAT DAY,doc_479_chunk_0,He has completely covered three other trees with marks.,
480、EXT. BEACH - LATER THAT DAY,doc_479_chunk_0,It sinks in how long he has been here.,
483、INT. CAVE - FIRE - NIGHT,doc_482_chunk_0,"Chuck sits by the fire, hafting a stone knife onto a wooden haft.",By the fire
483、INT. CAVE - FIRE - NIGHT,doc_482_chunk_0,"He ties some fiber to a stick, then braids it into string, using both hands and his mouth for the three strands.",By the fire
483、INT. CAVE - FIRE - NIGHT,doc_482_chunk_0,He ties the string tightly around the shaft.,By the fire
483、INT. CAVE - FIRE - NIGHT,doc_482_chunk_0,He does his work automatically.,By the fire
472、EXT. LEDGE - DAY,doc_471_chunk_0,Chuck slowly walks out on the ledge.,On a cliff ledge overlooking the ocean.
472、EXT. LEDGE - DAY,doc_471_chunk_0,He stares down at the waves breaking on the jagged rocks far below.,On a cliff ledge overlooking the ocean.
472、EXT. LEDGE - DAY,doc_471_chunk_0,He lets go one hand.,On a cliff ledge overlooking the ocean.
472、EXT. LEDGE - DAY,doc_471_chunk_0,Then lets go the other.,On a cliff ledge overlooking the ocean.
472、EXT. LEDGE - DAY,doc_471_chunk_0,He slides one foot to the very lip of the precipice.,On a cliff ledge overlooking the ocean.
481、EXT. JUNGLE - LATER,doc_480_chunk_0,Chuck carries the fish back from the beach.,"Beach, Chuck carrying fish"
472、EXT. LEDGE - DAY,doc_471_chunk_1,Suddenly his foot slips!,"Cliff edge, during a slip and recovery"
472、EXT. LEDGE - DAY,doc_471_chunk_1,"Instinctively he turns into the cliff, grabs for a hold!","Cliff edge, during a slip and recovery"
472、EXT. LEDGE - DAY,doc_471_chunk_1,"One hand reaches for a nubbing of rock, slips off!","Cliff edge, during a slip and recovery"
472、EXT. LEDGE - DAY,doc_471_chunk_1,"The other closes, his fingers straining to hold him.","Cliff edge, during a slip and recovery"
472、EXT. LEDGE - DAY,doc_471_chunk_1,He breathes in deep gasps.,"Cliff edge, during a slip and recovery"
472、EXT. LEDGE - DAY,doc_471_chunk_1,Slowly he pulls himself back from the edge.,"Cliff edge, during a slip and recovery"
475、INT. CAVE - MORNING,doc_474_chunk_0,Chuck mixes a mash of breadfruit and coconut,in a cave
475、INT. CAVE - MORNING,doc_474_chunk_0,He tries to pack the tooth with the mash,in a cave
475、INT. CAVE - MORNING,doc_474_chunk_0,He pounds the floor of the cave in frustration,in a cave
476、INT. CAVE - LATER,doc_475_chunk_0,Chuck holds a stone chisel and his hammer stone.,
476、INT. CAVE - LATER,doc_475_chunk_0,He positions the chisel against his inflamed tooth.,
476、INT. CAVE - LATER,doc_475_chunk_0,But the thought of what he is about to do is too frightening.,
476、INT. CAVE - LATER,doc_475_chunk_0,He lowers the chisel.,
493、INT. CAVE - NIGHT,doc_492_chunk_0,"Chuck stirs, takes a drink, weakly tosses on another log, and collapses back on the floor.",
451、EXT. BEACH - HALF HOUR LATER,doc_450_chunk_0,Chuck removes a crab from out of the fire and breaks a steaming crab claw.,
451、EXT. BEACH - HALF HOUR LATER,doc_450_chunk_0,Chuck takes a bite of the flaky white meat.,
451、EXT. BEACH - HALF HOUR LATER,doc_450_chunk_0,Ahhh.,
451、EXT. BEACH - HALF HOUR LATER,doc_450_chunk_0,He takes another bite -- and flinches.,
451、EXT. BEACH - HALF HOUR LATER,doc_450_chunk_0,He fumbles for his Tylenol and takes two pills.,
479、EXT. OCEAN - SUNRISE - THREE YEARS LATER,doc_478_chunk_2,"They stare out with a survivor's intensity, staring at the water, unblinking.","Chuck's face revealed, eyes staring at water"
459、EXT. BEACH - SERIES OF SHOTS,doc_458_chunk_0,"Up above the high tide line, Chuck lashes a log to a row of five logs already joined with vines.","On the beach, preparing a boat"
459、EXT. BEACH - SERIES OF SHOTS,doc_458_chunk_0,Chuck sews several designer dresses together with needle and suturing thread for a sail.,"On the beach, preparing a boat"
459、EXT. BEACH - SERIES OF SHOTS,doc_458_chunk_0,He cuts bamboo for the mast.,"On the beach, preparing a boat"
459、EXT. BEACH - SERIES OF SHOTS,doc_458_chunk_0,He carves driftwood for an oar.,"On the beach, preparing a boat"
459、EXT. BEACH - SERIES OF SHOTS,doc_458_chunk_0,"He fills gourds with water, stores breadfruit and coconut as he sings ""Fly Me to the Moon"" to himself.","On the beach, preparing a boat"
474、INT. CAVE - THAT DAY,doc_473_chunk_0,"Chuck carves a bit of coconut meat, takes a bite and winces as the meat hits his sore tooth.",Inside a cave
474、INT. CAVE - THAT DAY,doc_473_chunk_0,He tosses the shell on a small new pile of shells.,Inside a cave
474、INT. CAVE - THAT DAY,doc_473_chunk_0,Chuck shakes out the last half Tylenol tablet.,Inside a cave
474、INT. CAVE - THAT DAY,doc_473_chunk_0,"He puts the tablet in his mouth, then takes a sip out of his coconut canteen.",Inside a cave
474、INT. CAVE - THAT DAY,doc_473_chunk_0,When the water hits his tooth that hurts too.,Inside a cave
487、INT. CAVE - MOMENTS LATER,doc_486_chunk_0,Chuck enters the cave,Inside a cave
487、INT. CAVE - MOMENTS LATER,doc_486_chunk_0,picks up the ball,Inside a cave
487、INT. CAVE - MOMENTS LATER,doc_486_chunk_0,heads out,Inside a cave
473、EXT. BEACH - LATER,doc_472_chunk_0,"Chuck walks aimlessly down the beach, feeling the burden of starting over.",Beach
473、EXT. BEACH - LATER,doc_472_chunk_0,He picks up a plastic bottle.,Beach
473、EXT. BEACH - LATER,doc_472_chunk_0,"The Chuck sees a SOCCER BALL with ""Wilson"" stamped on it in big black letters.",Beach
473、EXT. BEACH - LATER,doc_472_chunk_0,"He picks it up, holds it, tosses it up in the air. Then he kicks it, then kicks it again, then runs down the beach, trying to kick it and keep it out of the water.",Beach
473、EXT. BEACH - LATER,doc_472_chunk_0,"Feeling joy again, even here.",Beach
49、EXT. FEDEX OFFICES - NEXT MORNING,doc_48_chunk_0,"He jumps out, glances at this watch, and heads for the building at a run.","Office park near airport, parking lot"
484、INT. CAVE - NIGHT - LATER,doc_483_chunk_0,Chuck eats some fish and some mashed breadfruit.,
484、INT. CAVE - NIGHT - LATER,doc_483_chunk_0,"He chews each bite, his eyes in distant focus.",
492、INT. CAVE - LATER,doc_491_chunk_0,He looks down at his foot.,
492、INT. CAVE - LATER,doc_491_chunk_0,"He stands up, tries to put some weight on it.",
492、INT. CAVE - LATER,doc_491_chunk_0,Chuck sticks the scalpel onto some coals to sterilize it.,
492、INT. CAVE - LATER,doc_491_chunk_0,"He holds it over his foot, takes a breath, then jabs in into the wound.",
492、INT. CAVE - LATER,doc_491_chunk_0,Chuck passes out.,
477、EXT. BEACH - DAY,doc_476_chunk_0,Chuck tries to fill his mouth with sea water.,At the sea
477、EXT. BEACH - DAY,doc_476_chunk_0,The pain is so great his eyes water.,At the sea
477、EXT. BEACH - DAY,doc_476_chunk_0,"He falls back in the water and floats there, looking up at the sky.",At the sea
478、INT. CAVE - LATER,doc_477_chunk_0,"Determined, Chuck hold the stone chisel again.",
478、INT. CAVE - LATER,doc_477_chunk_0,He raises it slowly to his mouth and picks up the hammer stone.,
478、INT. CAVE - LATER,doc_477_chunk_0,He brings the hammer down hard on the chisel!,
478、INT. CAVE - LATER,doc_477_chunk_0,Chuck's SCREAM,
499、EXT. CAVE - NIGHT,doc_498_chunk_0,Chuck enters the cave.,inside a cave
488、EXT. SUMMIT - EVENING,doc_487_chunk_0,"Chuck sits with Wilson on the summit, a bowl of mashed breadfruit in one hand, a bowl of roasted eel skin in another.","Summit, sunset"
488、EXT. SUMMIT - EVENING,doc_487_chunk_0,"he takes some roasted eel chips, dips them into the breadfruit paste, and offers one to Wilson.","Summit, sunset"
488、EXT. SUMMIT - EVENING,doc_487_chunk_0,He takes a big crunchy bite.,"Summit, sunset"
488、EXT. SUMMIT - EVENING,doc_487_chunk_0,Chuck reaches into the bowl again and dips an eel skin chip in the dip.,"Summit, sunset"
500、EXT. SUMMIT - DAY,doc_499_chunk_0,"Chuck stands on the summit, staring out to sea.",On the summit
509、EXT. JUNGLE - DAY,doc_508_chunk_0,"Chuck goes from tree to tree, making handprints along his path.",
502、INT. CAVE - DAYS LATER,doc_501_chunk_0,Chuck covers his hand with paint and makes a handprint on the wall of the cave.,Cave interior
502、INT. CAVE - DAYS LATER,doc_501_chunk_0,He stands back and looks at it.,Cave interior
50、INT. EXECUTIVE CONFERENCE ROOM - MOMENTS LATER,doc_49_chunk_5,The process is being ripped out of Chuck's hands.,
50、INT. EXECUTIVE CONFERENCE ROOM - MOMENTS LATER,doc_49_chunk_5,He struggles to get an answer.,
489、EXT. ROCKY LEDGE - NIGHT - LATER,doc_488_chunk_0,"Torch in one hand, Wilson in the other, Chuck walks across the rocky ledge.","rocky ledge, Chuck walking across"
489、EXT. ROCKY LEDGE - NIGHT - LATER,doc_488_chunk_0,He passes the flume without even noticing.,"rocky ledge, Chuck passing the flume"
489、EXT. ROCKY LEDGE - NIGHT - LATER,doc_488_chunk_0,"He bends down and fixes it, then heads on down the ledge.","rocky ledge, Chuck fixing his shoe"
461、EXT. BEACH - NIGHT,doc_460_chunk_0,Chuck stands by the edge of the water.,"Water's edge, fire reflection"
461、EXT. BEACH - NIGHT,doc_460_chunk_0,"Chuck watches, gets an idea.","Water's edge, fire reflection"
498、EXT. BEACH - LATER THAT DAY,doc_497_chunk_0,Chuck makes a new mark on his calendar tree.,
498、EXT. BEACH - LATER THAT DAY,doc_497_chunk_0,Then he stops.,
498、EXT. BEACH - LATER THAT DAY,doc_497_chunk_0,"He CUTS an angry big line under the last mark, then hacks away at the palm tree, slashing it with the stone knife, ripping and marking through all his dates.",
498、EXT. BEACH - LATER THAT DAY,doc_497_chunk_0,Chuck drops the broken half and catches his breath.,
515、EXT. JUNGLE - DAY,doc_514_chunk_0,Chuck throws aside palm leaves,
494、INT. CAVE - DAY,doc_493_chunk_0,"Chuck wakes up, trembling, shaking, wet with sweat.",inside a cave
494、INT. CAVE - DAY,doc_493_chunk_0,He staggers up.,inside a cave
494、INT. CAVE - DAY,doc_493_chunk_0,He struggles to get another log on the fire.,inside a cave
494、INT. CAVE - DAY,doc_493_chunk_0,"He squints at his only companion, the soccer ball.",inside a cave
494、INT. CAVE - DAY,doc_493_chunk_0,He collapses again.,inside a cave
495、INT. CAVE - NIGHT,doc_494_chunk_0,Chuck stirs and squints his eyes.,
495、INT. CAVE - NIGHT,doc_494_chunk_0,He takes a drink of water.,
495、INT. CAVE - NIGHT,doc_494_chunk_0,He is feeling better.,
495、INT. CAVE - NIGHT,doc_494_chunk_0,He puts another log on the fire,
495、INT. CAVE - NIGHT,doc_494_chunk_0,slowly begins to chew on some breadfruit and dried fish.,
517、INT. CAVE - NIGHT,doc_516_chunk_0,Chuck is making a list of what he needs.,
517、INT. CAVE - NIGHT,doc_516_chunk_0,He works intently.,
443、EXT. BEACH - LATER,doc_442_chunk_0,"Chuck gives one last saw with his bamboo and stops, utterly defeated. It's all too much.",
443、EXT. BEACH - LATER,doc_442_chunk_0,He starts to rub again.,
443、EXT. BEACH - LATER,doc_442_chunk_0,"He breathes hard, sweat pours off his face.",
443、EXT. BEACH - LATER,doc_442_chunk_0,"He is really going for it, what the hell!",
443、EXT. BEACH - LATER,doc_442_chunk_0,Chuck saws with even more energy.,
443、EXT. BEACH - LATER,doc_442_chunk_0,"Chuck rips away the bamboo, grabs the nest of shavings, and blows on it frantically.",
443、EXT. BEACH - LATER,doc_442_chunk_0,Chuck can't believe it.,
50、INT. EXECUTIVE CONFERENCE ROOM - MOMENTS LATER,doc_49_chunk_3,"Chuck swallows nervously, tries to talk matter-of-factly.","Video call meeting, Becca asks Chuck for status"
50、INT. EXECUTIVE CONFERENCE ROOM - MOMENTS LATER,doc_49_chunk_2,"Chuck, out of breath, slips under the screen and heads for the one remaining vacant seat -- across from Stan.",
518、EXT. JUNGLE - DAY,doc_517_chunk_0,Chuck lashes the barrels onto the raft.,
518、EXT. JUNGLE - DAY,doc_517_chunk_0,Checks the knots.,
518、EXT. JUNGLE - DAY,doc_517_chunk_0,Lashes more rope.,
521、EXT. BEACH - DAY,doc_520_chunk_0,Chuck digs a channel toward the raft.,
516、INT. CAVE - NIGHT,doc_515_chunk_0,Chuck is drawing with a purpose now.,
505、INT. CAVE - NIGHT,doc_504_chunk_0,"Chuck is finishing his first figure, a crude portrait of a man -- himself? Hard to tell.",
505、INT. CAVE - NIGHT,doc_504_chunk_0,He examines his work.,
505、INT. CAVE - NIGHT,doc_504_chunk_0,He takes some shells and sticks them on as eyes.,
505、INT. CAVE - NIGHT,doc_504_chunk_0,"Chuck picks up Wilson, thinks.",
505、INT. CAVE - NIGHT,doc_504_chunk_0,He takes some charcoal out of his fire and draws eyebrows on the ball.,
505、INT. CAVE - NIGHT,doc_504_chunk_0,"Then, he mashes some berries, dips his fingers in the juice, and makes lips.",
505、INT. CAVE - NIGHT,doc_504_chunk_0,He sticks shells on with clay for eyes.,
505、INT. CAVE - NIGHT,doc_504_chunk_0,Then he looks at the face.,
511、EXT. BEACH - DAY,doc_510_chunk_0,"Chuck emerges from the palm trees, and now we see what he had seen.","Palm tree area, Chuck emerges and sees oil drums."
511、EXT. BEACH - DAY,doc_510_chunk_0,Chuck stares at the barrels.,"Palm tree area, Chuck emerges and sees oil drums."
52、INT. KELLY'S HOUSE - DAY,doc_51_chunk_5,Chuck picks up the puppy.,
504、INT. CAVE - DAY,doc_503_chunk_0,"Chuck dips one of his feather brushes in paint, and make a tentative line on the wall of the cave.",Inside a cave
504、INT. CAVE - DAY,doc_503_chunk_0,"He works hesitantly, rubs off a line, tries again.",Inside a cave
51、EXT. KELLY'S HOUSE - DAY - LATE THAT AFTERNOON,doc_50_chunk_0,"Chuck lugs a big package up to the door, knocks on it.",at a door
505、INT. CAVE - NIGHT,doc_504_chunk_2,He looks at the Angel Box.,
505、INT. CAVE - NIGHT,doc_504_chunk_2,Casually he reaches over and cuts it open with a stone knife.,
505、INT. CAVE - NIGHT,doc_504_chunk_2,Inside he finds two bottles of green salsa. And a letter.,
505、INT. CAVE - NIGHT,doc_504_chunk_2,He reads over it.,
505、INT. CAVE - NIGHT,doc_504_chunk_2,"Visibly moved, Chuck puts down the letter.",
468、EXT. CAVE - DAY - MINUTES LATER,doc_467_chunk_1,Chuck desperately gathers more firewood in the driving monsoon.,"Beach, driving monsoon"
52、INT. KELLY'S HOUSE - DAY,doc_51_chunk_3,Chuck hands over his present.,
52、INT. KELLY'S HOUSE - DAY,doc_51_chunk_0,Chuck enters as they keep talking.,"Inside a house (cozy workspace with Christmas tree), others are talking."
52、INT. KELLY'S HOUSE - DAY,doc_51_chunk_6,He hands her the puppy.,
505、INT. CAVE - NIGHT,doc_504_chunk_1,He sits back and regards his companion.,"Cave, examining new paintings and the Angel Box"
505、INT. CAVE - NIGHT,doc_504_chunk_1,He gestures around the cave at the new paintings.,"Cave, examining new paintings and the Angel Box"
505、INT. CAVE - NIGHT,doc_504_chunk_1,Idly Chuck takes down the Angel Box.,"Cave, examining new paintings and the Angel Box"
505、INT. CAVE - NIGHT,doc_504_chunk_1,For a long time he studies the wings on it.,"Cave, examining new paintings and the Angel Box"
505、INT. CAVE - NIGHT,doc_504_chunk_1,"With a stick, he tries to draw a similar wing on the dusty floor of the cave.","Cave, examining new paintings and the Angel Box"
505、INT. CAVE - NIGHT,doc_504_chunk_1,"Dissatisfied, he wipes it away.","Cave, examining new paintings and the Angel Box"
513、EXT. BEACH - LATER,doc_512_chunk_0,"Filled with determination, Chuck rolls a barrel up the beach.",Beach
527、EXT. OCEAN - DAY - FOUR WEEKS LATER,doc_526_chunk_2,He catches it again just as it almost flops over the side.,
525、EXT. LAGOON - DAY,doc_524_chunk_1,"Chuck recovers, paddles with all his strength, and then he's clear of the breakers!","On a raft in the ocean, after a wave recedes"
527、EXT. OCEAN - DAY - FOUR WEEKS LATER,doc_526_chunk_0,"He lies looking over the side of the raft, spear in one hand, staring intently at the water.",On a raft in the ocean
522、INT. CAVE - DAY,doc_521_chunk_0,"Chuck constructs a water collection device with some FedEx boxes, some plastic weighted with a stone.",
522、INT. CAVE - DAY,doc_521_chunk_0,Explains it to Wilson.,
514、EXT. BEACH - LATER,doc_513_chunk_0,"Chuck hauls hard on a rope made of vines, pulling the barrel up off the beach","Beach, pulling barrel off the beach"
52、INT. KELLY'S HOUSE - DAY,doc_51_chunk_1,Chuck's attention goes to the tree.,"During a conversation about the staff meeting, Chuck notices movement at a tree."
52、INT. KELLY'S HOUSE - DAY,doc_51_chunk_1,Chuck bends down to see the puppy.,"After a puppy darts out from a package, Chuck bends down."
52、INT. KELLY'S HOUSE - DAY,doc_51_chunk_1,Chuck picks the puppy up.,"After bending down, Chuck picks the puppy up."
530、EXT. RAFT - DAY - LATER,doc_529_chunk_0,"Chuck works to braid a new rope. He is focused, concentrating as hard as he can, but everything is slow and hard and he's weak and clumsy.",
530、EXT. RAFT - DAY - LATER,doc_529_chunk_0,"He tests the rope, but it doesn't hold.",
530、EXT. RAFT - DAY - LATER,doc_529_chunk_0,"He gets an idea, starts to pull the signal kite in.",
530、EXT. RAFT - DAY - LATER,doc_529_chunk_0,He ties the log with the kite rope.,
530、EXT. RAFT - DAY - LATER,doc_529_chunk_0,"Exhausted, he lies back down.",
52、INT. KELLY'S HOUSE - DAY,doc_51_chunk_4,Chuck is flummoxed.,Conversation with Kelly about a gift
52、INT. KELLY'S HOUSE - DAY,doc_51_chunk_4,Chuck's beeper goes off.,Conversation with Kelly about a gift
52、INT. KELLY'S HOUSE - DAY,doc_51_chunk_4,He checks the number.,Conversation with Kelly about a gift
490、EXT. LEDGE - MOMENTS LATER,doc_489_chunk_0,"Chuck makes a casual leap, a leap he has made hundreds of times, but this time the sandal comes loose.",
490、EXT. LEDGE - MOMENTS LATER,doc_489_chunk_0,CHUCK FALLS!,
490、EXT. LEDGE - MOMENTS LATER,doc_489_chunk_0,"He tries to get up, can't.",
490、EXT. LEDGE - MOMENTS LATER,doc_489_chunk_0,Chuck sits back and examines his foot.,
490、EXT. LEDGE - MOMENTS LATER,doc_489_chunk_0,"He reaches out to steady himself, and leaves a HANDPRINT OF BLOOD on the rock.",
528、EXT. RAFT - MOMENTS LATER,doc_527_chunk_0,Chuck sucks the juice out of the head.,
528、EXT. RAFT - MOMENTS LATER,doc_527_chunk_0,He chews meat off the tiny rib bones.,
528、EXT. RAFT - MOMENTS LATER,doc_527_chunk_0,Chuck keeps eating.,
528、EXT. RAFT - MOMENTS LATER,doc_527_chunk_0,"He stares up at the sun, which beats down unmercifully.",
531、EXT. RAFT - NIGHT,doc_530_chunk_0,"Chuck is staring into the sky, trying to find a star to navigate by.","On the ocean, Chuck attempts to navigate."
485、EXT. CLIFF - SUNRISE,doc_484_chunk_0,Chuck carries firewood up to the summit.,"Summit, adding firewood"
485、EXT. CLIFF - SUNRISE,doc_484_chunk_0,He mechanically adds wood to the fire.,"Summit, adding firewood"
485、EXT. CLIFF - SUNRISE,doc_484_chunk_0,He stops and stands up.,"Summit, noticing something at sea"
485、EXT. CLIFF - SUNRISE,doc_484_chunk_0,a light comes back into his eyes.,"Summit, watching whales"
485、EXT. CLIFF - SUNRISE,doc_484_chunk_0,He grins.,"Summit, watching whales"
485、EXT. CLIFF - SUNRISE,doc_484_chunk_0,He turns and strides down the hill.,"Summit, watching whales"
527、EXT. OCEAN - DAY - FOUR WEEKS LATER,doc_526_chunk_1,Chuck stabs with his spear.,On the raft
527、EXT. OCEAN - DAY - FOUR WEEKS LATER,doc_526_chunk_1,Stabs again.,On the raft
527、EXT. OCEAN - DAY - FOUR WEEKS LATER,doc_526_chunk_1,"Exhausted, he sinks back to the raft.",On the raft
527、EXT. OCEAN - DAY - FOUR WEEKS LATER,doc_526_chunk_1,Chuck tries to stare again into the water.,On the raft
527、EXT. OCEAN - DAY - FOUR WEEKS LATER,doc_526_chunk_1,"He spots another fish, a flash of silver under the surface.",On the raft
527、EXT. OCEAN - DAY - FOUR WEEKS LATER,doc_526_chunk_1,"Chuck struggles to his feet, raises his spear.",On the raft
527、EXT. OCEAN - DAY - FOUR WEEKS LATER,doc_526_chunk_1,"SPLAT! Something strikes him in the chest, almost knocking him into the water.",On the raft
527、EXT. OCEAN - DAY - FOUR WEEKS LATER,doc_526_chunk_1,"Chuck dives at it, catches it, loses it.",On the raft
532、EXT. RAFT - DAY,doc_531_chunk_0,Chuck saws at the outer log with his stone knife.,
532、EXT. RAFT - DAY,doc_531_chunk_0,"He looks at the deteriorating rope, at the rotting sail.",
532、EXT. RAFT - DAY,doc_531_chunk_0,"Chuck pushes the outer log away, then takes the loose rope and begins to lash it around the center logs.",
533、EXT. OCEAN - DAY,doc_532_chunk_0,"Chuck lies on the raft, sick and weak.","On a raft in the open sea, whale rising."
529、EXT. RAFT - DAY - LATER,doc_528_chunk_0,Chuck has taken down the sail and rigged it as a canopy.,"on the raft, drifting"
529、EXT. RAFT - DAY - LATER,doc_528_chunk_0,"Drenched with sweat, Chuck lies on the raft, trying to sleep.","on the raft, drifting"
529、EXT. RAFT - DAY - LATER,doc_528_chunk_0,He dabs at some sores that are ulcerating his body and won't let him get comfortable.,"on the raft, drifting"
529、EXT. RAFT - DAY - LATER,doc_528_chunk_0,He looks around for the source.,"on the raft, drifting"
533、EXT. OCEAN - DAY,doc_532_chunk_3,"Chuck rips a fillet off the line and throws it in front of the whale, which ignores it.","On a raft, Chuck throws fish at a whale."
524、EXT. BEACH - DAY,doc_523_chunk_0,"Chuck loads the raft, which rocks gently in the cove.","Cove, loading the raft"
524、EXT. BEACH - DAY,doc_523_chunk_0,And he gently leads the raft into the lagoon.,"Lagoon, leading the raft"
524、EXT. BEACH - DAY,doc_523_chunk_0,"He jumps onto the raft, begins to paddle out toward where the surf crashes onto the reef.","Reef, paddling toward reef"
525、EXT. LAGOON - DAY,doc_524_chunk_0,With his paddles Chuck maneuvers the raft toward the cut in the reef.,"On the reef, navigating the raft toward the cut"
525、EXT. LAGOON - DAY,doc_524_chunk_0,"Chuck watches, times the waves, paddles like mad.","On the reef, timing the waves and paddling"
525、EXT. LAGOON - DAY,doc_524_chunk_0,He's committed.,"On the reef, having committed to the maneuver"
525、EXT. LAGOON - DAY,doc_524_chunk_0,He's out!,"On the reef, having successfully navigated through the cut"
525、EXT. LAGOON - DAY,doc_524_chunk_3,He stares at the lagoon and the receding water jugs.,"On a boat in a lagoon, about to depart"
525、EXT. LAGOON - DAY,doc_524_chunk_3,Then he stares at the island.,"On a boat in a lagoon, about to depart"
525、EXT. LAGOON - DAY,doc_524_chunk_3,Goodbye to all that.,"On a boat in a lagoon, about to depart"
525、EXT. LAGOON - DAY,doc_524_chunk_3,He turns and begins raising the sail.,"On a boat in a lagoon, about to depart"
533、EXT. OCEAN - DAY,doc_532_chunk_4,he stares at where the whale had been,"On a raft, after the whale disappears"
535、EXT. OCEAN - DAY,doc_534_chunk_0,"Chuck gets up with his spear, then puts it down.",
535、EXT. OCEAN - DAY,doc_534_chunk_0,Chuck listens.,
535、EXT. OCEAN - DAY,doc_534_chunk_0,Doesn't hear anything.,
537、EXT. OCEAN - DAY,doc_536_chunk_0,"Fascinated, he holds out his hand.","On a ship during a storm, as lightning approaches."
538、EXT. OCEAN - DAY,doc_537_chunk_1,He takes his oar and begins beating the water.,
538、EXT. OCEAN - DAY,doc_537_chunk_0,Chuck watches them play.,"On a raft after the storm, dolphins approach the raft."
538、EXT. OCEAN - DAY,doc_537_chunk_0,Then realizes they are chasing his fish.,"On a raft after the storm, dolphins approach the raft."
541、EXT. RAFT - NEXT MORNING,doc_540_chunk_3,Chuck hangs on.,"On a raft, after the raft tilts."
537、EXT. OCEAN - DAY,doc_536_chunk_1,"Chuck stares, then realizes the danger and throws himself down on the raft.",On a raft during a storm
537、EXT. OCEAN - DAY,doc_536_chunk_1,"Frantic, Chuck lets out the sea anchor as the raft scuds down a huge wave.",On a raft during a storm
537、EXT. OCEAN - DAY,doc_536_chunk_1,All Chuck can do is hold on.,On a raft during a storm
512、EXT. BEACH - LATER,doc_511_chunk_0,Chuck sits staring at the oil drums.,
512、EXT. BEACH - LATER,doc_511_chunk_0,It's almost as if he is hesitating to take advantage of them.,
512、EXT. BEACH - LATER,doc_511_chunk_0,"That he may not want, really, to leave now.",
512、EXT. BEACH - LATER,doc_511_chunk_0,Then his inner struggle ends.,
547、EXT. RAFT - MORNING,doc_546_chunk_0,"Chuck holds on, his face pale.",
54、INT. KELLY'S HOUSE - MINUTES LATER,doc_53_chunk_0,Chuck enters.,Room with missing tree and presents
536、EXT. OCEAN - NIGHT,doc_535_chunk_0,Chuck looks up.,On a raft
536、EXT. OCEAN - NIGHT,doc_535_chunk_0,He reaches out to touch the fish strips.,On a raft
536、EXT. OCEAN - NIGHT,doc_535_chunk_0,Suddenly he sees other lights.,On a raft
536、EXT. OCEAN - NIGHT,doc_535_chunk_0,"he hears it, a humming in deep register.",On a raft
536、EXT. OCEAN - NIGHT,doc_535_chunk_0,He waves his hands.,On a raft
536、EXT. OCEAN - NIGHT,doc_535_chunk_0,He yells.,On a raft
545、EXT. RAFT - DAY - LATER,doc_544_chunk_1,He goes on writing.,
542、EXT. RAFT - DAY - MOMENTS LATER,doc_541_chunk_0,Chuck lies back on the raft.,On the raft
542、EXT. RAFT - DAY - MOMENTS LATER,doc_541_chunk_0,He is humming.,On the raft
542、EXT. RAFT - DAY - MOMENTS LATER,doc_541_chunk_0,He smiles at the thought.,On the raft
538、EXT. OCEAN - DAY,doc_537_chunk_2,He splashes the water with his oar.,
538、EXT. OCEAN - DAY,doc_537_chunk_2,He begins to laugh.,
539、EXT. OCEAN - DAY,doc_538_chunk_5,"Chuck looks at it, uncomprehending.",
539、EXT. OCEAN - DAY,doc_538_chunk_5,Then slowly reaches for his spear.,
539、EXT. OCEAN - DAY,doc_538_chunk_5,"Carefully he comes to his feet, then shoots the spear into the fish.",
539、EXT. OCEAN - DAY,doc_538_chunk_5,Chuck pounces on it.,
507、INT. CAVE - DAY,doc_506_chunk_1,Chuck takes white paint and covers his hand.,Montage: Chuck painting himself
507、INT. CAVE - DAY,doc_506_chunk_1,Then he presses it into his chest and makes a handprint.,Montage: Chuck painting himself
507、INT. CAVE - DAY,doc_506_chunk_1,"He draws a yellow spiral on his leg, then takes red and makes jagged lightning bolts on his chest on either side of the hand.",Montage: Chuck painting himself
507、INT. CAVE - DAY,doc_506_chunk_1,"Looking at himself in the reflection, he dots on blue stars with dark blue from squid ink.",Montage: Chuck painting himself
544、EXT. OCEAN - NEXT MORNING,doc_543_chunk_0,Chuck slowly wakes up.,
544、EXT. OCEAN - NEXT MORNING,doc_543_chunk_0,Sets Wilson aside.,
544、EXT. OCEAN - NEXT MORNING,doc_543_chunk_0,He stands up and checks the horizon.,
539、EXT. OCEAN - DAY,doc_538_chunk_0,Chuck tries to stretch with some simple yoga.,"On a raft in the ocean, surrounded by garbage debris."
539、EXT. OCEAN - DAY,doc_538_chunk_0,Each movement takes forever.,"On a raft in the ocean, surrounded by garbage debris."
539、EXT. OCEAN - DAY,doc_538_chunk_0,He rolls over onto his stomach and tries to do a pushup.,"On a raft in the ocean, surrounded by garbage debris."
539、EXT. OCEAN - DAY,doc_538_chunk_0,He can't.,"On a raft in the ocean, surrounded by garbage debris."
539、EXT. OCEAN - DAY,doc_538_chunk_0,Collapses onto the raft.,"On a raft in the ocean, surrounded by garbage debris."
539、EXT. OCEAN - DAY,doc_538_chunk_0,Tries to do another pushup.,"On a raft in the ocean, surrounded by garbage debris."
539、EXT. OCEAN - DAY,doc_538_chunk_0,Can't.,"On a raft in the ocean, surrounded by garbage debris."
539、EXT. OCEAN - DAY,doc_538_chunk_0,He rolls over.,"On a raft in the ocean, surrounded by garbage debris."
539、EXT. OCEAN - DAY,doc_538_chunk_0,He looks at the ocean.,"On a raft in the ocean, surrounded by garbage debris."
553、INT. U.S. NAVAL HOSPITAL - HAWAII,doc_552_chunk_2,Chuck has been trying not to laugh.,
553、INT. U.S. NAVAL HOSPITAL - HAWAII,doc_552_chunk_2,Now he can't stop himself.,
541、EXT. RAFT - NEXT MORNING,doc_540_chunk_2,Chuck stabs again.,"On a raft, after shark disappears"
541、EXT. RAFT - NEXT MORNING,doc_540_chunk_2,"Chuck kneels, wavering, on the raft.","On a raft, after being told to stop"
553、INT. U.S. NAVAL HOSPITAL - HAWAII,doc_552_chunk_4,Chuck laughs again.,
542、EXT. RAFT - DAY - MOMENTS LATER,doc_541_chunk_5,Slowly Chuck sinks to his knees.,on the raft
542、EXT. RAFT - DAY - MOMENTS LATER,doc_541_chunk_5,His hand lets loose his pants.,on the raft
542、EXT. RAFT - DAY - MOMENTS LATER,doc_541_chunk_5,He lies down on the raft and imagines the conversation with the ship's captain.,on the raft
542、EXT. RAFT - DAY - MOMENTS LATER,doc_541_chunk_2,He rolls over.,
542、EXT. RAFT - DAY - MOMENTS LATER,doc_541_chunk_2,Chuck jumps to his feet.,
542、EXT. RAFT - DAY - MOMENTS LATER,doc_541_chunk_7,Chuck picks up Wilson.,On a raft
542、EXT. RAFT - DAY - MOMENTS LATER,doc_541_chunk_7,He holds Wilson close to his chest.,On a raft
542、EXT. RAFT - DAY - MOMENTS LATER,doc_541_chunk_7,He lies on the raft and holds Wilson close.,On a raft
549、EXT. RAFT - DAY - LATER,doc_548_chunk_0,"Chuck takes a swallow of water, washes it around in his mouth, then swallows.",
549、EXT. RAFT - DAY - LATER,doc_548_chunk_0,With his wet tongue he licks his cracked lips.,
549、EXT. RAFT - DAY - LATER,doc_548_chunk_0,"With what strength he has left, Chuck raises the canopy, fastens it.",
549、EXT. RAFT - DAY - LATER,doc_548_chunk_0,"He sits in the meager shade, his head between his knees.",
549、EXT. RAFT - DAY - LATER,doc_548_chunk_0,Closes his eyes. Just for a minute.,
542、EXT. RAFT - DAY - MOMENTS LATER,doc_541_chunk_3,Chuck realizes he is naked.,"On the ship, deserted and spooky"
542、EXT. RAFT - DAY - MOMENTS LATER,doc_541_chunk_3,Struggles to pull on the remains of his pants finally holds them like a diaper with one hand as he continues to wave.,"On the ship, deserted and spooky"
542、EXT. RAFT - DAY - MOMENTS LATER,doc_541_chunk_3,Then he realizes what is about to happen.,After being passed up by the tanker
542、EXT. RAFT - DAY - MOMENTS LATER,doc_541_chunk_3,He throws out the sea anchor.,After being passed up by the tanker
542、EXT. RAFT - DAY - MOMENTS LATER,doc_541_chunk_3,"He throws himself onto the raft and grips it as tight as he can, wiggles his feet into the ropes.",After being passed up by the tanker
55、INT. KELLY'S HOUSE - KITCHEN - MOMENTS LATER,doc_54_chunk_0,picks up Jango,"Kitchen, Jango barricaded with food, water, and wet newspapers"
553、INT. U.S. NAVAL HOSPITAL - HAWAII,doc_552_chunk_1,He plays idly with the remote control of the bed.,Hospital room
553、INT. U.S. NAVAL HOSPITAL - HAWAII,doc_552_chunk_1,"He raises the head, then the foot.",Hospital room
553、INT. U.S. NAVAL HOSPITAL - HAWAII,doc_552_chunk_1,He pushes another button and the knee rest bends the bed again.,Hospital room
553、INT. U.S. NAVAL HOSPITAL - HAWAII,doc_552_chunk_1,Chuck gives him a big manic grin.,"Hospital room, doctor enters"
56、EXT. KELLY'S HOUSE - BACK YARD - NIGHT - MINUTES LATER,doc_55_chunk_0,"Holding Jango, Chuck walks out into the back yard.","Back yard, walking out with Jango"
56、EXT. KELLY'S HOUSE - BACK YARD - NIGHT - MINUTES LATER,doc_55_chunk_0,Chuck stares at it.,"Back yard, staring at the blackened tree"
561、INT. DENTIST - NEXT DAY,doc_560_chunk_0,Chuck looks up at her.,"Dental office, teeth cleaning appointment"
561、INT. DENTIST - NEXT DAY,doc_560_chunk_0,Chuck shakes his head: no.,"Dental office, teeth cleaning appointment"
553、INT. U.S. NAVAL HOSPITAL - HAWAII,doc_552_chunk_5,He starts to laugh again.,
553、INT. U.S. NAVAL HOSPITAL - HAWAII,doc_552_chunk_5,Chuck stifles his laughter.,
553、INT. U.S. NAVAL HOSPITAL - HAWAII,doc_552_chunk_6,Chuck gives his biggest smile.,Medical consultation with Doctor
550、EXT. OCEAN - DAY - LATER,doc_549_chunk_0,A different sort of shadow crosses Chuck's face.,"On a raft, upon seeing a huge rusty tanker."
550、EXT. OCEAN - DAY - LATER,doc_549_chunk_0,He opens his eyes.,"On a raft, upon seeing a huge rusty tanker."
550、EXT. OCEAN - DAY - LATER,doc_549_chunk_0,"Chuck sits up, can't believe it.","On a raft, upon seeing a huge rusty tanker."
550、EXT. OCEAN - DAY - LATER,doc_549_chunk_0,Struggles to cover himself.,"On a raft, upon seeing a huge rusty tanker."
561、INT. DENTIST - NEXT DAY,doc_560_chunk_1,Chuck opens his mouth even further.,"Dental office, technician examining teeth"
556、EXT. PHONE CUBICLE - MINUTES LATER,doc_555_chunk_0,staring at the phone,inside
548、EXT. OCEAN - DAY - LATER,doc_547_chunk_2,"He swims toward the raft, barely moving.",on the ocean
548、EXT. OCEAN - DAY - LATER,doc_547_chunk_2,"Finally he reaches it, hangs on the side, breathing hard, choking, crying.",on the ocean
548、EXT. OCEAN - DAY - LATER,doc_547_chunk_2,He struggles to pull himself on board.,on the ocean
548、EXT. OCEAN - DAY - LATER,doc_547_chunk_2,He can't do it.,on the ocean
548、EXT. OCEAN - DAY - LATER,doc_547_chunk_2,"Summoning some primitive reserve of strength, he tries again.",on the ocean
548、EXT. OCEAN - DAY - LATER,doc_547_chunk_2,This time he slides on.,on the ocean
548、EXT. OCEAN - DAY - LATER,doc_547_chunk_2,"He lies on the raft, panting.",on the ocean
548、EXT. OCEAN - DAY - LATER,doc_547_chunk_2,"Then with all his strength he pulls himself to his feet, holds on to the mast, scans the ocean for Wilson.",on the ocean
548、EXT. OCEAN - DAY - LATER,doc_547_chunk_2,Chuck starts to cry.,on the ocean
552、EXT. SHIP - DAY - LATER,doc_551_chunk_0,"Chuck steps on board, can't support himself.","On board, crew helps Chuck"
552、EXT. SHIP - DAY - LATER,doc_551_chunk_0,"Chuck sits there, shivering now.","On board, crew helps Chuck"
552、EXT. SHIP - DAY - LATER,doc_551_chunk_0,Deliriously happy. Delirious.,"On board, crew helps Chuck"
533、EXT. OCEAN - DAY,doc_532_chunk_1,"Startled, Chuck jumps back, rocking the raft.","On a raft, the whale blows spray."
533、EXT. OCEAN - DAY,doc_532_chunk_1,"He catches himself, slowly reaches out and touches the whale.","On a raft, the whale blows spray."
533、EXT. OCEAN - DAY,doc_532_chunk_1,Chuck touches the whale again.,"On a raft, the whale blows spray."
554、INT. HOSPITAL - NIGHT - LATER,doc_553_chunk_0,"Rolling his IV, Chuck walks very slowly out of the ward.","the ward, Chuck walking out"
554、INT. HOSPITAL - NIGHT - LATER,doc_553_chunk_0,Every step is an effort.,"the ward, Chuck walking out"
561、INT. DENTIST - NEXT DAY,doc_560_chunk_5,But Chuck is limping out the door.,
559、INT. PHONE CUBICLE - MOMENTS LATER,doc_558_chunk_0,Chuck's on the phone again.,Phone call
559、INT. PHONE CUBICLE - MOMENTS LATER,doc_558_chunk_0,"Chuck begins to laugh, a little too loud, a little too shrill. He's on a high.",Phone call
563、EXT. HAWAII - DAY,doc_562_chunk_4,This interests Chuck to no end.,
555、INT. PHONE CUBICLE - NIGHT - MINUTES LATER,doc_554_chunk_0,Chuck is listening to the phone ring.,Small windowless room with desk and phone
555、INT. PHONE CUBICLE - NIGHT - MINUTES LATER,doc_554_chunk_0,"Chuck is overcome for a moment, can't say a word.",Small windowless room with desk and phone
555、INT. PHONE CUBICLE - NIGHT - MINUTES LATER,doc_554_chunk_0,For some reason he can't keep himself from laughing.,Small windowless room with desk and phone
555、INT. PHONE CUBICLE - NIGHT - MINUTES LATER,doc_554_chunk_0,He covers the mouthpiece and laughs.,Small windowless room with desk and phone
562、INT. DENTIST - WAITING ROOM,doc_561_chunk_3,His responses come so quick. Chuck seems blissfully sure of himself.,
562、INT. DENTIST - WAITING ROOM,doc_561_chunk_4,"Chuck laughs. It is funny, sort of.","Waiting room, Stan appears"
557、INT. PHONE CUBICLE - MINUTES LATER,doc_556_chunk_0,"Chuck looks around, trying to locate the sound.",Indoor setting with fluorescent light
557、INT. PHONE CUBICLE - MINUTES LATER,doc_556_chunk_0,"He looks up, focuses on the fluorescent light, then picks up the phone again.",Indoor setting with fluorescent light
564、INT. FEDEX PLANE - NIGHT,doc_563_chunk_3,He thinks some more.,
564、INT. FEDEX PLANE - NIGHT,doc_563_chunk_3,He looks out the window.,
562、INT. DENTIST - WAITING ROOM,doc_561_chunk_0,Slowly and painfully Chuck enters.,Dentist waiting room
563、EXT. HAWAII - DAY,doc_562_chunk_7,He has something more to say. She waits.,
541、EXT. RAFT - NEXT MORNING,doc_540_chunk_0,Chuck splashes sea water on his face.,
541、EXT. RAFT - NEXT MORNING,doc_540_chunk_0,Chuck picks up the smallest fish.,
541、EXT. RAFT - NEXT MORNING,doc_540_chunk_0,"He washes it in the ocean,",
541、EXT. RAFT - NEXT MORNING,doc_540_chunk_0,He cuts the small fish and hangs it on the stays.,
546、EXT. RAFT - NIGHT,doc_545_chunk_0,Chuck holding desperately to it,On a raft with huge waves and lightning flashes
546、EXT. RAFT - NIGHT,doc_545_chunk_0,his eyes wild with fear,On a raft with huge waves and lightning flashes
563、EXT. HAWAII - DAY,doc_562_chunk_6,"He tries to put it into words, isn't quite sure how.",
563、EXT. HAWAII - DAY,doc_562_chunk_10,Chuck grins.,After Kelly says she's glad Chuck is alive.
563、EXT. HAWAII - DAY,doc_562_chunk_10,"Chuck stands by his raft, watching her go.",After Kelly heads for the waiting car.
532、EXT. RAFT - DAY,doc_531_chunk_1,"Chuck works frantically in the rain, trying to tie the rope.",On a raft in a storm.
532、EXT. RAFT - DAY,doc_531_chunk_1,Finally he does.,On a raft in a storm.
532、EXT. RAFT - DAY,doc_531_chunk_1,"Then he scrambles for his water collecting funnel, struggles to pull it up.",On a raft in a storm.
532、EXT. RAFT - DAY,doc_531_chunk_1,"Desperately he rights it, pulls the funnel up.",On a raft in a storm.
532、EXT. RAFT - DAY,doc_531_chunk_1,"Soaked, Chuck stares at the water as it rises.",On a raft in a storm.
563、EXT. HAWAII - DAY,doc_562_chunk_9,"He nods, her touch feels so good.",
566、EXT. MEMPHIS SUPERHUB - MOMENTS LATER,doc_565_chunk_4,"smiles, then laughs, getting into the emotion.",
566、EXT. MEMPHIS SUPERHUB - MOMENTS LATER,doc_565_chunk_4,He keeps up an almost indecipherable babble underneath the cheering.,
566、EXT. MEMPHIS SUPERHUB - MOMENTS LATER,doc_565_chunk_4,Occasionally he sees someone he knows.,
566、EXT. MEMPHIS SUPERHUB - MOMENTS LATER,doc_565_chunk_3,Stan and Chuck head for the podium.,Workplace event
563、EXT. HAWAII - DAY,doc_562_chunk_1,picks up his still,"On the raft, during Chuck's explanation of his survival items."
563、EXT. HAWAII - DAY,doc_562_chunk_1,He's not feeling sorry for himself,"On the raft, during Chuck's explanation of his survival items."
566、EXT. MEMPHIS SUPERHUB - MOMENTS LATER,doc_565_chunk_1,Chuck appears in the door.,"Plane cargo door, after landing"
566、EXT. MEMPHIS SUPERHUB - MOMENTS LATER,doc_565_chunk_1,He holds the FedEx Package and a small travel bag.,"Plane cargo door, after landing"
566、EXT. MEMPHIS SUPERHUB - MOMENTS LATER,doc_565_chunk_1,Chuck blinks against the lights and the glare.,"Plane cargo door, after landing"
548、EXT. OCEAN - DAY - LATER,doc_547_chunk_1,Then he dives in to the water!,
548、EXT. OCEAN - DAY - LATER,doc_547_chunk_1,Swims frantically after Wilson.,
548、EXT. OCEAN - DAY - LATER,doc_547_chunk_1,"He swims, but he's so weak.",
548、EXT. OCEAN - DAY - LATER,doc_547_chunk_1,Finally he gets to Wilson.,
548、EXT. OCEAN - DAY - LATER,doc_547_chunk_1,"He reaches out, but only pushes the ball farther away.",
548、EXT. OCEAN - DAY - LATER,doc_547_chunk_1,"Chuck treads water, exhausted.",
548、EXT. OCEAN - DAY - LATER,doc_547_chunk_1,Then he turns back the other way.,
571、INT. CAR - MEMPHIS FREEWAY,doc_570_chunk_0,"Chuck looks out at the traffic, at all the activity, at the vast intricate anthill of humanity going everywhere and nowhere.","Inside a car, driving through city traffic."
567、EXT. SUPERHUB - WIDE,doc_566_chunk_0,makes his triumphant way through this amazing collection of cheering people like Moses parting the Red Sea,Crowd of cheering people
564、INT. FEDEX PLANE - NIGHT,doc_563_chunk_1,Chuck stares at him.,Stan asking a question that has been on everyone's mind
570、EXT. SUPERHUB - PLATFORM,doc_569_chunk_1,Chuck acknowledges the cheers of the crowd.,Reunion ceremony
580、INT. CAFE - NIGHT,doc_579_chunk_0,Chuck draws on a paper place mat as he waits for his meal at a counter.,"At a counter, waiting for meal"
577、EXT. FREEWAY - DAY,doc_576_chunk_0,Chuck negotiates an overpass crossing an Interstate Highway.,Overpass crossing an Interstate Highway
571、INT. CAR - MEMPHIS FREEWAY,doc_570_chunk_1,Chuck stares at him.,
588、EXT. GAS STATION - MOMENTS LATER,doc_587_chunk_0,Chuck pulls some clothes out of his saddle bags.,
587、EXT. GAS STATION - DAY,doc_586_chunk_0,Chuck asks for directions.,
570、EXT. SUPERHUB - PLATFORM,doc_569_chunk_0,"taking in this amazing scene, not really listening",Ceremony honoring Charles Noland
576、EXT. HIGHWAY - DAY,doc_575_chunk_0,Chuck rides his bicycle down a road leading into the South.,a road leading into the South
580、INT. CAFE - NIGHT,doc_579_chunk_4,Chuck looks down at his doodling.,"Restaurant, waitress asks to sign place mat."
580、INT. CAFE - NIGHT,doc_579_chunk_4,Hesitates.,"Restaurant, waitress asks to sign place mat."
580、INT. CAFE - NIGHT,doc_579_chunk_4,Then signs his name.,"Restaurant, waitress asks to sign place mat."
589、EXT. GAS STATION - MOMENTS LATER,doc_588_chunk_0,Chuck emerges from the restroom wearing a FedEx shirt and shorts.,Inside a restroom
570、EXT. SUPERHUB - PLATFORM,doc_569_chunk_2,He looks over at the hub.,Shed
570、EXT. SUPERHUB - PLATFORM,doc_569_chunk_2,He points at some high tech equipment on the edge of the shed.,Shed
570、EXT. SUPERHUB - PLATFORM,doc_569_chunk_2,"He looks around at everyone, doesn't know what else to say.",Shed
579、EXT. ARKANSAS - NIGHT,doc_578_chunk_0,Chuck gets off his bicycle in the rain and walks toward a roadside cafe,Roadside cafe in the rain
592、INT. KITCHEN - LATER,doc_591_chunk_2,Chuck thinks about that.,
592、INT. KITCHEN - LATER,doc_591_chunk_2,"After a moment, he grins.",
575、EXT. CEMETERY - NIGHT,doc_574_chunk_0,Chuck walks through the cemetery late at night.,Cemetery at night
575、EXT. CEMETERY - NIGHT,doc_574_chunk_0,"He comes to his gravestone, stares for a long moment at the inscription, then takes out a spray can of paint and puts a HANDPRINT on it.",At gravestone in cemetery
575、EXT. CEMETERY - NIGHT,doc_574_chunk_0,He gets back on his bicycle and rides away.,"Cemetery, riding away"
561、INT. DENTIST - NEXT DAY,doc_560_chunk_4,he and Chuck make eye contact,
561、INT. DENTIST - NEXT DAY,doc_560_chunk_4,Chuck stares sharply at him,
585、EXT. GULF COAST - DAY,doc_584_chunk_0,Chuck leaves a cheap motel as the sun comes up.,Dawn at a cheap motel
591、INT. HOUSE - DAY,doc_590_chunk_0,Chuck stares at them.,"Room with ladders, scaffolds, and paintings of wings and angels"
584、EXT. ARKANSAS - DAY,doc_583_chunk_0,"Chuck rides away from the small neat frame house, down a country lane with trailers up on blocks.",Leaving a small neat frame house on a country lane with trailers up on blocks.
544、EXT. OCEAN - NEXT MORNING,doc_543_chunk_1,Suddenly Chuck sees something on the horizon.,
544、EXT. OCEAN - NEXT MORNING,doc_543_chunk_1,"He squints, stares again.",
544、EXT. OCEAN - NEXT MORNING,doc_543_chunk_1,Chuck doesn't know whether to feel joy or despair.,
544、EXT. OCEAN - NEXT MORNING,doc_543_chunk_1,Chuck squints.,
544、EXT. OCEAN - NEXT MORNING,doc_543_chunk_1,"Chuck picks up the soccer ball, holds it up, and stares out at...ocean.",
583、INT. FRAME HOUSE - ARKANSAS - DAY,doc_582_chunk_1,"He does, but that's not it entirely.",At home
580、INT. CAFE - NIGHT,doc_579_chunk_2,painting on the walls,Chuck's cave
580、INT. CAFE - NIGHT,doc_579_chunk_2,he's not talking,Chuck's cave
578、EXT. HIGHWAY - DUSK - LATER,doc_577_chunk_0,"Chuck rides down a narrow road, shrouded in mist.",Narrow road shrouded in mist
59、EXT. FARM HOUSE - DAY,doc_58_chunk_0,Chuck gets out of the car.,"Arkansas farm house, Chuck arrives home"
59、EXT. FARM HOUSE - DAY,doc_58_chunk_0,Chuck displays the puppy.,"Arkansas farm house, Chuck arrives home"
562、INT. DENTIST - WAITING ROOM,doc_561_chunk_1,"Chuck is happy, he's still riding the high.",During a hug after Kelly's apology
562、INT. DENTIST - WAITING ROOM,doc_561_chunk_1,"He meets her gaze, looks her over with a smile.",After Chuck's response about things coming up
562、INT. DENTIST - WAITING ROOM,doc_561_chunk_1,He notices the ring on her hand.,After complimenting Kelly's hair
599、INT. FEDEX TRUCK - MOMENTS LATER,doc_598_chunk_1,"And that makes Chuck laugh, really laugh, for the first time.",
590、EXT. BEACH HOUSE - HOUR LATER,doc_589_chunk_1,Chuck displays a FedEx badge.,"Bettina's door, package delivery"
595、EXT. BEACH - MINUTES LATER,doc_594_chunk_0,Chuck rides along the beach.,beach
564、INT. FEDEX PLANE - NIGHT,doc_563_chunk_0,Chuck is coming down off his survival high.,On a plane
63、INT. FARM HOUSE - DAY,doc_62_chunk_2,Chuck can't believe this.,
61、INT. FARM HOUSE - KITCHEN - DAY,doc_60_chunk_0,Chuck hesitates just a moment.,"Family dinner table, grace before meal"
594、EXT. BEACH HOUSE - MOMENTS LATER,doc_593_chunk_0,"Chuck rides his bicycle away, along the shore.",Along the shore
593、EXT. BEACH HOUSE - HOUR LATER,doc_592_chunk_0,"He takes it, not exactly sure he wants it.","Front yard, goodbye scene with Bettina handing Chuck a list of paints and brushes."
596、EXT. BEACH - MOMENTS LATER,doc_595_chunk_0,Chuck gets off his bike,"Beach road, bike wheels stuck in sand, high tide approaching"
66、EXT. FARM HOUSE - DAY,doc_65_chunk_0,Chuck drives away,
592、INT. KITCHEN - LATER,doc_591_chunk_3,"Chuck sits back on the couch, taking in the sight of the ocean in the light rain.","House with ocean view, light rain"
592、INT. KITCHEN - LATER,doc_591_chunk_3,"He looks over at all the canvases, the easel, the palettes.","House with ocean view, light rain"
592、INT. KITCHEN - LATER,doc_591_chunk_3,He relaxes a little.,"House with ocean view, light rain"
586、EXT. MISSISSIPPI GULF COAST - DAY - LATER,doc_585_chunk_0,Chuck rides on a ferry,"On a ferry, gray and drizzly weather"
586、EXT. MISSISSIPPI GULF COAST - DAY - LATER,doc_585_chunk_0,He smells the salt water,"On a ferry, gray and drizzly weather"
592、INT. KITCHEN - LATER,doc_591_chunk_0,(takes a sip),Counter with coffee and People Magazine featuring Chuck
68、INT. OPERATIONS ROOM - MINUTES LATER,doc_67_chunk_1,Chuck turns to the Technician.,
68、INT. OPERATIONS ROOM - MINUTES LATER,doc_67_chunk_1,Chuck turns to Leslie.,
63、INT. FARM HOUSE - DAY,doc_62_chunk_5,"Chuck takes a bite, winces a little as the cold strawberries hit his teeth.","Family dinner, dessert"
60、EXT. FARM HOUSE - SHED - DAY,doc_59_chunk_0,Chuck works on an old tractor in the shed.,"Shed, Chuck working on tractor"
590、EXT. BEACH HOUSE - HOUR LATER,doc_589_chunk_0,"Carrying the Angel Wing Box under his arm, Chuck checks the address in his hand.","Beach house, Chuck arriving"
590、EXT. BEACH HOUSE - HOUR LATER,doc_589_chunk_0,Mounts the steps.,"Beach house, Chuck arriving"
69、EXT. CHUCK'S HOUSE - DAY,doc_68_chunk_0,Chuck leaves with his bag over his shoulder and the puppy under his arm,
566、EXT. MEMPHIS SUPERHUB - MOMENTS LATER,doc_565_chunk_2,Chuck smiles.,"Top of steps, crowd cheers"
566、EXT. MEMPHIS SUPERHUB - MOMENTS LATER,doc_565_chunk_2,And Chuck waves.,"Top of steps, crowd cheers"
566、EXT. MEMPHIS SUPERHUB - MOMENTS LATER,doc_565_chunk_2,He's overwhelmed by all the input.,"Top of steps, crowd cheers"
566、EXT. MEMPHIS SUPERHUB - MOMENTS LATER,doc_565_chunk_2,He looks around at the crowds.,"Bottom of steps, after hug"
598、EXT. BEACH - MOMENTS LATER,doc_597_chunk_0,He picks up his bike.,After Driver offers a lift
68、INT. OPERATIONS ROOM - MINUTES LATER,doc_67_chunk_2,Chuck looks over at Stan.,After Stan's comment about getting ducks lined up
70、EXT. KELLY'S HOUSE - DAY - MINUTES LATER,doc_69_chunk_0,Chuck is there with the puppy.,"At Kelly's door, Chuck arrives with a puppy"
573、EXT. CHUCK'S MOTEL - THAT NIGHT,doc_572_chunk_0,"Chuck leaves the motel, the Angel Box under his arm.","Motel, preparing to leave"
573、EXT. CHUCK'S MOTEL - THAT NIGHT,doc_572_chunk_0,He ties it into a pannier on the side of a bicycle.,"Motel, preparing to leave"
88、EXT. BEACH - SUNSET,doc_87_chunk_0,Chuck is still waiting.,
70、EXT. KELLY'S HOUSE - DAY - MINUTES LATER,doc_69_chunk_2,He hands her the dog.,
65、INT. FARM HOUSE - BEDROOM - NIGHT,doc_64_chunk_0,"Chuck is beside it, slumped down on the desk. Asleep.","Boyhood room, asleep at desk"
71、INT. FEDEX PLANE - NIGHT,doc_70_chunk_0,"Chuck enters the cockpit, where two different pilots are going through their checklists.",Cockpit
71、INT. FEDEX PLANE - NIGHT,doc_70_chunk_0,Chuck repeats his familiar patter.,Cockpit
71、INT. FEDEX PLANE - NIGHT,doc_70_chunk_0,Chuck settles into his seat.,Cockpit
57、EXT. CHUCK'S HOUSE - NEXT MORNING,doc_56_chunk_0,"Chuck gets into his car, puts Jango on the front seat next to him.",driveway
574、EXT. MEMPHIS - CHICKASAW GARDENS - NIGHT,doc_573_chunk_0,Chuck sneaks up to a craftsman cottage and stands by a tree with a swing on it.,Craftsman cottage exterior
574、EXT. MEMPHIS - CHICKASAW GARDENS - NIGHT,doc_573_chunk_0,For a moment Chuck watches through the window,Craftsman cottage window
74、INT. FEDEX PLANE - CHUCK'S POV,doc_73_chunk_0,Chuck tries to steady himself against the wall.,"Inside a cabin, the cabin is twisting and tilting."
73、INT. FEDEX PLANE - NIGHT,doc_72_chunk_0,"Chuck stirs, struggles to his feet, drowsy and drugged.",Inside a shaking plane
98、EXT. BEACH - DAY - MOMENTS LATER,doc_97_chunk_0,Chuck climbs over the rocks and disappears out of sight.,
98、EXT. BEACH - DAY - MOMENTS LATER,doc_97_chunk_0,He's still half-singing to himself.,
87、EXT. BEACH - LATER THAT MORNING,doc_86_chunk_0,Chuck has made a neat stack of FedEx boxes under some palm trees at the rim of the beach.,rim of the beach under palm trees
87、EXT. BEACH - LATER THAT MORNING,doc_86_chunk_0,"He examines the Angel Wing drawing with passing curiosity, then puts it on the stack.",rim of the beach under palm trees
87、EXT. BEACH - LATER THAT MORNING,doc_86_chunk_0,"Chuck takes off his life jacket, sits down in the shade, makes himself comfortable, and waits.",rim of the beach under palm trees
85、EXT. BEACH - EARLY MORNING,doc_84_chunk_0,He chokes.,"Beach after storm, Chuck half-buried in sand"
85、EXT. BEACH - EARLY MORNING,doc_84_chunk_0,Slowly he gets to his knees.,"Beach after storm, Chuck half-buried in sand"
85、EXT. BEACH - EARLY MORNING,doc_84_chunk_0,"Vomits seawater, big heaves.","Beach after storm, Chuck half-buried in sand"
85、EXT. BEACH - EARLY MORNING,doc_84_chunk_0,"He rolls over, sits down.","Beach after storm, Chuck half-buried in sand"
85、EXT. BEACH - EARLY MORNING,doc_84_chunk_0,Dazed. Still confused.,"Beach after storm, Chuck half-buried in sand"
89、EXT. BEACH - NIGHT,doc_88_chunk_0,A jolt of adrenaline courses through Chuck's body.,"Beach at night, hearing strange noise from thickets"
89、EXT. BEACH - NIGHT,doc_88_chunk_0,He lurches to his feet.,"Beach at night, hearing strange noise from thickets"
67、INT. FEDEX OFFICE - LATER THAT DAY,doc_66_chunk_0,"Chuck enters his office, on the go.","Inside Chuck's office, assistant Leslie waiting."
58、EXT. ARKANSAS HIGHWAY - DAY,doc_57_chunk_0,"Chuck is in his car, with the dog on his lap",in his car
91、EXT. BEACH - SUNRISE,doc_90_chunk_0,Chuck squints at the ocean.,"Beach, Chuck alone, sunburned, observing ocean"
76、INT. FEDEX PLANE - MOMENTS LATER,doc_75_chunk_0,Chuck struggles to put on his life jacket.,Plane during violent turbulence
76、INT. FEDEX PLANE - MOMENTS LATER,doc_75_chunk_0,He can't get the straps straight.,Plane during violent turbulence
76、INT. FEDEX PLANE - MOMENTS LATER,doc_75_chunk_0,"He is KNOCKED against one wall, then another, then to the floor.",Plane during violent turbulence
76、INT. FEDEX PLANE - MOMENTS LATER,doc_75_chunk_0,Chuck tries to blow on the mouth tubes for his life jacket.,Plane during violent turbulence
76、INT. FEDEX PLANE - MOMENTS LATER,doc_75_chunk_0,Can't do it! Puff. Puff. Shit!,Plane during violent turbulence
76、INT. FEDEX PLANE - MOMENTS LATER,doc_75_chunk_0,Chuck fumbles for them.,Plane during violent turbulence
76、INT. FEDEX PLANE - MOMENTS LATER,doc_75_chunk_0,Then it swings and KNOCKS Chuck on the head! He goes down!,Plane during violent turbulence and cargo shifting
83、EXT. PACIFIC - DAY,doc_82_chunk_0,"semi-conscious, Chuck hangs on","Life raft on dark, storm-driven seas"
93、EXT. BEACH - MOMENTS LATER,doc_92_chunk_0,"Chuck splashes into the gentle surf, reaches the dark object.",Beach
93、EXT. BEACH - MOMENTS LATER,doc_92_chunk_0,Chuck turns it over.,Beach
86、EXT. BEACH - WIDE,doc_85_chunk_0,"Chuck walks down the beach, picking up FedEx packages, leaving a trail of footprints in the sand.","Beach, Chuck walking and picking up packages"
94、EXT. BEACH - MOMENTS LATER,doc_93_chunk_0,"Chuck drags the body up on the beach and then collapses, exhausted.",On the beach
94、EXT. BEACH - MOMENTS LATER,doc_93_chunk_0,"He sits by it, staring at it.",On the beach
99、EXT. ISLAND - DAY - MOMENTS LATER,doc_98_chunk_0,He hesitates.,Jungle path blocked by rocks
99、EXT. ISLAND - DAY - MOMENTS LATER,doc_98_chunk_0,He picks up a rock and THROWS IT to scare away all those bad things.,Jungle path blocked by rocks
99、EXT. ISLAND - DAY - MOMENTS LATER,doc_98_chunk_0,He takes a step into the jungle.,Jungle path blocked by rocks
92、EXT. BEACH - NIGHT,doc_91_chunk_0,Chuck sleeps by the coconuts.,"Beach, Chuck sleeping by coconuts"
92、EXT. BEACH - NIGHT,doc_91_chunk_0,"Chuck stirs, gets up, staggers over to a palm tree to relieve himself.","Beach, Chuck waking up and going to a palm tree to relieve himself"
92、EXT. BEACH - NIGHT,doc_91_chunk_0,He stares idly out at the moonlight on the waves.,"Beach, Chuck staring idly at the moonlit waves"
92、EXT. BEACH - NIGHT,doc_91_chunk_0,Then not so idly.,"Beach, Chuck's stare becoming less idle"
96、EXT. BEACH - LATER,doc_95_chunk_0,With a rock Chuck hammers a crude driftwood marker into the sand.,
100、EXT. JUNGLE - MINUTES LATER,doc_99_chunk_0,Chuck struggles through a dense thicket beneath a jungle canopy.,"Dense jungle thicket, no path available."
597、EXT. BEACH - MOMENTS LATER,doc_596_chunk_0,Chuck pushes on the truck,"On a road, Chuck pushes the truck as the driver gives it gas"
64、EXT. MOM'S HOUSE - LATER THAT DAY,doc_63_chunk_0,Chuck fixes the drain pipe while Mom prunes the rose bushes around the porch.,"Porch, Mom pruning rose bushes"
64、EXT. MOM'S HOUSE - LATER THAT DAY,doc_63_chunk_0,Chuck finishes the drain pipe.,"Porch, finishing drain pipe"
64、EXT. MOM'S HOUSE - LATER THAT DAY,doc_63_chunk_0,Gives it a thunk with his finger.,"Porch, finishing drain pipe"
583、INT. FRAME HOUSE - ARKANSAS - DAY,doc_582_chunk_0,Chuck eats a Southern fried drumstick.,Home meal scene
583、INT. FRAME HOUSE - ARKANSAS - DAY,doc_582_chunk_0,Chuck gestures,Home meal scene
583、INT. FRAME HOUSE - ARKANSAS - DAY,doc_582_chunk_0,He looks around the house,Home meal scene
72、INT. FEDEX PLANE - NIGHT - HOURS LATER,doc_71_chunk_0,"Settled into the jump seat, Chuck finishes up his notes on his PowerBook and begins his flight ritual.",In the cockpit
72、INT. FEDEX PLANE - NIGHT - HOURS LATER,doc_71_chunk_0,"He puts in his ear plugs and takes out his Valium. He swallows one, then thinks, and swallows two more. Then he turns on his Walkman to the Rolling Stones, puts the mask over his eyes, and, as usual, goes to sleep.",In the cockpit
85、EXT. BEACH - EARLY MORNING,doc_84_chunk_1,"He looks at his watch, taps it in frustration.",Beach
85、EXT. BEACH - EARLY MORNING,doc_84_chunk_1,he looks around,Beach
85、EXT. BEACH - EARLY MORNING,doc_84_chunk_1,he takes in his surroundings,Beach
85、EXT. BEACH - EARLY MORNING,doc_84_chunk_1,He licks his lips.,Beach
85、EXT. BEACH - EARLY MORNING,doc_84_chunk_1,he WALKS,Beach
95、EXT. BEACH - MORNING,doc_94_chunk_0,He's been digging with a piece of driftwood sharpened with his stone knife.,"back of palm trees, burying Al's body"
95、EXT. BEACH - MORNING,doc_94_chunk_0,He drags the body into the pit.,"back of palm trees, burying Al's body"
95、EXT. BEACH - MORNING,doc_94_chunk_0,Stares down at it.,"back of palm trees, burying Al's body"
95、EXT. BEACH - MORNING,doc_94_chunk_0,"He wants to say more, can't.","back of palm trees, burying Al's body"
95、EXT. BEACH - MORNING,doc_94_chunk_0,He scoops some sand over the body.,"back of palm trees, burying Al's body"
95、EXT. BEACH - MORNING,doc_94_chunk_0,He scoops in some more sand.,"back of palm trees, burying Al's body"
