doc_title,chunk_id,description,scene_context
119、INT. ALL NIGHT MOVIE RESTROOM - NIGHT,doc_118_chunk_1,But Joe has already kicked open the door.,
125、INT. NEDICK'S - DAY,doc_124_chunk_0,Joe's hand falls on Ratso's shoulder.,
125、INT. NEDICK'S - DAY,doc_124_chunk_1,Joe kicks the toe of Ratso's loafer.,
127、INT. NEDICK'S - DAY,doc_126_chunk_0,Joe turns abruptly and walks away.,
104、EXT. SIDEWALK CAFE - COCKTAIL HOUR,doc_103_chunk_2,Joe arrives confident,"Scene: E-Z reception area, with lines of uneasy customers and desperate, angry faces."
121、EXT. SIXTH AVENUE - DAY,doc_120_chunk_0,Joe appears in full figure as the bus passes. He stands looking at the suitcases in a luggage shop window.,
102、EXT. SIXTH AVENUE - NIGHT,doc_101_chunk_0,Joe flexing his muscles in his jockey shorts,STILL PHOTOGRAPH: Joe is watching a TV screen showing a physical culture personality.
104、EXT. SIDEWALK CAFE - COCKTAIL HOUR,doc_103_chunk_0,"Joe watches a young man hold a taxi door for an older lady, at the same corner where Ratso waved to another young man.",
123、EXT. SIXTH AVENUE - DAY,doc_122_chunk_0,"Joe's fist slams a fender violently, using Ratso's fake injury trick to stop traffic, running across the street toward...",
111、INT. PUBLIC MEN'S ROOM - DAY,doc_110_chunk_0,Joe washing his feet in the basin.,
111、INT. PUBLIC MEN'S ROOM - DAY,doc_110_chunk_0,Joe stares back with a belligerent grin.,
106、EXT. TIMES SQUARE - NIGHT,doc_105_chunk_0,"Joe stands outside the hotel, stunned, seeing the bright colored lights turn suddenly grey.",
106、EXT. TIMES SQUARE - NIGHT,doc_105_chunk_0,Joe walks into the crowd.,
108、INT. BAR - DAY,doc_107_chunk_0,"Joe nurses a short beer, like the regulars.",
108、INT. BAR - DAY,doc_107_chunk_0,"He looks up as a crippled panhandler approaches, vaguely reminiscent of Ratso.",
105、INT. TIMES SQUARE PALACE LOBBY - NIGHT,doc_104_chunk_0,"Joe's image frozen -- as if another still photograph - standing at the desk, waiting for his key.",
105、INT. TIMES SQUARE PALACE LOBBY - NIGHT,doc_104_chunk_0,"Joe opens it, deeply perplexed.",
114、EXT. FORTY-SECOND STREET - NIGHT,doc_113_chunk_0,"Joe hurls the crumpled package into a DON'T BE A LITTERBUG basket as he emerges from the subway, his radio at his ear.","Joe emerges from the subway, surrounded by urban street noises and flashing lights."
128、EXT. SIXTH AVENUE - DAY,doc_127_chunk_0,"Joe strides north, pretending he doesn't hear...",
128、EXT. SIXTH AVENUE - DAY,doc_127_chunk_0,Joe turns away without responding to the accusation.,
11、INT. HOTEL ROOM - DAY,doc_10_chunk_0,Joe interrupts himself to answer Ralph,
11、INT. HOTEL ROOM - DAY,doc_10_chunk_0,"continuing his song as he pulls up and zips his tight thighed black slacks, freezing song and image for CREDITS",
13、INT. HOTEL ROOM - DAY,doc_12_chunk_0,"Joe sings as he pulls on his new cowboy boots, arranging his cuffs to show off the yellow sunburst at the ankle, freezing song and image for CREDITS.",
113、INT. SUBWAY ARCADE - NIGHT,doc_112_chunk_1,"staring at him tired and hopeless. His hand reaches unconsciously for a cigarette, The package is empty. He crumples it in his fist but holds it.",
113、INT. SUBWAY ARCADE - NIGHT,doc_112_chunk_1,nods,
101、EXT. TIMES SQUARE DANCE HALL - DAY,doc_100_chunk_0,Joe stands with a crowd staring up at a girl go-go dancing in the window of SERGEANT PEPPER'S LONELY HEART CLUB.,
101、EXT. TIMES SQUARE DANCE HALL - DAY,doc_100_chunk_0,Joe staring in the mirror.,STILL PHOTOGRAPH
125、INT. NEDICK'S - DAY,doc_124_chunk_2,"Disgusted, Joe shoves Ratso's small pile back at him.",
125、INT. NEDICK'S - DAY,doc_124_chunk_2,"Joe hesitates, lighting a cigarette as Ratso pulls on his loafers.",
119、INT. ALL NIGHT MOVIE RESTROOM - NIGHT,doc_118_chunk_0,"Joe watches the Fat Boy doubled over, retching.",
119、INT. ALL NIGHT MOVIE RESTROOM - NIGHT,doc_118_chunk_0,Joe controls fury,
119、INT. ALL NIGHT MOVIE RESTROOM - NIGHT,doc_118_chunk_0,"Joe grabs his wrist, revealing a watch.",
112、INT. ALL NIGHT CAFETERIA - NIGHT,doc_111_chunk_2,"Joe keeps his back to the customers as he moves to the water dispenser, wets a paper napkin and tries to wipe away the stain.",
112、INT. ALL NIGHT CAFETERIA - NIGHT,doc_111_chunk_2,He blushes as a blonde young streetwalker giggles.,
135、INT. REMEMBERED CAR - NIGHT,doc_134_chunk_6,"Joe running into Times Square, suddenly naked",
137、EXT. TIMES SQUARE - DAY,doc_136_chunk_0,"Joe facing the crowd, naked except for his boots.",
104、EXT. SIDEWALK CAFE - COCKTAIL HOUR,doc_103_chunk_1,"Joe straddles a chair, staring at a blank TV screen.",Scene begins with a still photograph of Joe in a room with a blank TV screen.
104、EXT. SIDEWALK CAFE - COCKTAIL HOUR,doc_103_chunk_1,we follow Joe and his radio into the loan office,"Joe walks into the loan office carrying his radio, as the jingle continues."
105、INT. TIMES SQUARE PALACE LOBBY - NIGHT,doc_104_chunk_1,Joe's suitcase on the bed.,Room 1014 warm and inviting.
105、INT. TIMES SQUARE PALACE LOBBY - NIGHT,doc_104_chunk_1,"Listen, tell you what, you can keep all the rest of the goddam junk if you let me have just the suitcase. That suitcase means a lot to me.",Room 1014 warm and inviting.
112、INT. ALL NIGHT CAFETERIA - NIGHT,doc_111_chunk_1,"With a polite nod, Joe opens the crackers and squirts one with ketchup.",
112、INT. ALL NIGHT CAFETERIA - NIGHT,doc_111_chunk_1,Joe upsets his chair as a great gob of ketchup spills onto his pants.,
112、INT. ALL NIGHT CAFETERIA - NIGHT,doc_111_chunk_1,Joe glancing around with an embarrassed laugh,
135、INT. REMEMBERED CAR - NIGHT,doc_134_chunk_0,"Joe's thumbnail flares a match, exposing Anastasia on the car seat with Joe, both nearly naked.",
135、INT. REMEMBERED CAR - NIGHT,doc_134_chunk_0,Joe lights a cigarette.,
135、INT. REMEMBERED CAR - NIGHT,doc_134_chunk_4,Joe held naked by ratpack,
135、INT. REMEMBERED CAR - NIGHT,doc_134_chunk_4,Ratso aims broken bottle at Joe's crotch,
110、INT. BUS DEPOT - NIGHT,doc_109_chunk_0,"Joe is stretched on a bench, his Stetson over his eyes.",
110、INT. BUS DEPOT - NIGHT,doc_109_chunk_0,Joe does not move.,A loud speaker announces a bus 'departing for Texas'.
110、INT. BUS DEPOT - NIGHT,doc_109_chunk_0,Joe rises and starts away with mixed anger and apprehension.,A policeman taps Joe's boots with his night stick.
138、INT. X FLAT - NIGHT,doc_137_chunk_0,"Joe inspects the boots, seats himself on a battered Army cot - which has been added while he slept -- swinging a boot by its strap, considering whether to stay or go.",
103、EXT. TIMES SQUARE PANCAKE HOUSE - DAY,doc_102_chunk_0,Joe's eyes are on a sign DISHWASHER WANTED.,
103、EXT. TIMES SQUARE PANCAKE HOUSE - DAY,doc_102_chunk_0,Joe looks up and his eyes meet those of the young man scraping garbage behind the counter.,
103、EXT. TIMES SQUARE PANCAKE HOUSE - DAY,doc_102_chunk_0,"Joe sits in the hotel lobby, staring out at the street, unable to concentrate on his comic book.",Joe sits in the hotel lobby
138、INT. X FLAT - NIGHT,doc_137_chunk_3,"Joe yawns, picks up a few blankets and spreads them on the cot. He puzzles out the faded printing on one blanket.",
140、INT. X FLAT - DAY,doc_139_chunk_4,Joe swings violently.,"Inside a room, during an argument with Ratso."
140、INT. X FLAT - DAY,doc_139_chunk_5,"Joe holds the coconut like Yorick's skull, thinking hard.",
142、INT. X FLAT - DAY,doc_141_chunk_1,Joe slams the window down.,
140、INT. X FLAT - DAY,doc_139_chunk_6,"Joe sets the coconut on the floor, holding it with both hands",
116、INT. ALL NIGHT MOVIE - NIGHT,doc_115_chunk_1,"Joe leans back, turning his face away as the Fat Boy embraces him, kissing Joe's cheek and neck, his head moving down out of frame","At the top of the balcony, during a movie scene projection involving the spaceman and Martian maiden."
116、INT. ALL NIGHT MOVIE - NIGHT,doc_115_chunk_1,"Joe closes his eyes, forcing his memory back","At the top of the balcony, as the movie scene of the spaceman and Martian maiden continues on screen."
139、EXT. VEGETABLE MARKET - DAY,doc_138_chunk_2,"Joe intervenes just long enough for Ratso to escape, then ambles on, leaving the Greengrocer in frustrated fury.",
144、EXT. TIMES SQUARE - FANTASY,doc_143_chunk_0,Joe stands naked in the middle of traffic.,
139、EXT. VEGETABLE MARKET - DAY,doc_138_chunk_0,"Joe ambles into the scene, wearing his dangerous little smile.",Sidewalk vegetable stand where Ratso is being confronted by the Greengrocer.
138、INT. X FLAT - NIGHT,doc_137_chunk_1,"Joe strikes a match on his thumbnail and lights up, staring at Ratso.",
138、INT. X FLAT - NIGHT,doc_137_chunk_1,Joe makes a slow move to pull on one boot.,
140、INT. X FLAT - DAY,doc_139_chunk_1,Joe takes his time rising to hold the coconut while Ratso tries to poke a hole with a bent ice-pick.,
134、INT. X FLAT - DAY,doc_133_chunk_0,Joe forces his eyes half-open.,
134、INT. X FLAT - DAY,doc_133_chunk_0,"Joe shivers, pulls a blanket around him, resisting sleep",
134、INT. X FLAT - DAY,doc_133_chunk_0,"Joe's eyes close, his voice continuing out of half-sleep.",
147、INT. SUBWAY ARCADE - NIGHT,doc_146_chunk_1,Joe laughs.,
142、INT. X FLAT - DAY,doc_141_chunk_0,Joe slams his heel down. The coconut shoots out from under him and he lands on his ass.,
140、INT. X FLAT - DAY,doc_139_chunk_0,"Joe lies on his cot, watching Ratso struggle to penetrate the fibrous husk of a coconut, experimenting with a variety of rusty tools in an old cigar box.",
135、INT. REMEMBERED CAR - NIGHT,doc_134_chunk_7,Joe chasing naked after ambulance,"Outside a hospital or street scene, ambulance is racing away with Anastasia."
135、INT. REMEMBERED CAR - NIGHT,doc_134_chunk_7,running into the arms of the police,"Outside a hospital or street scene, immediately after chasing the ambulance."
147、INT. SUBWAY ARCADE - NIGHT,doc_146_chunk_0,"Joe kicks loose the padlock on the equipment drawer, mounts one of the chairs",
112、INT. ALL NIGHT CAFETERIA - NIGHT,doc_111_chunk_0,"Joe balances a cup of coffee, walking past the other solitary night people, avoiding each other's eyes.",
112、INT. ALL NIGHT CAFETERIA - NIGHT,doc_111_chunk_0,"Joe spots what he's looking for and seats himself next to a gaunt woman and her ten year old son, both freaked out, erratically touching things, themselves, each other in a futile effort to make contact with reality.",
112、INT. ALL NIGHT CAFETERIA - NIGHT,doc_111_chunk_0,But Joe is only concerned with the plastic-wrapped crackers left by their empty soup bowls.,
113、INT. SUBWAY ARCADE - NIGHT,doc_112_chunk_0,"Joe tries to hide the stain with his jacket as he checks the coin boxes of vending machines, wary as he passes a burly policeman, abstractedly snapping his handcuffs in front of a bakery window display of bride-and-groom wedding cakes.",
113、INT. SUBWAY ARCADE - NIGHT,doc_112_chunk_0,Joe barely glances at a confused MIDDLE-AGE LADY.,
113、INT. SUBWAY ARCADE - NIGHT,doc_112_chunk_0,"Automatically, checking the trough of a gum vending machine, Joe unexpectedly faces himself in the mirror, the eyes",
140、INT. X FLAT - DAY,doc_139_chunk_2,Joe jerks his hand away just in time to avoid the ice-pick.,
140、INT. X FLAT - DAY,doc_139_chunk_2,"Joe tries to crack it, swinging his boot like a hammer.",
145、INT. LAUNDROMAT - DAY,doc_144_chunk_0,"Wearing only his boots, Joe sits like an Indian chief, wrapped in a blanket","Scene: Inside a laundromat, Ratso is cleaning Joe's clothes."
148、INT. X FLAT - DAY,doc_147_chunk_2,"Joe performs his ritual as he speaks, but more relaxed, faintly laughing at himself with Ratso.",
153、INT. BARBIZON FOR WOMEN - NIGHT,doc_152_chunk_0,"Joe starts up the stairs, two at a time.",
156、EXT. BARBIZON FOR WOMEN - NIGHT,doc_155_chunk_0,Joe zip from room to room in wild animation.,
155、INT. BARBIZON FOR WOMEN - NIGHT,doc_154_chunk_0,"Joe picks up a house phone, watched by the Bellhop.",
157、INT. BARBIZON FOR WOMEN - NIGHT,doc_156_chunk_0,Joe blow a gum bubble at the elevator.,The lobby.
159、EXT. FLORIDA BEACH FRONT - FANTASY,doc_158_chunk_0,the same identical picture with Joe sitting beside Ratso.,
131、INT. X FLAT - DAY,doc_130_chunk_1,"Joe sits himself on the mattress-bed, pretending to test it, weeks of exhaustion and tension overwhelming him.",
131、INT. X FLAT - DAY,doc_130_chunk_1,"Suddenly, his only immediate problem being the effort to restrain a large, comfortable yawn.",
131、INT. X FLAT - DAY,doc_130_chunk_1,"Joe stretches himself, yawning, his eyelids drooping heavily.",
131、INT. X FLAT - DAY,doc_130_chunk_1,Joe's eyes close momentarily in spite of himself.,
170、INT. X FLAT - NIGHT,doc_169_chunk_0,"Joe and Ratso frozen, wrapped in blankets as...",
148、INT. X FLAT - DAY,doc_147_chunk_0,"Joe is seated in a straight-back chair near the X window, a towel tucked around his neck as Ratso trims his hair, almost as expert a barber as shoeshine boy.",
168、INT. X FLAT - NIGHT,doc_167_chunk_0,"Joe and Ratso frozen, staring significantly at Joe's radio.",
136、INT. X FLAT - NIGHT,doc_135_chunk_0,"Joe awakens in a cold sweat, fighting the blankets, wild-eyed as he sees Ratso at the table, examining Joe's radio by candle-light.",
136、INT. X FLAT - NIGHT,doc_135_chunk_0,Joe lunges across the room to snatch the radio from Ratso's hands.,
136、INT. X FLAT - NIGHT,doc_135_chunk_0,"Still wild-eyed, Joe suddenly points at his stocking feet.",
173、INT. X FLAT - NIGHT,doc_172_chunk_1,Joe slams ten dollars on the table.,
114、EXT. FORTY-SECOND STREET - NIGHT,doc_113_chunk_1,"Joe joins the other midnight cowboys, offering himself to all comers.","From a high angle, across the street, during a nighttime street scene."
114、EXT. FORTY-SECOND STREET - NIGHT,doc_113_chunk_1,"Joe self-consciously trying to hide the stain on his pants, embarrassed as a large sedan slows then moves on to stop in front of a motorcycle freak.","From a high angle, across the street, during a nighttime street scene."
114、EXT. FORTY-SECOND STREET - NIGHT,doc_113_chunk_1,"Joe in close conversation with a frightened young FAT BOY, whose eyes plead for reassurance as Joe scowls.","From a high angle, across the street, during a nighttime street scene."
15、INT. HOTEL ROOM - DAY,doc_14_chunk_0,"Joe hums as he piles a complete wardrobe of cowboy clothes, still in their wrappers, into a shiny new suitcase of black and white horsehide.",
173、INT. X FLAT - NIGHT,doc_172_chunk_0,"Joe, trying to light the empty Sterno can, deliberately ignoring Ratso.",
148、INT. X FLAT - DAY,doc_147_chunk_4,"Joe slaps his hat on Ratso's head, tilts it, hooks Ratso's thumbs in his jeans and shoves a cigarette into the corner of Ratso's mouth.",
160、INT. BARBIZON FOR WOMEN - NIGHT,doc_159_chunk_0,"Joe faces MISS BEECHAM, a reserved and rather plain young lady in evening dress, She tries to speak softly.",
167、EXT. CONDEMNED TENEMENTS - DAY,doc_166_chunk_0,"Joe and Ratso frozen in a narrow shaft of sunlight, watching the huge metal ball demolish the building next door.",
169、EXT. PAWN SHOP - DAY,doc_168_chunk_0,Joe and Ratso watch the pawnbroker examine Joe's radio,Through the window -- Scene involving Joe and Ratso observing the pawnbroker.
152、EXT. BARBIZON FOR WOMEN - NIGHT,doc_151_chunk_0,"Joe cracks his gum, tilts his hat, starts across the street.",Joe and Ratso watch from across the street as a doorman helps a young lady into a limousine.
173、INT. X FLAT - NIGHT,doc_172_chunk_2,Joe throws it back at Ratso.,
173、INT. X FLAT - NIGHT,doc_172_chunk_2,Joe shoves the ten at Ratso.,
18、EXT. TEXAS TOWN MAIN STREET - DAY,doc_17_chunk_0,"Joe leaves the hotel, carrying his suitcase.",
174、EXT. EAST RIVER BRIDGE - DAY,doc_173_chunk_0,"Joe and Ratso cross an foot, chilled by wind, neither wearing the sheepskin coat.",High angle shot: Joe and Ratso are walking along the Queens riverfront.
183、INT. MACALBERTSONS' LOFT - NIGHT,doc_182_chunk_2,Joe and Ratso approach.,
181、EXT. LOFT BUILDING - NIGHT,doc_180_chunk_0,"Joe and Ratso run, heads lowered, turning into...",
146、INT. HAT CLEANERS - DAY,doc_145_chunk_0,Joe sets it on his head and examines himself in a mirror,"At a laundromat counter, after receiving his clean Stetson."
146、INT. HAT CLEANERS - DAY,doc_145_chunk_0,Ratso quickly drags Joe away from the mirror and out of the shop,"At a laundromat counter, after the owner goes to search for the nonexistent homburg."
172、EXT. FORTY-SECOND STREET - NIGHT,doc_171_chunk_0,"Joe stands alone, watching the midnight cowboys ply their trade.",
172、EXT. FORTY-SECOND STREET - NIGHT,doc_171_chunk_0,"Joe turns away and enters a store front blood bank, offering ten dollars to blood donors.",
183、INT. MACALBERTSONS' LOFT - NIGHT,doc_182_chunk_6,Joe laughs delightedly when he realizes what it is,
177、EXT. CATHOLIC CEMETERY - DAY,doc_176_chunk_1,Joe reads from the ribbon on the floral display.,
177、EXT. CATHOLIC CEMETERY - DAY,doc_176_chunk_1,"Joe is frowning, standing at the headstone, momentarily depressed with an undefined sorrow.",
183、INT. MACALBERTSONS' LOFT - NIGHT,doc_182_chunk_8,"Joe reaching for the stars as he rises and wanders back to the crowded loft, fascinated to see",
188、INT. TAXICAB - NIGHT,doc_187_chunk_0,Joe rolls down the window.,
183、INT. MACALBERTSONS' LOFT - NIGHT,doc_182_chunk_9,Joe laughing as he dances for a moment with a tall black girl -- the lights swinging around them -- faces swimming,
186、INT. MACALBERTSON LANDING - NIGHT,doc_185_chunk_0,"Joe turns to Ratso, whose attention is fixed on the coats.",
171、EXT. CONDEMNED TENEMENTS - DAY,doc_170_chunk_0,Joe and Ratso warm themselves on the smoke and steam rising from a subway grating -- watching two officials in fur collared coats inspect the front of their X flat building.,
171、EXT. CONDEMNED TENEMENTS - DAY,doc_170_chunk_0,"Reading their doom, Joe and Ratso, continue on, disappearing into the subway.",
180、INT. LUNCH COUNTER - EVENING,doc_179_chunk_4,Joe sees a young man washing cups behind the counter.,
180、INT. LUNCH COUNTER - EVENING,doc_179_chunk_4,"Joe shakes his head, wonderingly, turning to study himself in the mirror.",
183、INT. MACALBERTSONS' LOFT - NIGHT,doc_182_chunk_5,"Joe starts after him but pauses, intrigued by an alcove under the balcony where a light show is in progress -- surreal images of naked bodies projected against abstract currents of color and strobe light...",
182、INT. LOFT BUILDING - NIGHT,doc_181_chunk_0,"Joe has started up before he notices Ratso, leaning on the bannister at the foot of the stairs, struggling to catch his breath.","A drab entrance hall, dimly lit, with signs identifying various commercial tenants."
185、INT. MACALBERTSONS' LOFT - NIGHT,doc_184_chunk_1,Joe laughs.,
185、INT. MACALBERTSONS' LOFT - NIGHT,doc_184_chunk_1,"Joe shrugs, grinning at Ratso and Shirley.",
189、EXT. VILLAGE STREET - NIGHT,doc_188_chunk_0,"Joe leans out of the taxi window, waving his Stetson, bellowing at the snow.",
185、INT. MACALBERTSONS' LOFT - NIGHT,doc_184_chunk_7,Joe joins them.,"Scene involving a funeral procession in a loft, with lights and cameras focused on the pallbearers carrying the flower girl out to the tune of ""Moonlight and Roses""."
183、INT. MACALBERTSONS' LOFT - NIGHT,doc_182_chunk_0,"Joe and Ratso enter, blinded by a bank of lights",
183、INT. MACALBERTSONS' LOFT - NIGHT,doc_182_chunk_0,Joe stands confused,
183、INT. MACALBERTSONS' LOFT - NIGHT,doc_182_chunk_0,Joe shouts over the amplified music,
17、INT. HOTEL ROOM - DAY,doc_16_chunk_0,Joe laughs as he locks his suitcase.,
17、INT. HOTEL ROOM - DAY,doc_16_chunk_0,"Joe picks up his suitcase, a portable transistor radio, walks away from the mirror, then pauses to run a comb through his hair, hook a cigarette at the corner of his mouth and strike a match on his thumbnail before he turns back for one admiring glance at himself in the mirror -- proud, exultant, ready -- freezing the image as CREDITS END.",
19、INT. CAFETERIA SCULLERY - DAY,doc_18_chunk_1,Joe tilts his Stetson as the Waitress appears at the door...,
19、INT. CAFETERIA SCULLERY - DAY,doc_18_chunk_1,"Joe takes it, holds it.",
177、EXT. CATHOLIC CEMETERY - DAY,doc_176_chunk_0,"Joe touches his hat to two nuns, guiltily hurrying to overtake Ratso at ibis father's grave, indistinguishable from the other graves except for the name on the headstone.","At a cemetery with plain stone markers, near Ratso's father's grave."
177、EXT. CATHOLIC CEMETERY - DAY,doc_176_chunk_0,Joe laughs.,"At a cemetery with plain stone markers, near Ratso's father's grave."
191、INT. SHIRLEY'S BEDROOM - NIGHT,doc_190_chunk_2,"Close on Joe -- watching Shirley closely, reacting.",
191、INT. SHIRLEY'S BEDROOM - NIGHT,doc_190_chunk_2,He reacts sharply.,
183、INT. MACALBERTSONS' LOFT - NIGHT,doc_182_chunk_7,"Joe puffing himself slightly dizzy, starting to laugh at the silent flick effect of the strobe light",
183、INT. MACALBERTSONS' LOFT - NIGHT,doc_182_chunk_7,"a similar veil around Joe's head, relaxing the self-conscious tension of his face, spontaneously curious about the play of light on his hand, grinning at...",
19、INT. CAFETERIA SCULLERY - DAY,doc_18_chunk_0,"Joe, holding his suitcase and radio.",
19、INT. CAFETERIA SCULLERY - DAY,doc_18_chunk_0,"Joe says, look, uh, I gotta have a word with you, if you got a second.",
193、INT. SHIRLEY'S BATHROOM - MORNING,doc_192_chunk_0,Joe is sprinkling an expensive cologne into his boots.,
183、INT. MACALBERTSONS' LOFT - NIGHT,doc_182_chunk_1,Better get a hold of someone and tell them I'm here.,"The huge loft is crowded with a random selection, gathered to serve as dress extras in an underground film."
183、INT. MACALBERTSONS' LOFT - NIGHT,doc_182_chunk_1,following Joe across the room,"The huge loft is crowded with a random selection, gathered to serve as dress extras in an underground film."
196、INT. CHAIN DRUG STORE - DAY,doc_195_chunk_0,Joe slaps down money to pay for an assortment of medicine.,
180、INT. LUNCH COUNTER - EVENING,doc_179_chunk_2,"Joe sees the MacAlbertsons in the mirror, standing behind him, studying him.",
180、INT. LUNCH COUNTER - EVENING,doc_179_chunk_2,"Joe studies the black card, frowning at first, suddenly smiling, turning as if to call after the MacAlbertsons, but they are disappearing around the corner.",
180、INT. LUNCH COUNTER - EVENING,doc_179_chunk_2,Joe hands the card to Ratso.,
197、INT. CONDEMNED TENEMENT - DAY,doc_196_chunk_0,Joe takes the stairs two at a time to burst in on...,
182、INT. LOFT BUILDING - NIGHT,doc_181_chunk_1,"Joe reads the panic in Ratso's eyes, so intense that Joe shares it, unable to speak nor offer reassurance.",
182、INT. LOFT BUILDING - NIGHT,doc_181_chunk_1,"Joe pulls out his shirttail, grabs Ratso by the neck and rubs his head dry.",
182、INT. LOFT BUILDING - NIGHT,doc_181_chunk_1,Joe hands Ratso his own comb.,
191、INT. SHIRLEY'S BEDROOM - NIGHT,doc_190_chunk_1,"Joe finds the matches, lights up and lies back, staring at the mobile as he smokes, still not looking at Shirley.",
191、INT. SHIRLEY'S BEDROOM - NIGHT,doc_190_chunk_1,"Joe sits up, looking at her.",
191、INT. SHIRLEY'S BEDROOM - NIGHT,doc_190_chunk_0,"Joe lies on his back, staring fixedly at a fragile mobile hanging from the ceiling, stirring listlessly.",
191、INT. SHIRLEY'S BEDROOM - NIGHT,doc_190_chunk_0,"Joe finds a cigarette on the side table, searches for matches.",
198、INT. X FLAT - DAY,doc_197_chunk_3,Joe takes it and sets it on the table.,
191、INT. SHIRLEY'S BEDROOM - NIGHT,doc_190_chunk_5,Joe glances up,
191、INT. SHIRLEY'S BEDROOM - NIGHT,doc_190_chunk_5,"Joe spells out MONY, down from the M in MAN",
185、INT. MACALBERTSONS' LOFT - NIGHT,doc_184_chunk_0,Joe realizes he is back at the party,
185、INT. MACALBERTSONS' LOFT - NIGHT,doc_184_chunk_0,Joe is watching with terrible fascination as Hansel and Gretel lift the flower girl from her sarcophagus,
185、INT. MACALBERTSONS' LOFT - NIGHT,doc_184_chunk_0,Joe glances down to see himself flanked by Ratso and Shirley,
198、INT. X FLAT - DAY,doc_197_chunk_5,Joe sets his Stetson on his head.,
191、INT. SHIRLEY'S BEDROOM - NIGHT,doc_190_chunk_9,Joe's problem is solved.,
191、INT. SHIRLEY'S BEDROOM - NIGHT,doc_190_chunk_9,Joe's objective is to retain his initiative.,
191、INT. SHIRLEY'S BEDROOM - NIGHT,doc_190_chunk_10,Joe's elbows pinning her shoulders,
191、INT. SHIRLEY'S BEDROOM - NIGHT,doc_190_chunk_10,Joe laughing as he falls lopsidedly,
191、INT. SHIRLEY'S BEDROOM - NIGHT,doc_190_chunk_10,his hand closing on her wrist,
187、INT. LOFT BUILDING LOBBY - NIGHT,doc_186_chunk_0,Joe is kissed violently by Shirley at the foot of the stairs.,"At the foot of the stairs, after Shirley makes a comment about Joe's name."
187、INT. LOFT BUILDING LOBBY - NIGHT,doc_186_chunk_0,Joe is laughing when Ratso lands at the foot of the stairs.,"At the foot of the stairs, after Ratso falls clownishly while descending the bannister."
207、INT. TOWNY'S BEDROOM-SITTING ROOM - NIGHT,doc_206_chunk_0,ignored by Joe,
194、INT. SHIRLEY'S BEDROOM - MORNING,doc_193_chunk_0,"Joe appears, grinning.",
194、INT. SHIRLEY'S BEDROOM - MORNING,doc_193_chunk_0,"Joe's voice: Well, ma'am -- Shirley -- I sure hate to trouble you, but...",
191、INT. SHIRLEY'S BEDROOM - NIGHT,doc_190_chunk_12,her other hand wildly exploring Joe's back,
191、INT. SHIRLEY'S BEDROOM - NIGHT,doc_190_chunk_12,"the blanket suddenly ripping free, flying into the air as her arm flings itself around Joe",
191、INT. SHIRLEY'S BEDROOM - NIGHT,doc_190_chunk_12,her ankles locking spasmodically,
200、EXT. TIMES SQUARE - DUSK,doc_199_chunk_0,"Joe loiters outside a gag headline print shop, his eyes following a man in homburg and chesterfield.",
210、EXT. TENEMENT NEIGHBORHOOD - DAY,doc_209_chunk_0,Joe hails a cab.,
201、EXT./INT. METROPOLE - DUSK,doc_200_chunk_0,"Joe lingers momentarily, identifying with the violence in a jazz drummer, his eyes searching for a pickup.",
208、INT. TENEMENT STAIRS - DAY,doc_207_chunk_0,"Joe carries Ratso down the stairs, wrapped in a blanket.",
211、INT. TOWNY'S BATHROOM - NIGHT,doc_210_chunk_0,Joe searches with increasing desperation for something of value.,
184、INT. MACALBERTSON BATHROOM - NIGHT,doc_183_chunk_0,"Joe standing at the bathroom door, forgetting to be embarrassed as Shirley turns away from the mirror, unhurriedly, running her fingers through her hair, boldly meeting Joe's eyes.",Bathroom scene: Joe observes Shirley after she looks at herself in the mirror.
184、INT. MACALBERTSON BATHROOM - NIGHT,doc_183_chunk_0,"Joe grins, watching Shirley's lips move, unable to keep her in sync, startled to hear Ratso's voice.",Bathroom scene: Joe reacts to Shirley speaking while hearing Ratso's voice.
213、INT. TOWNY'S BATHROOM - NIGHT,doc_212_chunk_0,Joe is rehearsing the speech in the bathroom mirror.,
212、EXT. GREYHOUND BUS TERMINAL - DAY,doc_211_chunk_0,Joe lifts Ratso from the taxi and carries him inside.,
191、INT. SHIRLEY'S BEDROOM - NIGHT,doc_190_chunk_3,"Extreme close-up of Joe -- frowning, puzzled...",Scene with Joe and Shirley playing a word game.
191、INT. SHIRLEY'S BEDROOM - NIGHT,doc_190_chunk_3,"Joe concentrating on a game, spread out on the sheet, consisting of nine dice lettered on all sides, Scrabble fashion, while a sand timer counts the seconds.",Scene with Joe and Shirley playing a word game.
219、INT. TOWNY'S BEDROOM-SITTING ROOM - NIGHT,doc_218_chunk_0,Joe's voice is angry.,
214、INT. GREYHOUND BUS TERMINAL - DAY,doc_213_chunk_0,"Joe stands in a long line, glancing impatiently at the clock",
195、INT. MEN'S STORE - DAY,doc_194_chunk_0,"Joe slaps a bill on the counter, admiring a fine new cowboy shirt in the mirror, wriggling new white socks into his boots.",
195、INT. MEN'S STORE - DAY,doc_194_chunk_0,"Suddenly remembering, he goes to the sock rack and buys two pairs, one large and one small.",
148、INT. X FLAT - DAY,doc_147_chunk_1,"Joe chokes on the cigarette in his mouth, coughing painfully.",
148、INT. X FLAT - DAY,doc_147_chunk_1,"Joe crushes it out, opens the window to spit, shivering, then slam it and turns back to remove the towel from Joe's neck.",
148、INT. X FLAT - DAY,doc_147_chunk_1,"Joe says, 'Kee-rist, you pretty damn clever for a skimpy little gimp.'",
148、INT. X FLAT - DAY,doc_147_chunk_1,"Joe says, 'Don't rush me.'",
148、INT. X FLAT - DAY,doc_147_chunk_1,"Joe explains, 'How I do it, see, I get myself primed, like I was turning on the charm for some pretty little blonde lady, then kinda mosey away slow and easy and - swing around! -- and there you are, you handsome devil.'",
179、EXT. JEWISH CEMETERY - DAY,doc_178_chunk_0,"Joe frowns, puzzled, as Ratso pulls out a black skullcap, leading Joe toward a group of professional mourners",
179、EXT. JEWISH CEMETERY - DAY,doc_178_chunk_0,Joe and Ratso join the mourners as the funeral moves to the grave,
179、EXT. JEWISH CEMETERY - DAY,doc_178_chunk_0,"Joe standing self-consciously, aware of the covert glances of the other mourners, automatically reaching up to remove his hat, remembering when Ratso elbows him in the ribs",
179、EXT. JEWISH CEMETERY - DAY,doc_178_chunk_0,"Joe scowling, tight-lipped, embarrassed by the tip that is thrust in his hand",
220、INT. GREYHOUND BUS TERMINAL - DAY,doc_219_chunk_0,Joe carries Ratso up the steps onto the bus.,
209、INT. TOWNY'S BEDROOM-SITTING ROOM - NIGHT,doc_208_chunk_1,"Joe glances around the room, looking for something to steal, losing personal contact with Towny, viewing him as an object to be used for a specific purpose.",
209、INT. TOWNY'S BEDROOM-SITTING ROOM - NIGHT,doc_208_chunk_0,Joe finds the last egg roll and eats it as Towny's voice drones on.,Inside a room with a coffee table littered with empty cartons of Chinese food.
215、INT. TOWNY'S BEDROOM-SITTING ROOM - NIGHT,doc_214_chunk_0,"Joe moves into frame past camera, standing in front of him, so that we can see the scene from behind Joe's waist.",
199、INT. PHONE BOOTH - DAY,doc_198_chunk_0,"Joe strikes a match with his thumbnail and watches it curl away while he waits, hearing a phone ring.",
199、INT. PHONE BOOTH - DAY,doc_198_chunk_0,Joe hangs up while the answering service's voice is still talking. The match has burned out. Joe flips it away.,
217、INT. TOWNY'S BEDROOM-SITTING ROOM - NIGHT,doc_216_chunk_0,Joe's face is puzzled then angry as Towny takes a Saint Christopher medal from his sack and hands it to Joe.,
202、INT. ARCADE - DUSK,doc_201_chunk_0,Joe tests his skills in a shoot-down with a large metal cowboy and kills him,
202、INT. ARCADE - DUSK,doc_201_chunk_0,Joe glances off as he hears polite applause,
22、EXT. SALLY BUCK'S BEAUTY SALON - DAY,doc_21_chunk_1,"Joe turns toward the bus depot, radio pressed to his ear.",
229、INT. GREYHOUND BUS - NIGHT,doc_228_chunk_1,Joe nods.,
198、INT. X FLAT - DAY,doc_197_chunk_0,"Joe stops abruptly, his mood shattered by Ratso's alarming condition.",
198、INT. X FLAT - DAY,doc_197_chunk_0,"They simply stare at each other for a moment, then Joe turns away to see soup heating on the Sterno stove.",
198、INT. X FLAT - DAY,doc_197_chunk_0,Joe tosses one of his paper bags onto Ratso's lap.,
216、INT. GREYHOUND BUS TERMINAL - DAY,doc_215_chunk_0,"Joe's face is expectant, next in line at the ticket window.",
216、INT. GREYHOUND BUS TERMINAL - DAY,doc_215_chunk_0,He nods reassuringly toward Ratso.,
227、INT. GREYHOUND BUS - DAY,doc_226_chunk_0,"Joe watches a middle-aged couple try on their new straw hats, unaware that Joe is watching them.",
219、INT. TOWNY'S BEDROOM-SITTING ROOM - NIGHT,doc_218_chunk_4,"Joe stands in panic, sickened, unable to fulfill the role Towny has assigned him.",
219、INT. TOWNY'S BEDROOM-SITTING ROOM - NIGHT,doc_218_chunk_4,Suddenly Joe jerks the lamp free of its socket.,
235、INT. GREYHOUND BUS - DAY,doc_234_chunk_6,Joe closes Ratso's eyes.,
235、INT. GREYHOUND BUS - DAY,doc_234_chunk_1,"Joe glances at Ratso, but there is no response.",
223、INT. TOWNY'S BEDROOM-SITTING ROOM - NIGHT,doc_222_chunk_0,Joe is about to hang the dead receiver on its hook when on sudden impulse -- he shoves the small end of the receiver into the toothless mouth of the man on the floor.,
233、INT. GREYHOUND BUS - DAY,doc_232_chunk_1,"Joe arranges the blanket, takes out a package of cigarettes, glances at Ratso and puts it away.",
231、INT. GREYHOUND BUS - DAWN,doc_230_chunk_0,"Joe frowns in his sleep, awakens, lifts his Stetson to see Ratso wide awake, in misery, wiping tears from his eyes.",
229、INT. GREYHOUND BUS - NIGHT,doc_228_chunk_0,"Joe is frowning at Ratso, who shivers despite the bright sun.",
229、INT. GREYHOUND BUS - NIGHT,doc_228_chunk_0,Keep the goddam blanket on.,
241、INT. CAFETERIA SCULLERY (TEXAS) - DAY,doc_240_chunk_2,"Joe stacks dishes, surrounded by frustrated ladies. He laughs tolerantly.",
21、EXT. TOWN MAIN STREET - DAY,doc_20_chunk_0,Joe comes from the cafeteria,
21、EXT. TOWN MAIN STREET - DAY,doc_20_chunk_0,Joe starts his long walk toward the bus depot along the street of a small Western town struggling to urbanize itself,"Outside the cafeteria, beginning of a journey"
21、EXT. TOWN MAIN STREET - DAY,doc_20_chunk_0,Joe's pace slows as he passes...,Walking along the street of a small Western town
235、INT. GREYHOUND BUS - DAY,doc_234_chunk_4,"pausing when he reaches... the DRIVER, staring out at the Sunshine Parkway with the Driver, leaning over so he won't have to speak too loudly.",
219、INT. TOWNY'S BEDROOM-SITTING ROOM - NIGHT,doc_218_chunk_3,Joe backhands him angrily.,
219、INT. TOWNY'S BEDROOM-SITTING ROOM - NIGHT,doc_218_chunk_3,"Joe grabs his hair, turning his face up.",
219、INT. TOWNY'S BEDROOM-SITTING ROOM - NIGHT,doc_218_chunk_3,Joe slaps him,
219、INT. TOWNY'S BEDROOM-SITTING ROOM - NIGHT,doc_218_chunk_3,Joe strikes him with his fist.,
20、INT. SUNSHINE CAFETERIA - DAY,doc_19_chunk_0,"Joe appears, measuring his effect on the customers and his fellow employees as he crosses the sterile white dining room, observing the drab details of the life he has left behind - garbage on greasy dishes, limp food in steam table trays, coffee-soaked cigarette butts, caked mustard and ketchup on formica table tops -- two pimply high school girls slurping suggestive noises after Joe through the straws of empty cokeglasses.",Scene: Joe exits through a door marked EMPLOYEES ONLY and walks across a diner's dining room.
231、INT. GREYHOUND BUS - DAWN,doc_230_chunk_1,"Joe laughs suddenly, uncontrollably.",
231、INT. GREYHOUND BUS - DAWN,doc_230_chunk_1,"Joe nods, laughing",
231、INT. GREYHOUND BUS - DAWN,doc_230_chunk_1,Joe pats him on the back.,
232、EXT. SMALL TOWN STREET - DAY,doc_231_chunk_1,Joe pays.,
232、EXT. SMALL TOWN STREET - DAY,doc_231_chunk_1,"Joe smiles, starts on toward the bus, hardly aware that he has accomplished something rare and remarkable for Joe -- a simple human contact without fear or threat, a pleasant everyday happening.",
241、INT. CAFETERIA SCULLERY (TEXAS) - DAY,doc_240_chunk_0,JOE BUCK grins at the wall as he scrapes garbage.,"Inside a kitchen, Joe Buck is cleaning near a dishwashing machine with scandalous pinups on the wall."
22、EXT. SALLY BUCK'S BEAUTY SALON - DAY,doc_21_chunk_0,"Joe grins as he hears remembered sounds and voices incomplete flashes, more significant in tone than content a girl giggling sexily -- ""Keep your meat hooks off my beauty operators, sugar"" -- tinkling noises of a busy beauty parlor - Sally Buck singing ""Hush, little baby, don't say a word, Grammaw gonna buy you a mockingbird...""",
219、INT. TOWNY'S BEDROOM-SITTING ROOM - NIGHT,doc_218_chunk_5,"Joe threatens, swings the lamp down, but stops short of hitting Towny.",
219、INT. TOWNY'S BEDROOM-SITTING ROOM - NIGHT,doc_218_chunk_5,Joe has to step over him to reach the wallet in the drawer.,
219、INT. TOWNY'S BEDROOM-SITTING ROOM - NIGHT,doc_218_chunk_5,He takes all the money -- probably twice what he needs -- desperate to get out of the room.,
219、INT. TOWNY'S BEDROOM-SITTING ROOM - NIGHT,doc_218_chunk_1,Joe close behind him -- almost knocking the lamp off the table in his fright.,
219、INT. TOWNY'S BEDROOM-SITTING ROOM - NIGHT,doc_218_chunk_1,JOE (takes the bill),
219、INT. TOWNY'S BEDROOM-SITTING ROOM - NIGHT,doc_218_chunk_1,I gotta have more'n ten. I gotta have fifty-seven dollars.,
219、INT. TOWNY'S BEDROOM-SITTING ROOM - NIGHT,doc_218_chunk_1,Get outta my way.,
254、EXT. TEXAS TOWN MAIN STREET - DAY,doc_253_chunk_0,"Joe leaves the hotel, carrying his suitcase.",
249、INT. HOTEL ROOM - DAY,doc_248_chunk_0,"Joe sings as he pulls on his new cowboy boots, arranging his cuffs to show off the yellow sunburst at the ankle, freezing song and image for CREDITS.",
235、INT. GREYHOUND BUS - DAY,doc_234_chunk_5,Joe follows the Driver to the rear of the bus.,
235、INT. GREYHOUND BUS - DAY,doc_234_chunk_5,Joe nods no.,
235、INT. GREYHOUND BUS - DAY,doc_234_chunk_5,Joe reaches over and closes Ratso's eyes.,
25、INT. BUS - DAY,doc_24_chunk_1,"Joe rises and walks back to his empty double seat, glancing around to see what impression he's made on his immediate fellow travelers",
251、INT. HOTEL ROOM - DAY,doc_250_chunk_0,"Joe hums as he piles a complete wardrobe of cowboy clothes, still in their wrappers, into a shiny new suitcase of black and white horsehide.",
235、INT. GREYHOUND BUS - DAY,doc_234_chunk_3,"Joe leans over to straighten Ratso's head, blocking our view for a moment.",
235、INT. GREYHOUND BUS - DAY,doc_234_chunk_3,"Then Joe leans back, frowning, thoughtful.",
235、INT. GREYHOUND BUS - DAY,doc_234_chunk_3,"Joe rises slowly, starting forward in the bus...",
247、INT. HOTEL ROOM - DAY,doc_246_chunk_0,Joe interrupts himself to answer Ralph,
247、INT. HOTEL ROOM - DAY,doc_246_chunk_0,"continuing his song as he pulls up and zips his tight thighed black slacks, freezing song and image for CREDITS",
258、EXT. SALLY BUCK'S BEAUTY SALON - DAY,doc_257_chunk_1,"Joe turns toward the bus depot, radio pressed to his ear.",
243、INT. STALL SHOWER - DAY,doc_242_chunk_0,"Joe sings as he soaps himself, ""Whoopee ti yi yo, git along little dogies, for you know New York will be your new home!""",
243、INT. STALL SHOWER - DAY,doc_242_chunk_0,Sound and image freeze on Joe's open mouth.,
235、INT. GREYHOUND BUS - DAY,doc_234_chunk_2,"Surreptitiously, Joe takes out a cigarette, turns his face away from Ratso and lights it, hiding it cupped in his hand as he smokes.",
235、INT. GREYHOUND BUS - DAY,doc_234_chunk_2,"Joe turns, checking the blanket around Ratso, noticing that Ratso is sitting in a peculiarly stiff, awkward position.",
233、INT. GREYHOUND BUS - DAY,doc_232_chunk_0,Joe blocks the view of the other passengers as he helps Ratso into a new pair of corduroy pants and a Florida shirt.,
233、INT. GREYHOUND BUS - DAY,doc_232_chunk_0,"Joe shakes his head, scowling, annoyed, but continues, lifting Ratso enough to slide the pants around his waist.",
233、INT. GREYHOUND BUS - DAY,doc_232_chunk_0,Joe zips the fly.,
235、INT. GREYHOUND BUS - DAY,doc_234_chunk_0,Joe leans across to pull down the shade.,
235、INT. GREYHOUND BUS - DAY,doc_234_chunk_0,"He hesitates a moment, watching... ... past his reflection, a group of young men on their way to work, carrying lunch pails, dressed exactly as Joe is now dressed...",
235、INT. GREYHOUND BUS - DAY,doc_234_chunk_0,Joe lowers the blind and seats himself.,
255、INT. CAFETERIA SCULLERY - DAY,doc_254_chunk_1,Joe tilts his Stetson as the Waitress appears at the door...,
255、INT. CAFETERIA SCULLERY - DAY,doc_254_chunk_1,"Joe takes it, holds it.",
225、INT. GREYHOUND BUS - DAY,doc_224_chunk_0,Joe and Ratso sit near the rear of the bus.,On a bus during a long trip.
225、INT. GREYHOUND BUS - DAY,doc_224_chunk_0,Both nod for a moment in silence.,On a bus during a long trip.
225、INT. GREYHOUND BUS - DAY,doc_224_chunk_0,"JOE
These guys're good drivers.",On a bus during a long trip.
225、INT. GREYHOUND BUS - DAY,doc_224_chunk_0,"JOE
Yeah.",On a bus during a long trip.
262、INT. REMEMBERED BEAUTY SALON - ANOTHER TIME,doc_261_chunk_0,little Joe massages her neck,"Inside a beauty parlor, during a busy day while Sally Buck is being massaged."
255、INT. CAFETERIA SCULLERY - DAY,doc_254_chunk_0,"Joe, holding his suitcase and radio.",
255、INT. CAFETERIA SCULLERY - DAY,doc_254_chunk_0,"Joe says, look, uh, I gotta have a word with you, if you got a second.",
264、INT. REMEMBERED BEAUTY SALON - ANOTHER TIME,doc_263_chunk_0,"A gawky, adolescent Joe sits sprawled on the couch, leafing through a magazine",
266、INT. BUS - NIGHT,doc_265_chunk_5,"Joe leans back, laughing to himself.",
266、INT. BUS - NIGHT,doc_265_chunk_3,Joe quickly lights a match on his thumb and holds it across the aisle.,
266、INT. BUS - NIGHT,doc_265_chunk_2,"Joe settles back, unable to think of a way to open a conversation.",
236、INT. GREYHOUND BUS - DAY,doc_235_chunk_0,"Joe sits stiffly, very frightened, as the bus starts on.",Opening scene: Joe is on a bus as it begins to move.
236、INT. GREYHOUND BUS - DAY,doc_235_chunk_0,"Then he glances at Ratso, frowning, reaches out an arm and puts it around Ratso, settling back, staring straight ahead.",Opening scene: Joe is on a bus with Ratso as it begins to move.
221、INT. TOWNY'S BEDROOM-SITTING ROOM - NIGHT,doc_220_chunk_0,Joe glances back.,
221、INT. TOWNY'S BEDROOM-SITTING ROOM - NIGHT,doc_220_chunk_0,Joe knocks the phone from his hand.,
221、INT. TOWNY'S BEDROOM-SITTING ROOM - NIGHT,doc_220_chunk_0,Joe hits Towny in the mouth.,
221、INT. TOWNY'S BEDROOM-SITTING ROOM - NIGHT,doc_220_chunk_0,Joe jerks the cord from the wall as Towny falls -- gagging -- finally dislodging his dentures on the carpet.,
221、INT. TOWNY'S BEDROOM-SITTING ROOM - NIGHT,doc_220_chunk_0,"Joe stands sick and confused, holding the useless phone in two hands.",
245、INT. HOTEL ROOM - DAY,doc_244_chunk_0,"Wrapped in a towel, singing in front of his dresser mirror, Joe sprays himself with deodorant, aiming a last playful blast at the unseen crotch -- freezing song and image as CREDITS continue over...",
245、INT. HOTEL ROOM - DAY,doc_244_chunk_0,"Joe rips the wrapping from a new Stetson and sets it on his head, freezing song and image as CREDITS continue.",
266、INT. BUS - NIGHT,doc_265_chunk_4,Joe glances across the aisle.,
266、INT. BUS - NIGHT,doc_265_chunk_4,Joe's wardrobe even more curiously.,
266、INT. BUS - NIGHT,doc_265_chunk_0,"Joe squirms, restless, trying to lull himself to sleep with the music of a revivalist gospel group on the radio.","Inside the dark bus, most passengers are trying to sleep."
232、EXT. SMALL TOWN STREET - DAY,doc_231_chunk_0,"Joe comes from a clothing store, bare-headed, wearing plain slacks and sport-shirt. He carries the boots, Stetson and cowboy suit in one hand, a bundle under his arm.","Outside a clothing store, near a bus parked in the distance."
232、EXT. SMALL TOWN STREET - DAY,doc_231_chunk_0,He dumps his cowboy regalia in the trash bin of a sandwich stand,"Outside a sandwich stand, after leaving a clothing store."
232、EXT. SMALL TOWN STREET - DAY,doc_231_chunk_0,calls to the WAITRESS,"Outside a sandwich stand, after dumping his cowboy clothes."
273、INT. BUS RESTROOM - DAY,doc_272_chunk_0,"Joe laughs, flushes, checks his hair in the mirror.",
25、INT. BUS - DAY,doc_24_chunk_0,"Joe sits at the front, opposite the driver, cracking his gum as he watches the huge billboards streaking by, promising him power, happiness and beautiful women if he chooses the right breakfast food, hair oil or automobile.",
25、INT. BUS - DAY,doc_24_chunk_0,"Joe listens to the humming tires, the roar of the engine, shaking his head.",
277、INT. BUS - DAY,doc_276_chunk_0,"Joe laughs as he passes the bottle, trying to sing along without knowing the words",
293、INT. ROOM 1014 - DAY,doc_292_chunk_0,Joe watches the Panel Host,
268、INT. BUS - NIGHT,doc_267_chunk_0,"Joe shakes his head, grinning, offering the old Cowhand a cigarette.",
268、INT. BUS - NIGHT,doc_267_chunk_0,"Joe nods, still bemused.",
281、INT. BUS - DAY,doc_280_chunk_0,"Joe is leaning across the two Marines, staring out of the window",
285、INT. BUS - DAY,doc_284_chunk_0,"Joe crowded as the veterans prepare to leave the bus, lifting down banners and flags.",
28、INT. REMEMBERED BEAUTY SALON - ANOTHER TIME,doc_27_chunk_0,"A gawky, adolescent Joe sits sprawled on the couch, leafing through a magazine",
299、INT. ROOM 1014 - DAY,doc_298_chunk_0,"Joe's pen wavers, starts to write and stops.",
295、INT. ROOM 1014 - DAY,doc_294_chunk_0,"Joe sits on the edge of the bed, watching the poodles primp.",
279、INT. BUS - DAY,doc_278_chunk_0,"Joe slaps one of the Veterans on the back, trying to follow the song into ""Off we go, into the wild blue yonder...""",
297、INT. ROOM 1014 - DAY,doc_296_chunk_0,"Joe rises, flipping the dial of the radio to a cultured woman's voice reading",
253、INT. HOTEL ROOM - DAY,doc_252_chunk_0,Joe laughs as he locks his suitcase.,
253、INT. HOTEL ROOM - DAY,doc_252_chunk_0,"Joe picks up his suitcase, a portable transistor radio, walks away from the mirror, then pauses to run a comb through his hair, hook a cigarette at the corner of his mouth and strike a match on his thumbnail before he turns back for one admiring glance at himself in the mirror -- proud, exultant, ready -- freezing the image as CREDITS END.",
30、INT. BUS - NIGHT,doc_29_chunk_3,Joe quickly lights a match on his thumb and holds it across the aisle.,
261、INT. BUS - DAY,doc_260_chunk_0,"Joe sits at the front, opposite the driver, cracking his gum as he watches the huge billboards streaking by, promising him power, happiness and beautiful women if he chooses the right breakfast food, hair oil or automobile.",
261、INT. BUS - DAY,doc_260_chunk_0,"Joe listens to the humming tires, the roar of the engine, shaking his head.",
30、INT. BUS - NIGHT,doc_29_chunk_5,"Joe leans back, laughing to himself.",
257、EXT. TOWN MAIN STREET - DAY,doc_256_chunk_0,Joe comes from the cafeteria,
257、EXT. TOWN MAIN STREET - DAY,doc_256_chunk_0,Joe starts his long walk toward the bus depot along the street of a small Western town struggling to urbanize itself,"Outside the cafeteria, beginning of a journey"
257、EXT. TOWN MAIN STREET - DAY,doc_256_chunk_0,Joe's pace slows as he passes...,Walking along the street of a small Western town
25、INT. BUS - DAY,doc_24_chunk_2,"Joe leans across, snapping his gum as he offers her a stick.",
25、INT. BUS - DAY,doc_24_chunk_2,He watches her nibble it daintily on her front teeth.,
25、INT. BUS - DAY,doc_24_chunk_2,Joe realizes that her eyes are closed.,
25、INT. BUS - DAY,doc_24_chunk_2,"Mildly depressed, he stretches himself across both seats and turns on his radio, finds only static and snaps it off.",
303、EXT. TIMES SQUARE PALACE HOTEL - DAY,doc_302_chunk_0,Camera zooms up to a close-up of Joe at the window.,
308、EXT. PARK AVENUE - DAY,doc_307_chunk_1,Joe follows her to the parkway in the middle of the avenue.,
30、INT. BUS - NIGHT,doc_29_chunk_0,"Joe squirms, restless, trying to lull himself to sleep with the music of a revivalist gospel group on the radio.","Inside the dark bus, most passengers are trying to sleep."
275、INT. BUS - DAY,doc_274_chunk_1,"JOE Jesus goddam Christ, I ain't laughed so hard since I was out at Fort Benning, Georgia.",
275、INT. BUS - DAY,doc_274_chunk_1,"JOE What? Oh, hell no. Motor pool mostly...(shakes his head) Kee-rist...",
30、INT. BUS - NIGHT,doc_29_chunk_4,Joe glances across the aisle.,
30、INT. BUS - NIGHT,doc_29_chunk_4,The Old Cowhand reappraises Joe's wardrobe even more curiously.,
256、INT. SUNSHINE CAFETERIA - DAY,doc_255_chunk_0,"Joe appears, measuring his effect on the customers and his fellow employees as he crosses the sterile white dining room, observing the drab details of the life he has left behind - garbage on greasy dishes, limp food in steam table trays, coffee-soaked cigarette butts, caked mustard and ketchup on formica table tops -- two pimply high school girls slurping suggestive noises after Joe through the straws of empty cokeglasses.",Scene: Joe exits through a door marked EMPLOYEES ONLY and walks across a diner's dining room.
307、EXT. JEWELRY STORE - DAY,doc_306_chunk_0,"Joe grins, glances at himself in the window, runs a comb through his hair, then turns back to see a cop helping the mod blonde.",
310、INT. APARTMENT HOUSE ELEVATOR - DAY,doc_309_chunk_0,Joe enters the elevator.,"Inside an elevator, as Cass holds the door open for him."
261、INT. BUS - DAY,doc_260_chunk_2,"Joe leans across, snapping his gum as he offers her a stick.",
261、INT. BUS - DAY,doc_260_chunk_2,He watches her nibble it daintily on her front teeth.,
261、INT. BUS - DAY,doc_260_chunk_2,Joe realizes that her eyes are closed.,
261、INT. BUS - DAY,doc_260_chunk_2,"Mildly depressed, he stretches himself across both seats and turns on his radio, finds only static and snaps it off.",
301、INT. ROOM 1014 - DAY,doc_300_chunk_0,"Joe stares at the postcard, bemused",
301、INT. ROOM 1014 - DAY,doc_300_chunk_0,"Joe rises abruptly, rips up the postcard and tosses it out the window",
291、INT. ROOM 1014 - DAY,doc_290_chunk_0,"Joe sets his radio on the dresser, his suitcase on the bed, then turns to examine his new home -- as anonymous as his Texas hotel room -- but boasting a coin-operated television set.",
291、INT. ROOM 1014 - DAY,doc_290_chunk_0,"Fascinated, Joe inserts a quarter.",
314、INT. CASS'S BEDROOM - DAY,doc_313_chunk_5,Joe tries to laugh but it sticks in his throat as Cass speaks,
308、EXT. PARK AVENUE - DAY,doc_307_chunk_2,Joe Buck says he means business about the Statue of Liberty.,
308、EXT. PARK AVENUE - DAY,doc_307_chunk_2,Joe Buck tells the Rich Lady she is pretty.,
311、INT. CASS'S APARTMENT - DAY,doc_310_chunk_0,"Joe steps from the elevator, which opens directly onto Cass's penthouse.","Scene: Cass's penthouse, as the elevator opens."
314、INT. CASS'S BEDROOM - DAY,doc_313_chunk_4,"Joe stands mute as she cups his chin in her hand, seductively.",
314、INT. CASS'S BEDROOM - DAY,doc_313_chunk_7,"Joe tucks a twenty-dollar bill into her bosom, tilts his Stetson and starts out.",
275、INT. BUS - DAY,doc_274_chunk_0,"Joe is now sitting in the wide rear seat, between two young MARINES and a group of VETERANS wearing campaign caps and convention buttons, passing a bottle, singing ""From the Balls of Montezuma to the Shores of Tripoli...""",
275、INT. BUS - DAY,doc_274_chunk_0,"Joe follows the conversation between a VETERAN and a MARINE, participating only because he's sitting beside them, adopting a remembered military stance.",
311、INT. CASS'S APARTMENT - DAY,doc_310_chunk_1,Joe's hand unzipping her dress.,
311、INT. CASS'S APARTMENT - DAY,doc_310_chunk_1,The poodle tugs at Joe's slacks until they fall.,
266、INT. BUS - NIGHT,doc_265_chunk_1,"Joe leans forward to help the old Lady, irritably struggling with the release button on her seat.",
266、INT. BUS - NIGHT,doc_265_chunk_1,Joe switches off her reading light.,
266、INT. BUS - NIGHT,doc_265_chunk_1,"Joe switches it on again, fakes a good-natured grin, settles back with his radio, aware of an OLD COWHAND seated opposite him, replacing the Pale Blonde.",
266、INT. BUS - NIGHT,doc_265_chunk_1,He looks away when he sees Joe watching him.,
271、INT. BUS - MORNING,doc_270_chunk_0,"Joe awakens, stiff-necked, momentarily confused.",
271、INT. BUS - MORNING,doc_270_chunk_0,"He straightens in his seat as he sees the old Cowhand lifting a sweat-stained saddle down from the overhead rack, starting toward the front of the bus.",
271、INT. BUS - MORNING,doc_270_chunk_0,"Joe stuffs a stick of gum in his mouth, turns to wave at the Old Cowhand through the window as the bus pulls away.",
315、EXT. LEXINGTON AVENUE - DAY,doc_314_chunk_0,Joe walks away from the apartment house,"From a high angle, chorus continuing O.S. ""... they say you are taking the sunshine that brightened our pathway a while."""
316、INT. EVERETT'S BAR - DAY,doc_315_chunk_3,Joe is refilling Ratso's beer glass as he speaks,"In a booth, with the TV screen in the background showing a mating game program"
316、INT. EVERETT'S BAR - DAY,doc_315_chunk_1,"Joe Buck says the shirt ain't cheap and that he'd say it was an all right shirt, and mentions he doesn't like to have a lot of cheap stuff on his back.",
320、INT. PUBLIC PHONE BOOTH - DUSK,doc_319_chunk_0,"Joe holds the door open, listening.",
314、INT. CASS'S BEDROOM - DAY,doc_313_chunk_3,"Joe grins, relieved as she takes out a gold lame purse and opens it.",
314、INT. CASS'S BEDROOM - DAY,doc_313_chunk_3,"He frowns as she folds it upside down, empty.",
316、INT. EVERETT'S BAR - DAY,doc_315_chunk_0,"Joe sits at the bar, staring morosely at his image in the mirror, already quite drunk, oblivious to the assorted types hiding from daylight in the barn-like saloon, waiting for night to fall.",
317、EXT. SIXTH AVENUE - DAY,doc_316_chunk_0,"Joe has difficulty keeping up with Ratso, who swings himself along with surprising agility, his half-skipping little gate favoring one game leg.",
308、EXT. PARK AVENUE - DAY,doc_307_chunk_4,he sees himself move into frame and follow the Rich Lady up the steps,"Scene involving the Rich Lady climbing the steps of a brownstone, from Joe's viewpoint"
308、EXT. PARK AVENUE - DAY,doc_307_chunk_4,"leaving Joe standing alone on the parkway island, surrounded by towering wealth",After the Rich Lady enters the house and closes the door
297、INT. ROOM 1014 - DAY,doc_296_chunk_1,"Joe leaves the lady on, savoring the expensive sound of her voice reading the stock quotations.",
297、INT. ROOM 1014 - DAY,doc_296_chunk_1,"Joe seats himself at the desk, pleased to find a postcard photograph of the hotel.",
297、INT. ROOM 1014 - DAY,doc_296_chunk_1,"He picks up a ballpoint pen, counts ten floors up from the street and marks a huge X -- THIS IS ME, then turns the card over, pen poised over the address blank.",
314、INT. CASS'S BEDROOM - DAY,doc_313_chunk_2,"Joe zips her dress, follows her to the dressing table, where she sprays her hair with lacquer.",
314、INT. CASS'S BEDROOM - DAY,doc_313_chunk_2,"Joe Don't know what line Morey's in, but myself now, fact is -- I'm a hustler.",
323、INT. WEST SIDE HOTEL CORRIDOR - DUSK,doc_322_chunk_2,Joe repeats 'Cherry Neverlin' as he starts along the corridor looking for 901.,
325、INT. WEST SIDE HOTEL CORRIDOR - DUSK,doc_324_chunk_4,"Joe laughs, driving an obscene uppercut into the air.",
319、EXT. CENTRAL PARK SOUTH - COCKTAIL HOUR,doc_318_chunk_1,Joe peels a ten from his wallet and offers it to Ratso.,"Outside the Plaza hotel, during a conversation with Ratso about future earnings and partnership."
316、INT. EVERETT'S BAR - DAY,doc_315_chunk_6,Joe scowls as Jackie appears with the tall farm boy.,
316、INT. EVERETT'S BAR - DAY,doc_315_chunk_6,"JOE (suddenly) Hey now, you heard him.",
322、INT. WEST SIDE HOTEL ELEVATOR - DUSK,doc_321_chunk_0,Joe grins excitedly at Ratso,
322、INT. WEST SIDE HOTEL ELEVATOR - DUSK,doc_321_chunk_0,Ratso follows Joe to door,
32、INT. BUS - NIGHT,doc_31_chunk_0,"Joe shakes his head, grinning, offering the old Cowhand a cigarette.",
32、INT. BUS - NIGHT,doc_31_chunk_0,"Joe nods, still bemused.",
30、INT. BUS - NIGHT,doc_29_chunk_1,"Joe leans forward to help the old Lady, irritably struggling with the release button on her seat.",
30、INT. BUS - NIGHT,doc_29_chunk_1,Joe switches off her reading light.,
30、INT. BUS - NIGHT,doc_29_chunk_1,"Joe switches it on again, fakes a good-natured grin, settles back with his radio, aware of an OLD COWHAND seated opposite him, replacing the Pale Blonde.",
30、INT. BUS - NIGHT,doc_29_chunk_1,"Joe settles back, unable to think of a way to open a conversation.",
334、EXT. TIMES SQUARE - NIGHT,doc_333_chunk_0,Joe at his hotel window staring out blankly.,STILL PHOTOGRAPH: Joe at his hotel window.
316、INT. EVERETT'S BAR - DAY,doc_315_chunk_2,"Reaching for a cigarette, Joe glances at Jackie, startled as Jackie twitches his pink levis angrily and turns away.",
316、INT. EVERETT'S BAR - DAY,doc_315_chunk_2,"Joe Buck from Texas and I'm gonna buy you a drink, what do you say to that?",
316、INT. EVERETT'S BAR - DAY,doc_315_chunk_2,slaps bar,
314、INT. CASS'S BEDROOM - DAY,doc_313_chunk_6,Joe stands bewildered by the vastness of her grief.,
314、INT. CASS'S BEDROOM - DAY,doc_313_chunk_6,"Joe waves his wallet at her, but she only cries louder.",
314、INT. CASS'S BEDROOM - DAY,doc_313_chunk_6,He hands her a kleenex.,
314、INT. CASS'S BEDROOM - DAY,doc_313_chunk_6,"Joe leans over the bed, whispering in her ear",
314、INT. CASS'S BEDROOM - DAY,doc_313_chunk_1,"Joe turns to look as Cass comes from the bathroom, holding a towel around her as she runs behind the closet door.",
314、INT. CASS'S BEDROOM - DAY,doc_313_chunk_1,Joe says he sure has enjoyed being here and believes it's as fine a time as he's had in his life.,
314、INT. CASS'S BEDROOM - DAY,doc_313_chunk_1,Joe says it's good and mentions he guesses he didn't tell Cass why he came to New York.,
340、EXT. SIDEWALK CAFE - COCKTAIL HOUR,doc_339_chunk_0,"Joe watches a young man hold a taxi door for an older lady, at the same corner where Ratso waved to another young man.",
325、INT. WEST SIDE HOTEL CORRIDOR - DUSK,doc_324_chunk_0,"Joe finds 901 at a dark end of the corridor, knocks confidently, hearing a few bars of his love theme as he stuffs a fresh stick of gum in his mouth.","Corridor outside room 901, just before O'Daniel opens the door."
338、EXT. SIXTH AVENUE - NIGHT,doc_337_chunk_0,Joe flexing his muscles in his jockey shorts,LIVE ON TV SCREEN: Joe is watching a physical culture personality on television and imitating the exercise.
317、EXT. SIXTH AVENUE - DAY,doc_316_chunk_1,"Joe hesitates as Ratso darts into traffic against a red light, yelling unheard obscenities at a cab driver who blasts his horn.",
317、EXT. SIXTH AVENUE - DAY,doc_316_chunk_1,"Joe runs recklessly forward as Ratso slams the taxi fender with his fist, pretending to be hit, falling into Joe's arms.",
314、INT. CASS'S BEDROOM - DAY,doc_313_chunk_0,"Joe turns away from a small terrace, buckling his belt, glancing off toward the sound of Cass in the shower.",
314、INT. CASS'S BEDROOM - DAY,doc_313_chunk_0,"He flicks the TV remote control, enjoying his power, ignoring the silent images on the screen -- battle casualties, a pretty girl recommending aspirin, a man's stomach flashing animated pain, starving war refugees, a dog eating pzazz -- flicking it off to concentrate on the costume jewelry and perfume bottles on Cass's dressing table.",
308、EXT. PARK AVENUE - DAY,doc_307_chunk_0,Joe's heels drag as he walks a deserted block of luxury apartment houses.,
308、EXT. PARK AVENUE - DAY,doc_307_chunk_0,Joe's spirits rise as he hears the tic-tac-tic of high heels overtaking the heavy click-clack-click of his boots.,
308、EXT. PARK AVENUE - DAY,doc_307_chunk_0,He adjusts his pace to arrive at the corner at the same time as a smart and -- in Joe's eyes -- very RICH LADY.,
308、EXT. PARK AVENUE - DAY,doc_307_chunk_0,"Joe grins boyishly, holding his Stetson over his heart.",
329、EXT. TIMES SQUARE - NIGHT,doc_328_chunk_0,"Joe runs in aimless panic, pushing through the crowd, pursued by O'Daniel's voice and the singing congregation.",
329、EXT. TIMES SQUARE - NIGHT,doc_328_chunk_0,Joe stops short as he sees the front page of a tabloid on a newsstand.,
341、INT. TIMES SQUARE PALACE LOBBY - NIGHT,doc_340_chunk_0,"Joe's image frozen -- as if another still photograph - standing at the desk, waiting for his key.",
341、INT. TIMES SQUARE PALACE LOBBY - NIGHT,doc_340_chunk_0,"Joe opens it, deeply perplexed.",
335、INT. SHOOTING GALLERY - DAY,doc_334_chunk_0,"Joe moves on, unconsciously checking the coin return box of a pay phone.",
335、INT. SHOOTING GALLERY - DAY,doc_334_chunk_0,"Joe curled up on his bed like a baby, fully dressed, his radio on the night stand.",STILL PHOTOGRAPH
323、INT. WEST SIDE HOTEL CORRIDOR - DUSK,doc_322_chunk_1,Joe digs in wallet,
323、INT. WEST SIDE HOTEL CORRIDOR - DUSK,doc_322_chunk_1,Joe gives the money to Ratso,
323、INT. WEST SIDE HOTEL CORRIDOR - DUSK,doc_322_chunk_1,Joe asks where he can reach Ratso,
323、INT. WEST SIDE HOTEL CORRIDOR - DUSK,doc_322_chunk_1,Joe insists on knowing where Ratso lives,
337、EXT. TIMES SQUARE DANCE HALL - DAY,doc_336_chunk_0,Joe stands with a crowd staring up at a girl go-go dancing in the window of SERGEANT PEPPER'S LONELY HEART CLUB.,
337、EXT. TIMES SQUARE DANCE HALL - DAY,doc_336_chunk_0,Joe staring in the mirror.,STILL PHOTOGRAPH
342、EXT. TIMES SQUARE - NIGHT,doc_341_chunk_0,"Joe stands outside the hotel, stunned, seeing the bright colored lights turn suddenly grey.",
342、EXT. TIMES SQUARE - NIGHT,doc_341_chunk_0,Joe walks into the crowd.,
347、INT. PUBLIC MEN'S ROOM - DAY,doc_346_chunk_0,Joe washing his feet in the basin.,
347、INT. PUBLIC MEN'S ROOM - DAY,doc_346_chunk_0,Joe stares back with a belligerent grin.,
340、EXT. SIDEWALK CAFE - COCKTAIL HOUR,doc_339_chunk_2,Joe arrives confident,Scene at the E-Z reception area with lines of customers and a clerk.
340、EXT. SIDEWALK CAFE - COCKTAIL HOUR,doc_339_chunk_2,Joe has to be kidding,Scene at the E-Z reception area when the clerk reacts to Joe.
344、INT. BAR - DAY,doc_343_chunk_0,"Joe nurses a short beer, like the regulars.",
344、INT. BAR - DAY,doc_343_chunk_0,"He looks up as a crippled panhandler approaches, vaguely reminiscent of Ratso.",
330、EXT. FORTY-SECOND STREET - NIGHT,doc_329_chunk_0,"Joe searches the faces of the crowd, running forward suddenly as he sees Jackie and the farmboy picked up by two men in a large convertible.",
330、EXT. FORTY-SECOND STREET - NIGHT,doc_329_chunk_0,"Joe chases the car to Eighth Avenue but stops, frightened as he sees himself in multiple image on the front of every newspaper displayed on a newsstand.",
355、INT. ALL NIGHT MOVIE RESTROOM - NIGHT,doc_354_chunk_1,But Joe has already kicked open the door.,
361、INT. NEDICK'S - DAY,doc_360_chunk_0,Joe's hand falls on Ratso's shoulder.,
361、INT. NEDICK'S - DAY,doc_360_chunk_1,Joe kicks the toe of Ratso's loafer.,
340、EXT. SIDEWALK CAFE - COCKTAIL HOUR,doc_339_chunk_1,"Joe straddles a chair, staring at a blank TV screen.",Scene begins with a still photograph style shot of Joe in a room with a blank TV screen.
340、EXT. SIDEWALK CAFE - COCKTAIL HOUR,doc_339_chunk_1,we follow Joe and his radio into the loan office,"Joe walks into the loan office carrying his radio, depicted in the style of a TV commercial."
348、INT. ALL NIGHT CAFETERIA - NIGHT,doc_347_chunk_2,"Joe keeps his back to the customers as he moves to the water dispenser, wets a paper napkin and tries to wipe away the stain.",
348、INT. ALL NIGHT CAFETERIA - NIGHT,doc_347_chunk_2,He blushes as a blonde young streetwalker giggles.,
341、INT. TIMES SQUARE PALACE LOBBY - NIGHT,doc_340_chunk_1,Joe's suitcase on the bed.,Room 1014 warm and inviting.
341、INT. TIMES SQUARE PALACE LOBBY - NIGHT,doc_340_chunk_1,"Listen, tell you what, you can keep all the rest of the goddam junk if you let me have just the suitcase. That suitcase means a lot to me.",Room 1014 warm and inviting.
363、INT. NEDICK'S - DAY,doc_362_chunk_0,Joe turns abruptly and walks away.,
350、EXT. FORTY-SECOND STREET - NIGHT,doc_349_chunk_0,"Joe hurls the crumpled package into a DON'T BE A LITTERBUG basket as he emerges from the subway, his radio at his ear.","Joe emerges from the subway, surrounded by urban street noises and flashing lights."
357、EXT. SIXTH AVENUE - DAY,doc_356_chunk_0,Joe appears in full figure as the bus passes. He stands looking at the suitcases in a luggage shop window.,
349、INT. SUBWAY ARCADE - NIGHT,doc_348_chunk_1,"staring at him tired and hopeless. His hand reaches unconsciously for a cigarette, The package is empty. He crumples it in his fist but holds it.",
349、INT. SUBWAY ARCADE - NIGHT,doc_348_chunk_1,nods,
359、EXT. SIXTH AVENUE - DAY,doc_358_chunk_0,"Joe's fist slams a fender violently, using Ratso's fake injury trick to stop traffic, running across the street toward...",
336、EXT. FORTY-SECOND STREET - NIGHT,doc_335_chunk_0,"For the first time, Joe is aware of the other midnight cowboys lurking in doorways, the cruising queens, the middle-age men in sport shirts.",
336、EXT. FORTY-SECOND STREET - NIGHT,doc_335_chunk_0,"Joe moves on self consciously as he sees a scar-faced policeman, unconsciously massaging his night stick.",
336、EXT. FORTY-SECOND STREET - NIGHT,doc_335_chunk_0,"Joe soaking in the tub, eyes closed.",STILL PHOTOGRAPH
37、INT. BUS RESTROOM - DAY,doc_36_chunk_0,"Joe laughs, flushes, checks his hair in the mirror.",
331、INT. EVERETT'S BAR - NIGHT,doc_330_chunk_0,Joe approaches the bartender.,The saloon during the after dinner lull.
331、INT. EVERETT'S BAR - NIGHT,doc_330_chunk_0,Joe tenses as he sees the tabloid picture of himself on the back of the bartender's paper.,The saloon during the after dinner lull.
331、INT. EVERETT'S BAR - NIGHT,doc_330_chunk_0,"Joe's hand closes around an empty beer bottle, a terrible violence surging very near the surface.",The saloon during the after dinner lull.
371、INT. REMEMBERED CAR - NIGHT,doc_370_chunk_4,Joe held naked by ratpack,
348、INT. ALL NIGHT CAFETERIA - NIGHT,doc_347_chunk_1,"With a polite nod, Joe opens the crackers and squirts one with ketchup.",
348、INT. ALL NIGHT CAFETERIA - NIGHT,doc_347_chunk_1,Joe upsets his chair as a great gob of ketchup spills onto his pants.,
348、INT. ALL NIGHT CAFETERIA - NIGHT,doc_347_chunk_1,Joe glancing around with an embarrassed laugh,
346、INT. BUS DEPOT - NIGHT,doc_345_chunk_0,"Joe is stretched on a bench, his Stetson over his eyes.",
346、INT. BUS DEPOT - NIGHT,doc_345_chunk_0,Joe does not move.,A loud speaker announces a bus 'departing for Texas'.
346、INT. BUS DEPOT - NIGHT,doc_345_chunk_0,Joe rises and starts away with mixed anger and apprehension.,A policeman taps Joe's boots with his night stick.
373、EXT. TIMES SQUARE - DAY,doc_372_chunk_0,"Joe facing the crowd, naked except for his boots.",
355、INT. ALL NIGHT MOVIE RESTROOM - NIGHT,doc_354_chunk_0,"Joe watches the Fat Boy doubled over, retching.",
355、INT. ALL NIGHT MOVIE RESTROOM - NIGHT,doc_354_chunk_0,Joe controls fury,
355、INT. ALL NIGHT MOVIE RESTROOM - NIGHT,doc_354_chunk_0,"Joe grabs his wrist, revealing a watch.",
361、INT. NEDICK'S - DAY,doc_360_chunk_2,"Disgusted, Joe shoves Ratso's small pile back at him.",
361、INT. NEDICK'S - DAY,doc_360_chunk_2,"Joe hesitates, lighting a cigarette as Ratso pulls on his loafers.",
371、INT. REMEMBERED CAR - NIGHT,doc_370_chunk_7,Joe chasing naked after ambulance,
371、INT. REMEMBERED CAR - NIGHT,doc_370_chunk_7,running into the arms of the police,
376、INT. X FLAT - DAY,doc_375_chunk_4,Joe swings violently.,"Inside an apartment, during an argument with Ratso."
378、INT. X FLAT - DAY,doc_377_chunk_1,Joe slams the window down.,
376、INT. X FLAT - DAY,doc_375_chunk_5,"Joe holds the coconut like Yorick's skull, thinking hard.",
376、INT. X FLAT - DAY,doc_375_chunk_6,"Joe sets the coconut on the floor, holding it with both hands",
380、EXT. TIMES SQUARE - FANTASY,doc_379_chunk_0,Joe stands naked in the middle of traffic.,
374、INT. X FLAT - NIGHT,doc_373_chunk_0,"Joe inspects the boots, seats himself on a battered Army cot - which has been added while he slept -- swinging a boot by its strap, considering whether to stay or go.",
376、INT. X FLAT - DAY,doc_375_chunk_1,Joe takes his time rising to hold the coconut while Ratso tries to poke a hole with a bent ice-pick.,
383、INT. SUBWAY ARCADE - NIGHT,doc_382_chunk_1,Joe laughs.,
375、EXT. VEGETABLE MARKET - DAY,doc_374_chunk_2,"Joe intervenes just long enough for Ratso to escape, then ambles on, leaving the Greengrocer in frustrated fury.",
375、EXT. VEGETABLE MARKET - DAY,doc_374_chunk_0,"Joe ambles into the scene, wearing his dangerous little smile.",Sidewalk vegetable stand where Ratso is being confronted by the Greengrocer.
348、INT. ALL NIGHT CAFETERIA - NIGHT,doc_347_chunk_0,"Joe balances a cup of coffee, walking past the other solitary night people, avoiding each other's eyes.",
348、INT. ALL NIGHT CAFETERIA - NIGHT,doc_347_chunk_0,"Joe spots what he's looking for and seats himself next to a gaunt woman and her ten year old son, both freaked out, erratically touching things, themselves, each other in a futile effort to make contact with reality.",
348、INT. ALL NIGHT CAFETERIA - NIGHT,doc_347_chunk_0,But Joe is only concerned with the plastic-wrapped crackers left by their empty soup bowls.,
364、EXT. SIXTH AVENUE - DAY,doc_363_chunk_0,"Joe strides north, pretending he doesn't hear...",
364、EXT. SIXTH AVENUE - DAY,doc_363_chunk_0,"Joe turns to Ratso and says, 'Listen, keep away from me, hear? You come near me again, I snatch you bald-headed!'","At a traffic light, after Ratso approaches Joe."
378、INT. X FLAT - DAY,doc_377_chunk_0,Joe slams his heel down. The coconut shoots out from under him and he lands on his ass.,
349、INT. SUBWAY ARCADE - NIGHT,doc_348_chunk_0,"Joe tries to hide the stain with his jacket as he checks the coin boxes of vending machines, wary as he passes a burly policeman, abstractedly snapping his handcuffs in front of a bakery window display of bride-and-groom wedding cakes.",
349、INT. SUBWAY ARCADE - NIGHT,doc_348_chunk_0,Joe barely glances at a confused MIDDLE-AGE LADY.,
349、INT. SUBWAY ARCADE - NIGHT,doc_348_chunk_0,"Automatically, checking the trough of a gum vending machine, Joe unexpectedly faces himself in the mirror, the eyes",
376、INT. X FLAT - DAY,doc_375_chunk_0,"Joe lies on his cot, watching Ratso struggle to penetrate the fibrous husk of a coconut, experimenting with a variety of rusty tools in an old cigar box.",
374、INT. X FLAT - NIGHT,doc_373_chunk_1,"Joe strikes a match on his thumbnail and lights up, staring at Ratso.",
374、INT. X FLAT - NIGHT,doc_373_chunk_1,Joe makes a slow move to pull on one boot.,
370、INT. X FLAT - DAY,doc_369_chunk_0,Joe forces his eyes half-open.,
370、INT. X FLAT - DAY,doc_369_chunk_0,"Joe shivers, pulls a blanket around him, resisting sleep",
370、INT. X FLAT - DAY,doc_369_chunk_0,"Joe's eyes close, his voice continuing out of half-sleep.",
381、INT. LAUNDROMAT - DAY,doc_380_chunk_0,"Wearing only his boots, Joe sits like an Indian chief, wrapped in a blanket",
374、INT. X FLAT - NIGHT,doc_373_chunk_3,"Joe yawns, picks up a few blankets and spreads them on the cot.",
374、INT. X FLAT - NIGHT,doc_373_chunk_3,He puzzles out the faded printing on one blanket.,
383、INT. SUBWAY ARCADE - NIGHT,doc_382_chunk_0,"Joe kicks loose the padlock on the equipment drawer, mounts one of the chairs",
352、INT. ALL NIGHT MOVIE - NIGHT,doc_351_chunk_1,"Joe leans back, turning his face away as the Fat Boy embraces him, kissing Joe's cheek and neck, his head moving down out of frame","At the top of the balcony, during a movie scene projection involving the spaceman and Martian maiden."
352、INT. ALL NIGHT MOVIE - NIGHT,doc_351_chunk_1,"Joe closes his eyes, forcing his memory back","At the top of the balcony, as the movie scene of the spaceman and Martian maiden continues on screen."
376、INT. X FLAT - DAY,doc_375_chunk_2,Joe jerks his hand away just in time to avoid the ice-pick.,
376、INT. X FLAT - DAY,doc_375_chunk_2,"Joe tries to crack it, swinging his boot like a hammer.",
371、INT. REMEMBERED CAR - NIGHT,doc_370_chunk_0,"Joe's thumbnail flares a match, exposing Anastasia on the car seat with Joe, both nearly naked.",
371、INT. REMEMBERED CAR - NIGHT,doc_370_chunk_0,Anastasia butterfly-kisses Joe's chest as he lights a cigarette.,
371、INT. REMEMBERED CAR - NIGHT,doc_370_chunk_0,Joe says 'Okay. I love you.',
35、INT. BUS - MORNING,doc_34_chunk_0,"Joe awakens, stiff-necked, momentarily confused.",
35、INT. BUS - MORNING,doc_34_chunk_0,"He straightens in his seat as he sees the old Cowhand lifting a sweat-stained saddle down from the overhead rack, starting toward the front of the bus.",
35、INT. BUS - MORNING,doc_34_chunk_0,Joe calls after him.,
35、INT. BUS - MORNING,doc_34_chunk_0,"Joe stuffs a stick of gum in his mouth, turns to wave at the Old Cowhand through the window as the bus pulls away.",
384、INT. X FLAT - DAY,doc_383_chunk_2,"Joe performs his ritual as he speaks, but more relaxed, faintly laughing at himself with Ratso.",
389、INT. BARBIZON FOR WOMEN - NIGHT,doc_388_chunk_0,"Joe starts up the stairs, two at a time.",
392、EXT. BARBIZON FOR WOMEN - NIGHT,doc_391_chunk_0,Joe zip from room to room in wild animation.,
384、INT. X FLAT - DAY,doc_383_chunk_0,"Joe is seated in a straight-back chair near the X window, a towel tucked around his neck as Ratso trims his hair, almost as expert a barber as shoeshine boy.",
393、INT. BARBIZON FOR WOMEN - NIGHT,doc_392_chunk_0,Joe blow a gum bubble at the elevator.,The lobby
395、EXT. FLORIDA BEACH FRONT - FANTASY,doc_394_chunk_0,the same identical picture with Joe sitting beside Ratso.,
391、INT. BARBIZON FOR WOMEN - NIGHT,doc_390_chunk_0,"Joe picks up a house phone, watched by the Bellhop.",
406、INT. X FLAT - NIGHT,doc_405_chunk_0,"Joe and Ratso frozen, wrapped in blankets as...",
404、INT. X FLAT - NIGHT,doc_403_chunk_0,"Joe and Ratso frozen, staring significantly at Joe's radio.",
372、INT. X FLAT - NIGHT,doc_371_chunk_0,"Joe awakens in a cold sweat, fighting the blankets, wild-eyed as he sees Ratso at the table, examining Joe's radio by candle-light.",
372、INT. X FLAT - NIGHT,doc_371_chunk_0,Joe lunges across the room to snatch the radio from Ratso's hands.,
372、INT. X FLAT - NIGHT,doc_371_chunk_0,"Still wild-eyed, Joe suddenly points at his stocking feet.",
409、INT. X FLAT - NIGHT,doc_408_chunk_1,Joe slams ten dollars on the table.,
367、INT. X FLAT - DAY,doc_366_chunk_1,"Joe sits himself on the mattress-bed, pretending to test it, weeks of exhaustion and tension overwhelming him.",
367、INT. X FLAT - DAY,doc_366_chunk_1,"Suddenly, his only immediate problem being the effort to restrain a large, comfortable yawn.",
367、INT. X FLAT - DAY,doc_366_chunk_1,"Joe stretches himself, yawning, his eyelids drooping heavily.",
367、INT. X FLAT - DAY,doc_366_chunk_1,Joe's eyes close momentarily in spite of himself.,
409、INT. X FLAT - NIGHT,doc_408_chunk_0,"Joe, trying to light the empty Sterno can, deliberately ignoring Ratso.",
384、INT. X FLAT - DAY,doc_383_chunk_4,"Joe slaps his hat on Ratso's head, tilts it, hooks Ratso's thumbs in his jeans and shoves a cigarette into the corner of Ratso's mouth.",
350、EXT. FORTY-SECOND STREET - NIGHT,doc_349_chunk_1,"Joe joins the other midnight cowboys, offering himself to all comers.","From a high angle, across the street, Joe is among other midnight cowboys."
350、EXT. FORTY-SECOND STREET - NIGHT,doc_349_chunk_1,"Joe self-consciously trying to hide the stain on his pants, embarrassed as a large sedan slows then moves on to stop in front of a motorcycle freak.","After being momentarily obliterated by traffic, Joe is seen trying to hide a stain on his pants."
350、EXT. FORTY-SECOND STREET - NIGHT,doc_349_chunk_1,"Joe in close conversation with a frightened young FAT BOY, whose eyes plead for reassurance as Joe scowls.","After a police car passes, Joe is revealed in close conversation with a frightened young boy."
403、EXT. CONDEMNED TENEMENTS - DAY,doc_402_chunk_0,"Joe and Ratso frozen in a narrow shaft of sunlight, watching the huge metal ball demolish the building next door.",
41、INT. BUS - DAY,doc_40_chunk_0,"Joe laughs as he passes the bottle, trying to sing along without knowing the words",
382、INT. HAT CLEANERS - DAY,doc_381_chunk_0,Joe sets it on his head and examines himself in a mirror,"At a laundromat counter, after receiving his clean Stetson."
382、INT. HAT CLEANERS - DAY,doc_381_chunk_0,Joe stands waiting at the counter,"At a laundromat counter, with Ratso, awaiting their laundry."
388、EXT. BARBIZON FOR WOMEN - NIGHT,doc_387_chunk_0,"Joe cracks his gum, tilts his hat, starts across the street.",Joe and Ratso watch from across the street as a doorman helps a young lady into a limousine.
405、EXT. PAWN SHOP - DAY,doc_404_chunk_0,Joe and Ratso watch the pawnbroker examine Joe's radio,Through the window -- Joe and Ratso watch the pawnbroker examine Joe's radio.
409、INT. X FLAT - NIGHT,doc_408_chunk_2,Joe throws it back at Ratso.,
409、INT. X FLAT - NIGHT,doc_408_chunk_2,Joe shoves the ten at Ratso.,
410、EXT. EAST RIVER BRIDGE - DAY,doc_409_chunk_0,"Joe and Ratso cross an foot, chilled by wind, neither wearing the sheepskin coat.",High angle shot: Joe and Ratso are walking along the Queens riverfront.
417、EXT. LOFT BUILDING - NIGHT,doc_416_chunk_0,"Joe and Ratso run, heads lowered, turning into...",
408、EXT. FORTY-SECOND STREET - NIGHT,doc_407_chunk_0,"Joe stands alone, watching the midnight cowboys ply their trade.",
408、EXT. FORTY-SECOND STREET - NIGHT,doc_407_chunk_0,"Joe turns away and enters a store front blood bank, offering ten dollars to blood donors.",
419、INT. MACALBERTSONS' LOFT - NIGHT,doc_418_chunk_5,Joe laughs delightedly when he realizes what it is,
39、INT. BUS - DAY,doc_38_chunk_1,"JOE Jesus goddam Christ, I ain't laughed so hard since I was out at Fort Benning, Georgia.",
39、INT. BUS - DAY,doc_38_chunk_1,"JOE What? Oh, hell no. Motor pool mostly...(shakes his head) Kee-rist...",
424、INT. TAXICAB - NIGHT,doc_423_chunk_0,Joe rolls down the window.,
419、INT. MACALBERTSONS' LOFT - NIGHT,doc_418_chunk_8,Joe laughing as he dances for a moment with a tall black girl,
371、INT. REMEMBERED CAR - NIGHT,doc_370_chunk_5,"Fat Boy's mouth finds Joe's breast, tries to nurse",
371、INT. REMEMBERED CAR - NIGHT,doc_370_chunk_5,Sally Buck kisses him open-mouthed,
371、INT. REMEMBERED CAR - NIGHT,doc_370_chunk_5,"slug crawls up Joe's stomach, trailing mucus",
371、INT. REMEMBERED CAR - NIGHT,doc_370_chunk_5,Cass's poodle laps at his toes,
371、INT. REMEMBERED CAR - NIGHT,doc_370_chunk_5,butterflies settle on his eyes,
371、INT. REMEMBERED CAR - NIGHT,doc_370_chunk_5,"Joe running into Times Square, suddenly naked",
413、EXT. CATHOLIC CEMETERY - DAY,doc_412_chunk_1,Joe reads from the ribbon on the floral display.,
413、EXT. CATHOLIC CEMETERY - DAY,doc_412_chunk_1,"Joe is frowning, standing at the headstone, momentarily depressed with an undefined sorrow.",
419、INT. MACALBERTSONS' LOFT - NIGHT,doc_418_chunk_7,"Joe reaching for the stars as he rises and wanders back to the crowded loft, fascinated to see",
422、INT. MACALBERTSON LANDING - NIGHT,doc_421_chunk_0,"Joe turns to Ratso, whose attention is fixed on the coats.",
407、EXT. CONDEMNED TENEMENTS - DAY,doc_406_chunk_0,Joe and Ratso warm themselves on the smoke and steam rising from a subway grating -- watching two officials in fur collared coats inspect the front of their X flat building.,
407、EXT. CONDEMNED TENEMENTS - DAY,doc_406_chunk_0,"Reading their doom, Joe and Ratso, continue on, disappearing into the subway.",
421、INT. MACALBERTSONS' LOFT - NIGHT,doc_420_chunk_7,Joe joins them.,"Scene involving a funeral procession in a loft, with five youths waiting to be pallbearers."
416、INT. LUNCH COUNTER - EVENING,doc_415_chunk_4,Joe sees a young man washing cups behind the counter.,
416、INT. LUNCH COUNTER - EVENING,doc_415_chunk_4,"Joe shakes his head, wonderingly, turning to study himself in the mirror.",
425、EXT. VILLAGE STREET - NIGHT,doc_424_chunk_0,"Joe leans out of the taxi window, waving his Stetson, bellowing at the snow.",
418、INT. LOFT BUILDING - NIGHT,doc_417_chunk_0,"Joe has started up before he notices Ratso, leaning on the bannister at the foot of the stairs, struggling to catch his breath.","A drab entrance hall, dimly lit, with signs identifying various commercial tenants."
419、INT. MACALBERTSONS' LOFT - NIGHT,doc_418_chunk_4,"Joe starts after him but pauses, intrigued by an alcove under the balcony where a light show is in progress -- surreal images of naked bodies projected against abstract currents of color and strobe light...",
419、INT. MACALBERTSONS' LOFT - NIGHT,doc_418_chunk_0,"Joe and Ratso enter, standing confused as a bearded cameraman on a step-ladder photographs them.",
419、INT. MACALBERTSONS' LOFT - NIGHT,doc_418_chunk_0,Joe shouts over the amplified music.,
421、INT. MACALBERTSONS' LOFT - NIGHT,doc_420_chunk_1,Joe laughs.,
421、INT. MACALBERTSONS' LOFT - NIGHT,doc_420_chunk_1,"Joe shrugs, grinning at Ratso and Shirley.",
39、INT. BUS - DAY,doc_38_chunk_0,"Joe is now sitting in the wide rear seat, between two young MARINES and a group of VETERANS wearing campaign caps and convention buttons, passing a bottle, singing ""From the Balls of Montezuma to the Shores of Tripoli...""",
39、INT. BUS - DAY,doc_38_chunk_0,"Joe follows the conversation between a VETERAN and a MARINE, participating only because he's sitting beside them, adopting a remembered military stance.",
429、INT. SHIRLEY'S BATHROOM - MORNING,doc_428_chunk_0,Joe is sprinkling an expensive cologne into his boots.,
427、INT. SHIRLEY'S BEDROOM - NIGHT,doc_426_chunk_2,"Close on Joe -- watching Shirley closely, reacting.",
427、INT. SHIRLEY'S BEDROOM - NIGHT,doc_426_chunk_2,He reacts sharply.,
413、EXT. CATHOLIC CEMETERY - DAY,doc_412_chunk_0,"Joe touches his hat to two nuns, guiltily hurrying to overtake Ratso at ibis father's grave, indistinguishable from the other graves except for the name on the headstone.","At a cemetery with plain stone markers, near Ratso's father's grave."
413、EXT. CATHOLIC CEMETERY - DAY,doc_412_chunk_0,Joe laughs.,"At a cemetery with plain stone markers, near Ratso's father's grave."
427、INT. SHIRLEY'S BEDROOM - NIGHT,doc_426_chunk_0,"Joe lies on his back, staring fixedly at a fragile mobile hanging from the ceiling, stirring listlessly.",
427、INT. SHIRLEY'S BEDROOM - NIGHT,doc_426_chunk_0,"Joe finds a cigarette on the side table, searches for matches.",
432、INT. CHAIN DRUG STORE - DAY,doc_431_chunk_0,Joe slaps down money to pay for an assortment of medicine.,
427、INT. SHIRLEY'S BEDROOM - NIGHT,doc_426_chunk_1,"Joe finds the matches, lights up and lies back, staring at the mobile as he smokes, still not looking at Shirley.",
427、INT. SHIRLEY'S BEDROOM - NIGHT,doc_426_chunk_1,"Joe sits up, looking at her.",
419、INT. MACALBERTSONS' LOFT - NIGHT,doc_418_chunk_6,"Joe puffing himself slightly dizzy, starting to laugh at the silent flick effect of the strobe light",
419、INT. MACALBERTSONS' LOFT - NIGHT,doc_418_chunk_6,"a similar veil around Joe's head, relaxing the self-conscious tension of his face, spontaneously curious about the play of light on his hand, grinning at...",
433、INT. CONDEMNED TENEMENT - DAY,doc_432_chunk_0,Joe takes the stairs two at a time to burst in on...,
434、INT. X FLAT - DAY,doc_433_chunk_3,Joe takes it and sets it on the table.,
427、INT. SHIRLEY'S BEDROOM - NIGHT,doc_426_chunk_5,Joe glances up,
427、INT. SHIRLEY'S BEDROOM - NIGHT,doc_426_chunk_5,"Joe spells out MONY, down from the M in MAN",
434、INT. X FLAT - DAY,doc_433_chunk_6,Joe sets his Stetson on his head.,
416、INT. LUNCH COUNTER - EVENING,doc_415_chunk_2,"Joe sees the MacAlbertsons in the mirror, standing behind him, studying him.",
416、INT. LUNCH COUNTER - EVENING,doc_415_chunk_2,"Joe studies the black card, frowning at first, suddenly smiling, turning as if to call after the MacAlbertsons, but they are disappearing around the corner.",
416、INT. LUNCH COUNTER - EVENING,doc_415_chunk_2,Joe hands the card to Ratso.,
418、INT. LOFT BUILDING - NIGHT,doc_417_chunk_1,"Joe reads the panic in Ratso's eyes, so intense that Joe shares it, unable to speak nor offer reassurance.",
418、INT. LOFT BUILDING - NIGHT,doc_417_chunk_1,"Joe pulls out his shirttail, grabs Ratso by the neck and rubs his head dry.",
418、INT. LOFT BUILDING - NIGHT,doc_417_chunk_1,Joe hands Ratso his own comb.,
427、INT. SHIRLEY'S BEDROOM - NIGHT,doc_426_chunk_9,Joe's problem is solved.,
427、INT. SHIRLEY'S BEDROOM - NIGHT,doc_426_chunk_9,Joe's objective is to retain his initiative.,
427、INT. SHIRLEY'S BEDROOM - NIGHT,doc_426_chunk_10,Joe's elbows pinning her shoulders,
427、INT. SHIRLEY'S BEDROOM - NIGHT,doc_426_chunk_10,Joe laughing as he falls lopsidedly,
427、INT. SHIRLEY'S BEDROOM - NIGHT,doc_426_chunk_10,his hand closing on her wrist,
43、INT. BUS - DAY,doc_42_chunk_0,"Joe slaps one of the Veterans on the back, trying to follow the song into ""Off we go, into the wild blue yonder...""",
421、INT. MACALBERTSONS' LOFT - NIGHT,doc_420_chunk_0,Joe realizes he is back at the party,
421、INT. MACALBERTSONS' LOFT - NIGHT,doc_420_chunk_0,Joe is watching with terrible fascination as Hansel and Gretel lift the flower girl from her sarcophagus,
421、INT. MACALBERTSONS' LOFT - NIGHT,doc_420_chunk_0,Joe glances down to see himself flanked by Ratso and Shirley,
443、INT. TOWNY'S BEDROOM-SITTING ROOM - NIGHT,doc_442_chunk_0,ignored by Joe,
423、INT. LOFT BUILDING LOBBY - NIGHT,doc_422_chunk_0,Joe is kissed violently by Shirley at the foot of the stairs.,"At the foot of the stairs, after Shirley makes a comment about Joe's name."
423、INT. LOFT BUILDING LOBBY - NIGHT,doc_422_chunk_0,Joe is laughing when Ratso lands at the foot of the stairs.,"At the foot of the stairs, after Ratso falls clownishly while descending the bannister."
437、EXT./INT. METROPOLE - DUSK,doc_436_chunk_0,"Joe lingers momentarily, identifying with the violence in a jazz drummer, his eyes searching for a pickup.",
436、EXT. TIMES SQUARE - DUSK,doc_435_chunk_0,"Joe loiters outside a gag headline print shop, his eyes following a man in homburg and chesterfield.",
430、INT. SHIRLEY'S BEDROOM - MORNING,doc_429_chunk_0,"Joe appears, grinning.",
430、INT. SHIRLEY'S BEDROOM - MORNING,doc_429_chunk_0,"Joe's voice: Well, ma'am -- Shirley -- I sure hate to trouble you, but...",
427、INT. SHIRLEY'S BEDROOM - NIGHT,doc_426_chunk_12,her other hand wildly exploring Joe's back,
427、INT. SHIRLEY'S BEDROOM - NIGHT,doc_426_chunk_12,"the blanket suddenly ripping free, flying into the air as her arm flings itself around Joe",
427、INT. SHIRLEY'S BEDROOM - NIGHT,doc_426_chunk_12,her ankles locking spasmodically,
446、EXT. TENEMENT NEIGHBORHOOD - DAY,doc_445_chunk_0,Joe hails a cab.,
444、INT. TENEMENT STAIRS - DAY,doc_443_chunk_0,"Joe carries Ratso down the stairs, wrapped in a blanket.",
447、INT. TOWNY'S BATHROOM - NIGHT,doc_446_chunk_0,Joe searches with increasing desperation for something of value.,
449、INT. TOWNY'S BATHROOM - NIGHT,doc_448_chunk_0,Joe is rehearsing the speech in the bathroom mirror.,
448、EXT. GREYHOUND BUS TERMINAL - DAY,doc_447_chunk_0,Joe lifts Ratso from the taxi and carries him inside.,
45、INT. BUS - DAY,doc_44_chunk_0,"Joe is leaning across the two Marines, staring out of the window",
450、INT. GREYHOUND BUS TERMINAL - DAY,doc_449_chunk_0,"Joe stands in a long line, glancing impatiently at the clock",
455、INT. TOWNY'S BEDROOM-SITTING ROOM - NIGHT,doc_454_chunk_0,Joe's voice is angry.,
420、INT. MACALBERTSON BATHROOM - NIGHT,doc_419_chunk_0,"Joe standing at the bathroom door, forgetting to be embarrassed as Shirley turns away from the mirror, unhurriedly, running her fingers through her hair, boldly meeting Joe's eyes.",Bathroom scene: Joe observes Shirley after she looks at herself in the mirror.
420、INT. MACALBERTSON BATHROOM - NIGHT,doc_419_chunk_0,"Joe grins, watching Shirley's lips move, unable to keep her in sync, startled to hear Ratso's voice.",Bathroom scene: Joe reacts to Shirley speaking while becoming aware of Ratso's voice.
438、INT. ARCADE - DUSK,doc_437_chunk_0,Joe tests his skills in a shoot-down with a large metal cowboy and kills him,
438、INT. ARCADE - DUSK,doc_437_chunk_0,Joe glances off as he hears polite applause,
427、INT. SHIRLEY'S BEDROOM - NIGHT,doc_426_chunk_3,"Extreme close-up of Joe -- frowning, puzzled...","Inside a room, Joe is playing a word game with Shirley."
427、INT. SHIRLEY'S BEDROOM - NIGHT,doc_426_chunk_3,"Joe concentrating on a game, spread out on the sheet, consisting of nine dice lettered on all sides, Scrabble fashion, while a sand timer counts the seconds.","Inside a room, Joe is playing a word game with Shirley."
445、INT. TOWNY'S BEDROOM-SITTING ROOM - NIGHT,doc_444_chunk_0,Joe finds the last egg roll and eats it as Towny's voice drones on.,Inside a room with a coffee table littered with empty cartons of Chinese food.
431、INT. MEN'S STORE - DAY,doc_430_chunk_0,"Joe slaps a bill on the counter, admiring a fine new cowboy shirt in the mirror, wriggling new white socks into his boots.",
431、INT. MEN'S STORE - DAY,doc_430_chunk_0,"Suddenly remembering, he goes to the sock rack and buys two pairs, one large and one small.",
445、INT. TOWNY'S BEDROOM-SITTING ROOM - NIGHT,doc_444_chunk_1,"Joe glances around the room, looking for something to steal, losing personal contact with Towny, viewing him as an object to be used for a specific purpose.",
456、INT. GREYHOUND BUS TERMINAL - DAY,doc_455_chunk_0,Joe carries Ratso up the steps onto the bus.,
455、INT. TOWNY'S BEDROOM-SITTING ROOM - NIGHT,doc_454_chunk_2,"Towny clutches the table, staring at Joe, shaking his head",
384、INT. X FLAT - DAY,doc_383_chunk_1,"Joe chokes on the cigarette in his mouth, coughing painfully.",
384、INT. X FLAT - DAY,doc_383_chunk_1,"Joe crushes it out, opens the window to spit, shivering, then slam it and turns back to remove the towel from Joe's neck.",
384、INT. X FLAT - DAY,doc_383_chunk_1,"Joe says, 'Kee-rist, you pretty damn clever for a skimpy little gimp.'",
384、INT. X FLAT - DAY,doc_383_chunk_1,"Joe says, 'Don't rush me.'",
384、INT. X FLAT - DAY,doc_383_chunk_1,"Joe explains, 'How I do it, see, I get myself primed, like I was turning on the charm for some pretty little blonde lady, then kinda mosey away slow and easy and - swing around! -- and there you are, you handsome devil.'",
451、INT. TOWNY'S BEDROOM-SITTING ROOM - NIGHT,doc_450_chunk_0,"Joe moves into frame past camera, standing in front of him, so that we can see the scene from behind Joe's waist.",
435、INT. PHONE BOOTH - DAY,doc_434_chunk_0,"Joe strikes a match with his thumbnail and watches it curl away while he waits, hearing a phone ring.",
435、INT. PHONE BOOTH - DAY,doc_434_chunk_0,Joe hangs up while the answering service's voice is still talking. The match has burned out. Joe flips it away.,
453、INT. TOWNY'S BEDROOM-SITTING ROOM - NIGHT,doc_452_chunk_0,Joe's face is puzzled then angry as Towny takes a Saint Christopher medal from his sack and hands it to Joe.,
415、EXT. JEWISH CEMETERY - DAY,doc_414_chunk_0,"Joe frowns, puzzled, as Ratso pulls out a black skullcap, leading Joe toward a group of professional mourners",
415、EXT. JEWISH CEMETERY - DAY,doc_414_chunk_0,Joe and Ratso join the mourners as the funeral moves to the grave,
415、EXT. JEWISH CEMETERY - DAY,doc_414_chunk_0,"Joe standing self-consciously, aware of the covert glances of the other mourners, automatically reaching up to remove his hat, remembering when Ratso elbows him in the ribs",
415、EXT. JEWISH CEMETERY - DAY,doc_414_chunk_0,"Joe scowling, tight-lipped, embarrassed by the tip that is thrust in his hand",
465、INT. GREYHOUND BUS - NIGHT,doc_464_chunk_1,Joe nods.,
434、INT. X FLAT - DAY,doc_433_chunk_0,"Joe stops abruptly, his mood shattered by Ratso's alarming condition.",
434、INT. X FLAT - DAY,doc_433_chunk_0,"They simply stare at each other for a moment, then Joe turns away to see soup heating on the Sterno stove.",
434、INT. X FLAT - DAY,doc_433_chunk_0,Joe tosses one of his paper bags onto Ratso's lap.,
463、INT. GREYHOUND BUS - DAY,doc_462_chunk_0,"Joe watches a middle-aged couple try on their new straw hats, unaware that Joe is watching them.",
452、INT. GREYHOUND BUS TERMINAL - DAY,doc_451_chunk_0,"Joe's face is expectant, next in line at the ticket window.",
452、INT. GREYHOUND BUS TERMINAL - DAY,doc_451_chunk_0,He nods reassuringly toward Ratso.,
459、INT. TOWNY'S BEDROOM-SITTING ROOM - NIGHT,doc_458_chunk_0,Joe is about to hang the dead receiver on its hook when on sudden impulse -- he shoves the small end of the receiver into the toothless mouth of the man on the floor.,
471、INT. GREYHOUND BUS - DAY,doc_470_chunk_5,Joe closes Ratso's eyes.,
455、INT. TOWNY'S BEDROOM-SITTING ROOM - NIGHT,doc_454_chunk_4,"Joe stands in panic, sickened, unable to fulfill the role Towny has assigned him.",
455、INT. TOWNY'S BEDROOM-SITTING ROOM - NIGHT,doc_454_chunk_4,Suddenly Joe jerks the lamp free of its socket.,
467、INT. GREYHOUND BUS - DAWN,doc_466_chunk_0,"Joe frowns in his sleep, awakens, lifts his Stetson to see Ratso wide awake, in misery, wiping tears from his eyes.",
469、INT. GREYHOUND BUS - DAY,doc_468_chunk_1,"Joe arranges the blanket, takes out a package of cigarettes, glances at Ratso and puts it away.",
57、INT. ROOM 1014 - DAY,doc_56_chunk_0,Joe watches the Panel Host,
465、INT. GREYHOUND BUS - NIGHT,doc_464_chunk_0,"Joe is frowning at Ratso, who shivers despite the bright sun.",
465、INT. GREYHOUND BUS - NIGHT,doc_464_chunk_0,Keep the goddam blanket on.,
5、INT. CAFETERIA SCULLERY (TEXAS) - DAY,doc_4_chunk_2,"Joe stacks dishes, surrounded by frustrated ladies. He laughs tolerantly.",
49、INT. BUS - DAY,doc_48_chunk_0,"Joe crowded as the veterans prepare to leave the bus, lifting down banners and flags.",
59、INT. ROOM 1014 - DAY,doc_58_chunk_0,"Joe sits on the edge of the bed, watching the poodles primp.",
63、INT. ROOM 1014 - DAY,doc_62_chunk_0,"Joe's pen wavers, starts to write and stops.",
467、INT. GREYHOUND BUS - DAWN,doc_466_chunk_1,"Joe laughs suddenly, uncontrollably.",
467、INT. GREYHOUND BUS - DAWN,doc_466_chunk_1,"Joe nods, laughing",
467、INT. GREYHOUND BUS - DAWN,doc_466_chunk_1,Joe pats him on the back.,
67、EXT. TIMES SQUARE PALACE HOTEL - DAY,doc_66_chunk_0,Camera zooms up to a close-up of Joe at the window.,
455、INT. TOWNY'S BEDROOM-SITTING ROOM - NIGHT,doc_454_chunk_3,Joe backhands him angrily.,
455、INT. TOWNY'S BEDROOM-SITTING ROOM - NIGHT,doc_454_chunk_3,"Joe grabs his hair, turning his face up.",
455、INT. TOWNY'S BEDROOM-SITTING ROOM - NIGHT,doc_454_chunk_3,Joe slaps him,
455、INT. TOWNY'S BEDROOM-SITTING ROOM - NIGHT,doc_454_chunk_3,Joe strikes him with his fist.,
5、INT. CAFETERIA SCULLERY (TEXAS) - DAY,doc_4_chunk_0,JOE BUCK grins at the wall as he scrapes garbage.,"Inside a kitchen, Joe Buck is cleaning near a dishwashing machine with scandalous pinups on the wall."
468、EXT. SMALL TOWN STREET - DAY,doc_467_chunk_1,Joe pays.,
468、EXT. SMALL TOWN STREET - DAY,doc_467_chunk_1,"Joe smiles, starts on toward the bus, hardly aware that he has accomplished something rare and remarkable for Joe -- a simple human contact without fear or threat, a pleasant everyday happening.",
68、EXT. FIFTH AVENUE - DAY,doc_67_chunk_0,the Stetson moves through a crowd of Fifth Avenue shoppers...,
455、INT. TOWNY'S BEDROOM-SITTING ROOM - NIGHT,doc_454_chunk_5,"Joe threatens, swings the lamp down, but stops short of hitting Towny.",
455、INT. TOWNY'S BEDROOM-SITTING ROOM - NIGHT,doc_454_chunk_5,Joe has to step over him to reach the wallet in the drawer.,
455、INT. TOWNY'S BEDROOM-SITTING ROOM - NIGHT,doc_454_chunk_5,He takes all the money -- probably twice what he needs -- desperate to get out of the room.,
61、INT. ROOM 1014 - DAY,doc_60_chunk_0,"Joe rises, flipping the dial of the radio to a cultured woman's voice reading ""...the Dow Jones averages, brought you by Morgan Vandercook. Up your income with sound investment counseling...""",
455、INT. TOWNY'S BEDROOM-SITTING ROOM - NIGHT,doc_454_chunk_1,Joe close behind him -- almost knocking the lamp off the table in his fright.,
455、INT. TOWNY'S BEDROOM-SITTING ROOM - NIGHT,doc_454_chunk_1,JOE (takes the bill),
455、INT. TOWNY'S BEDROOM-SITTING ROOM - NIGHT,doc_454_chunk_1,I gotta have more'n ten. I gotta have fifty-seven dollars.,
455、INT. TOWNY'S BEDROOM-SITTING ROOM - NIGHT,doc_454_chunk_1,Get outta my way.,
72、EXT. PARK AVENUE - DAY,doc_71_chunk_1,Joe follows her to the parkway in the middle of the avenue.,
471、INT. GREYHOUND BUS - DAY,doc_470_chunk_4,Joe follows the Driver to the rear of the bus.,
471、INT. GREYHOUND BUS - DAY,doc_470_chunk_4,Joe nods no.,
471、INT. GREYHOUND BUS - DAY,doc_470_chunk_4,Joe reaches over and closes Ratso's eyes.,
471、INT. GREYHOUND BUS - DAY,doc_470_chunk_3,"Joe rises slowly, starting forward in the bus",
471、INT. GREYHOUND BUS - DAY,doc_470_chunk_3,"pausing when he reaches... the DRIVER, staring out at the Sunshine Parkway with the Driver, leaning over so he won't have to speak too loudly",
471、INT. GREYHOUND BUS - DAY,doc_470_chunk_1,"Joe glances at Ratso, but there is no response.",
471、INT. GREYHOUND BUS - DAY,doc_470_chunk_1,"Surreptitiously, Joe takes out a cigarette, turns his face away from Ratso and lights it, hiding it cupped in his hand as he smokes.",
65、INT. ROOM 1014 - DAY,doc_64_chunk_0,"Joe stares at the postcard, bemused",
65、INT. ROOM 1014 - DAY,doc_64_chunk_0,"Joe rises abruptly, rips up the postcard and tosses it out the window",
71、EXT. JEWELRY STORE - DAY,doc_70_chunk_0,"Joe grins, glances at himself in the window, runs a comb through his hair, then turns back to see a cop helping the mod blonde.",
74、INT. APARTMENT HOUSE ELEVATOR - DAY,doc_73_chunk_0,Joe enters the elevator.,"Inside an elevator, after Cass holds the door open for him."
55、INT. ROOM 1014 - DAY,doc_54_chunk_0,"Joe sets his radio on the dresser, his suitcase on the bed, then turns to examine his new home -- as anonymous as his Texas hotel room -- but boasting a coin-operated television set.",
55、INT. ROOM 1014 - DAY,doc_54_chunk_0,"Fascinated, Joe inserts a quarter.",
472、INT. GREYHOUND BUS - DAY,doc_471_chunk_0,"Joe sits stiffly, very frightened, as the bus starts on.",
472、INT. GREYHOUND BUS - DAY,doc_471_chunk_0,"he glances at Ratso, frowning",
472、INT. GREYHOUND BUS - DAY,doc_471_chunk_0,"reaches out an arm and puts it around Ratso, settling back, staring straight ahead.",
461、INT. GREYHOUND BUS - DAY,doc_460_chunk_0,Joe and Ratso sit near the rear of the bus.,On a bus during a long trip.
461、INT. GREYHOUND BUS - DAY,doc_460_chunk_0,Both nod for a moment in silence.,On a bus during a long trip.
461、INT. GREYHOUND BUS - DAY,doc_460_chunk_0,Joe says these guys're good drivers.,On a bus during a long trip.
461、INT. GREYHOUND BUS - DAY,doc_460_chunk_0,Joe says yeah.,On a bus during a long trip.
471、INT. GREYHOUND BUS - DAY,doc_470_chunk_0,Joe leans across to pull down the shade.,
471、INT. GREYHOUND BUS - DAY,doc_470_chunk_0,"He hesitates a moment, watching... ... past his reflection, a group of young men on their way to work, carrying lunch pails, dressed exactly as Joe is now dressed...",
471、INT. GREYHOUND BUS - DAY,doc_470_chunk_0,Joe lowers the blind and seats himself.,
469、INT. GREYHOUND BUS - DAY,doc_468_chunk_0,Joe blocks the view of the other passengers as he helps Ratso into a new pair of corduroy pants and a Florida shirt.,
469、INT. GREYHOUND BUS - DAY,doc_468_chunk_0,"Joe shakes his head, scowling, annoyed, but continues, lifting Ratso enough to slide the pants around his waist.",
469、INT. GREYHOUND BUS - DAY,doc_468_chunk_0,Joe zips the fly.,
72、EXT. PARK AVENUE - DAY,doc_71_chunk_2,Joe Buck says he was not joking and means business about the Statue of Liberty.,
72、EXT. PARK AVENUE - DAY,doc_71_chunk_2,Joe Buck tells the Rich Lady she is pretty.,
75、INT. CASS'S APARTMENT - DAY,doc_74_chunk_0,"Joe steps from the elevator, which opens directly onto Cass's penthouse.","Scene: Cass's penthouse, as the elevator opens."
78、INT. CASS'S BEDROOM - DAY,doc_77_chunk_5,Joe tries to laugh but it sticks in his throat as Cass speaks,
78、INT. CASS'S BEDROOM - DAY,doc_77_chunk_4,"Joe stands mute as she cups his chin in her hand, seductively.",
73、EXT. LEXINGTON AVENUE - DAY,doc_72_chunk_0,"Joe grins, holding his hat over his heart as he approaches CASS TREHUNE, a blonde lady in a tight black dress, with the look of a movie star who wrecked her career with food.",
457、INT. TOWNY'S BEDROOM-SITTING ROOM - NIGHT,doc_456_chunk_0,Joe glances back.,
457、INT. TOWNY'S BEDROOM-SITTING ROOM - NIGHT,doc_456_chunk_0,Joe knocks the phone from his hand.,
457、INT. TOWNY'S BEDROOM-SITTING ROOM - NIGHT,doc_456_chunk_0,Joe hits Towny in the mouth.,
457、INT. TOWNY'S BEDROOM-SITTING ROOM - NIGHT,doc_456_chunk_0,Joe jerks the cord from the wall as Towny falls -- gagging -- finally dislodging his dentures on the carpet.,
457、INT. TOWNY'S BEDROOM-SITTING ROOM - NIGHT,doc_456_chunk_0,"Joe stands sick and confused, holding the useless phone in two hands.",
7、INT. STALL SHOWER - DAY,doc_6_chunk_0,"Joe sings as he soaps himself, ""Whoopee ti yi yo, git along little dogies, for you know New York will be your new home!""",
7、INT. STALL SHOWER - DAY,doc_6_chunk_0,Sound and image freeze on Joe's open mouth.,
78、INT. CASS'S BEDROOM - DAY,doc_77_chunk_7,"Joe tucks a twenty-dollar bill into her bosom, tilts his Stetson and starts out.",
75、INT. CASS'S APARTMENT - DAY,doc_74_chunk_1,Joe's hand unzipping her dress.,
75、INT. CASS'S APARTMENT - DAY,doc_74_chunk_1,The poodle tugs at Joe's slacks until they fall.,
468、EXT. SMALL TOWN STREET - DAY,doc_467_chunk_0,"Joe comes from a clothing store, bare-headed, wearing plain slacks and sport-shirt. He carries the boots, Stetson and cowboy suit in one hand, a bundle under his arm.","Outside a clothing store, near a parked bus."
468、EXT. SMALL TOWN STREET - DAY,doc_467_chunk_0,He dumps his cowboy regalia in the trash bin of a sandwich stand,"Outside a sandwich stand, after leaving a clothing store."
468、EXT. SMALL TOWN STREET - DAY,doc_467_chunk_0,calls to the WAITRESS,"Outside a sandwich stand, after dumping his cowboy clothes."
80、INT. EVERETT'S BAR - DAY,doc_79_chunk_6,Joe scowls as Jackie appears with the tall farm boy.,
471、INT. GREYHOUND BUS - DAY,doc_470_chunk_2,"Joe smoking, looking at the other people on the bus, brighter without the shades down.",
471、INT. GREYHOUND BUS - DAY,doc_470_chunk_2,"Joe turns, checking the blanket around Ratso, noticing that Ratso is sitting in a peculiarly stiff, awkward position.",
471、INT. GREYHOUND BUS - DAY,doc_470_chunk_2,"Joe leans over to straighten Ratso's head, blocking our view for a moment.",
471、INT. GREYHOUND BUS - DAY,doc_470_chunk_2,"Joe leans back, frowning, thoughtful.",
79、EXT. LEXINGTON AVENUE - DAY,doc_78_chunk_0,Joe walks away from the apartment house,"From a high angle, chorus continuing O.S. ""... they say you are taking the sunshine that brightened our pathway a while."""
80、INT. EVERETT'S BAR - DAY,doc_79_chunk_3,Joe is refilling Ratso's beer glass as he speaks,"In a booth, with the TV screen in the background showing a mating game program"
78、INT. CASS'S BEDROOM - DAY,doc_77_chunk_3,"Joe grins, relieved as she takes out a gold lame purse and opens it.",
78、INT. CASS'S BEDROOM - DAY,doc_77_chunk_3,"He frowns as she folds it upside down, empty.",
84、INT. PUBLIC PHONE BOOTH - DUSK,doc_83_chunk_0,"Joe holds the door open, listening.",
80、INT. EVERETT'S BAR - DAY,doc_79_chunk_1,"Joe Buck says the shirt ain't cheap and that he'd say it was an all right shirt, and mentions he doesn't like to have a lot of cheap stuff on his back.",
72、EXT. PARK AVENUE - DAY,doc_71_chunk_4,he sees himself move into frame and follow the Rich Lady up the steps,"Scene involving the Rich Lady climbing the steps of a brownstone, from Joe's viewpoint"
72、EXT. PARK AVENUE - DAY,doc_71_chunk_4,"leaving Joe standing alone on the parkway island, surrounded by towering wealth",After the Rich Lady enters the house and closes the door
83、EXT. CENTRAL PARK SOUTH - COCKTAIL HOUR,doc_82_chunk_2,Joe peels a ten from his wallet and offers it to Ratso.,
61、INT. ROOM 1014 - DAY,doc_60_chunk_1,"Joe leaves the lady on, savoring the expensive sound of her voice reading the stock quotations.",
61、INT. ROOM 1014 - DAY,doc_60_chunk_1,"Joe seats himself at the desk, pleased to find a postcard photograph of the hotel.",
61、INT. ROOM 1014 - DAY,doc_60_chunk_1,"He picks up a ballpoint pen, counts ten floors up from the street and marks a huge X -- THIS IS ME, then turns the card over, pen poised over the address blank.",
80、INT. EVERETT'S BAR - DAY,doc_79_chunk_0,"Joe sits at the bar, staring morosely at his image in the mirror, already quite drunk, oblivious to the assorted types hiding from daylight in the barn-like saloon, waiting for night to fall.",
87、INT. WEST SIDE HOTEL CORRIDOR - DUSK,doc_86_chunk_2,Joe starts along the corridor looking for 901.,
89、INT. WEST SIDE HOTEL CORRIDOR - DUSK,doc_88_chunk_4,"Joe laughs, driving an obscene uppercut into the air.",
86、INT. WEST SIDE HOTEL ELEVATOR - DUSK,doc_85_chunk_0,Joe grins excitedly at Ratso,
86、INT. WEST SIDE HOTEL ELEVATOR - DUSK,doc_85_chunk_0,Ratso follows Joe to door,
98、EXT. TIMES SQUARE - NIGHT,doc_97_chunk_0,Joe at his hotel window staring out blankly.,STILL PHOTOGRAPH: Joe at his hotel window.
78、INT. CASS'S BEDROOM - DAY,doc_77_chunk_2,"Joe zips her dress, follows her to the dressing table, where she sprays her hair with lacquer.",
78、INT. CASS'S BEDROOM - DAY,doc_77_chunk_2,"Joe Don't know what line Morey's in, but myself now, fact is -- I'm a hustler.",
78、INT. CASS'S BEDROOM - DAY,doc_77_chunk_2,"JOE Beg pardon, ma'am?",
80、INT. EVERETT'S BAR - DAY,doc_79_chunk_2,"Reaching for a cigarette, Joe glances at Jackie, startled as Jackie twitches his pink levis angrily and turns away.",
80、INT. EVERETT'S BAR - DAY,doc_79_chunk_2,"Joe Buck from Texas and I'm gonna buy you a drink, what do you say to that?",
80、INT. EVERETT'S BAR - DAY,doc_79_chunk_2,slaps bar,
78、INT. CASS'S BEDROOM - DAY,doc_77_chunk_6,Joe stands bewildered by the vastness of her grief.,
78、INT. CASS'S BEDROOM - DAY,doc_77_chunk_6,"Joe waves his wallet at her, but she only cries louder.",
78、INT. CASS'S BEDROOM - DAY,doc_77_chunk_6,He hands her a kleenex.,
78、INT. CASS'S BEDROOM - DAY,doc_77_chunk_6,"Joe leans over the bed, whispering in her ear",
78、INT. CASS'S BEDROOM - DAY,doc_77_chunk_1,"Joe turns to look as Cass comes from the bathroom, holding a towel around her as she runs behind the closet door.",
78、INT. CASS'S BEDROOM - DAY,doc_77_chunk_1,Joe says he sure has enjoyed being here and believes it's as fine a time as he's had in his life.,
78、INT. CASS'S BEDROOM - DAY,doc_77_chunk_1,Joe says it's good and mentions he guesses he didn't tell Cass why he came to New York.,
89、INT. WEST SIDE HOTEL CORRIDOR - DUSK,doc_88_chunk_0,"Joe finds 901 at a dark end of the corridor, knocks confidently, hearing a few bars of his love theme as he stuffs a fresh stick of gum in his mouth.","Corridor outside room 901, just before O'Daniel opens the door."
72、EXT. PARK AVENUE - DAY,doc_71_chunk_0,Joe's heels drag as he walks a deserted block of luxury apartment houses.,
72、EXT. PARK AVENUE - DAY,doc_71_chunk_0,Joe's spirits rise as he hears the tic-tac-tic of high heels overtaking the heavy click-clack-click of his boots.,
72、EXT. PARK AVENUE - DAY,doc_71_chunk_0,He adjusts his pace to arrive at the corner at the same time as a smart and -- in Joe's eyes -- very RICH LADY.,
72、EXT. PARK AVENUE - DAY,doc_71_chunk_0,"Joe grins boyishly, holding his Stetson over his heart.",
78、INT. CASS'S BEDROOM - DAY,doc_77_chunk_0,"Joe turns away from a small terrace, buckling his belt, glancing off toward the sound of Cass in the shower.",
78、INT. CASS'S BEDROOM - DAY,doc_77_chunk_0,"He flicks the TV remote control, enjoying his power, ignoring the silent images on the screen -- battle casualties, a pretty girl recommending aspirin, a man's stomach flashing animated pain, starving war refugees, a dog eating pzazz -- flicking it off to concentrate on the costume jewelry and perfume bottles on Cass's dressing table.",
81、EXT. SIXTH AVENUE - DAY,doc_80_chunk_1,"Joe hesitates as Ratso darts into traffic against a red light, yelling unheard obscenities at a cab driver who blasts his horn.",
81、EXT. SIXTH AVENUE - DAY,doc_80_chunk_1,"Joe runs recklessly forward as Ratso slams the taxi fender with his fist, pretending to be hit, falling into Joe's arms.",
93、EXT. TIMES SQUARE - NIGHT,doc_92_chunk_0,"Joe runs in aimless panic, pushing through the crowd, pursued by O'Daniel's voice and the singing congregation.",
93、EXT. TIMES SQUARE - NIGHT,doc_92_chunk_0,Joe stops short as he sees the front page of a tabloid on a newsstand.,
99、INT. SHOOTING GALLERY - DAY,doc_98_chunk_0,"Joe moves on, unconsciously checking the coin return box of a pay phone.",
99、INT. SHOOTING GALLERY - DAY,doc_98_chunk_0,"Joe curled up on his bed like a baby, fully dressed, his radio on the night stand.",STILL PHOTOGRAPH
87、INT. WEST SIDE HOTEL CORRIDOR - DUSK,doc_86_chunk_1,Joe digs in wallet,
87、INT. WEST SIDE HOTEL CORRIDOR - DUSK,doc_86_chunk_1,Joe gives the money to Ratso,
87、INT. WEST SIDE HOTEL CORRIDOR - DUSK,doc_86_chunk_1,Joe asks where he can reach Ratso,
87、INT. WEST SIDE HOTEL CORRIDOR - DUSK,doc_86_chunk_1,Joe insists on knowing where Ratso lives,
94、EXT. FORTY-SECOND STREET - NIGHT,doc_93_chunk_0,"Joe searches the faces of the crowd, running forward suddenly as he sees Jackie and the farmboy picked up by two men in a large convertible.",
94、EXT. FORTY-SECOND STREET - NIGHT,doc_93_chunk_0,"Joe chases the car to Eighth Avenue but stops, frightened as he sees himself in multiple image on the front of every newspaper displayed on a newsstand.",
9、INT. HOTEL ROOM - DAY,doc_8_chunk_0,"Wrapped in a towel, singing in front of his dresser mirror, Joe sprays himself with deodorant, aiming a last playful blast at the unseen crotch -- freezing song and image as CREDITS continue over...",
9、INT. HOTEL ROOM - DAY,doc_8_chunk_0,"Joe rips the wrapping from a new Stetson and sets it on his head, freezing song and image as CREDITS continue.",
100、EXT. FORTY-SECOND STREET - NIGHT,doc_99_chunk_0,"For the first time, Joe is aware of the other midnight cowboys lurking in doorways, the cruising queens, the middle-age men in sport shirts.",
100、EXT. FORTY-SECOND STREET - NIGHT,doc_99_chunk_0,"Joe moves on self consciously as he sees a scar-faced policeman, unconsciously massaging his night stick.",
100、EXT. FORTY-SECOND STREET - NIGHT,doc_99_chunk_0,"Joe soaking in the tub, eyes closed.",STILL PHOTOGRAPH
95、INT. EVERETT'S BAR - NIGHT,doc_94_chunk_0,Joe approaches the bartender.,The saloon during the after dinner lull.
95、INT. EVERETT'S BAR - NIGHT,doc_94_chunk_0,Joe tenses as he sees the tabloid picture of himself on the back of the bartender's paper.,The saloon during the after dinner lull.
95、INT. EVERETT'S BAR - NIGHT,doc_94_chunk_0,"Joe's hand closes around an empty beer bottle, a terrible violence surging very near the surface.",The saloon during the after dinner lull.
