doc_title,chunk_id,text,scene_context
104、INT. CASINO - NIGHT,doc_103_chunk_2,"Thank you, Benjamin!",
101、INT. CASINO - CONTINUOUS,doc_100_chunk_1,This can't be good.,
104、INT. CASINO - NIGHT,doc_103_chunk_0,Will you STOP?!?!,
101、INT. CASINO - CONTINUOUS,doc_100_chunk_0,What the HELL are you doing with tape on your face?,
11、EXT. HONG KONG STREET - NIGHT,doc_10_chunk_1,"Hang on, Lee. I'm coming.",
104、INT. CASINO - NIGHT,doc_103_chunk_1,When are you people gonna learn? Don't mess with the brothas!,
113、EXT./INT. LEE'S CAR - CONTINUOUS,doc_112_chunk_0,Deng wa lu yun cai-shen wu.,
118、INT. RAVEN CLUB - CONTINUOUS,doc_117_chunk_3,You mean Tito. We had Toto for dinner last night.,
109、INT. LIMOUSINE - CONTINUOUS,doc_108_chunk_0,"We made it, man.","Scene: In the back of a limo, immediately after landing; Carter speaks to Lee, expressing relief and excitement about surviving the landing."
105、INT. PENTHOUSE SUITE - CONTINUOUS,doc_104_chunk_2,"Hey, Ricky, how's it going man? What's up, Lee?",Scene: Carter greets Ricky and Lee; Lee has a gun pressed to Tan's head.
101、INT. CASINO - CONTINUOUS,doc_100_chunk_6,You go after Ricky. I got this.,"Scene: Midway up a carpeted area, Carter instructs Lee to pursue Ricky while he deals with Hu Li, who survived the blast."
118、INT. RAVEN CLUB - CONTINUOUS,doc_117_chunk_0,"Are you kidding, they love me. I'm a star, Lee. A god to these people!",Karaoke stage performance; Carter speaks to Lee during a performance in front of a Chinese audience.
113、EXT./INT. LEE'S CAR - CONTINUOUS,doc_112_chunk_3,Not Mu-shu. Mu-shu. I want to see some women. Now stop playing dumb and show me the shu!,"Scene: Carter is with Lee, flipping through a dictionary; he demands to see 'the shu' after correcting Lee's pronunciation."
121、EXT. HONG KONG STREET - NIGHT,doc_120_chunk_1,"Hang on, Lee. I'm coming.",
12、EXT. ROOF - CONTINUOUS,doc_11_chunk_1,Freeze! Nobody move!,"Scene: On a rooftop, Carter confronts individuals before noticing Lee in danger."
117、INT. RAVEN CLUB - BACK HALL - NIGHT,doc_116_chunk_0,"Get closer to my body now. And just love me, till you don't know how...",Scene: Lee hears Carter's voice-over singing 'DON'T STOP 'TIL YOU GET ENOUGH' while observing Triads counting money in a private room.
116、INT. RAVEN CLUB - NIGHT,doc_115_chunk_0,Blend in? I'm two feet taller than everyone here. Where you going?,"Scene: In a dark, upscale club filled with gangsters, beautiful girls, and civilians. Carter speaks to Lee as they enter the club, commenting on blending in and asking about Lee's departure."
119、EXT. RAVEN CLUB - NIGHT,doc_118_chunk_0,Stop! LAPD!,"Scene: In the street, Carter shouts at Hu Li and several gangsters as they round a corner; Lee begins chasing them on foot."
118、INT. RAVEN CLUB - CONTINUOUS,doc_117_chunk_6,I come back and catch y'all singing Michael Jackson and you're all going to jail.,Scene during a performance where Carter addresses gangsters leaving; he warns them about consequences if caught.
121、EXT. HONG KONG STREET - NIGHT,doc_120_chunk_2,Forget this...,"Scene: Below, in a stairwell, Carter speaks to himself after the bar breaks and two gangsters land beside him."
107、INT. PENTHOUSE SUITE - NIGHT,doc_106_chunk_0,"I don't know about you, but I need a wine cooler.","Scene: On a rooftop after a confrontation, Carter speaks to Lee as they look down at the street."
107、INT. PENTHOUSE SUITE - NIGHT,doc_106_chunk_0,Please tell me she just asked for a ride to the airport.,"Scene: On the same rooftop, Carter speaks to Lee as Hu Li approaches with a bomb, expressing hope that her intentions are harmless."
101、INT. CASINO - CONTINUOUS,doc_100_chunk_8,I'm not gonna hold you back this time just because you're a woman. I'm gonna pretend you're a man.,
101、INT. CASINO - CONTINUOUS,doc_100_chunk_8,A very beautiful man with a perfect body who I'd like to take to the movies.,
101、INT. CASINO - CONTINUOUS,doc_100_chunk_8,I may have been absent the day we went over this in karate class.,
110、INT. LAS VEGAS AIRPORT - NIGHT,doc_109_chunk_2,"In that case, I got something for you.",
110、INT. LAS VEGAS AIRPORT - NIGHT,doc_109_chunk_2,About fifty grand. I won it at the tables.,
110、INT. LAS VEGAS AIRPORT - NIGHT,doc_109_chunk_2,"It's okay, I got lots more.",
110、INT. LAS VEGAS AIRPORT - NIGHT,doc_109_chunk_2,"They owe us, man. That's the least they can do.",
115、EXT. RAVEN CLUB - NIGHT,doc_114_chunk_1,Just relax and don't worry about a thing. I'll hook you up in there. You got condoms?,"Scene: Carter is preparing Lee before entering a place, offering reassurance and asking about condoms."
115、EXT. RAVEN CLUB - NIGHT,doc_114_chunk_1,Take this. It's a Magnum. You can fold it in half.,"Scene: Carter gives Lee a condom, providing instructions on how to use it."
116、INT. RAVEN CLUB - NIGHT,doc_115_chunk_1,How you boys doing tonight?,"Bathroom: Carter speaks to two Chinese thugs at the bar, attempting to engage them in conversation."
116、INT. RAVEN CLUB - NIGHT,doc_115_chunk_1,That is the worst singing I've ever heard. That sounds like something you'd hear in prison after lights out.,Bathroom: Carter comments on the old man's singing while sitting next to two Chinese thugs at the bar.
122、EXT. ROOF - CONTINUOUS,doc_121_chunk_1,Freeze! Nobody move!,"Scene: On a rooftop, Carter confronts individuals after arriving out of breath; he notices Lee hanging below just before being attacked by Hu Li."
118、INT. RAVEN CLUB - CONTINUOUS,doc_117_chunk_2,Tread softly? Who taught you how to roost a bar?,
118、INT. RAVEN CLUB - CONTINUOUS,doc_117_chunk_2,"Man, are you crazy? You think that scares me? I'm from L.A. We invented gangs. We were having gang wars before anybody even thought about it. We get royalties from other gangs. Now gimme your badge and gun and I'll show you how it's done.",
124、EXT. MONASTERY SCHOOL - EARLY MORNING,doc_123_chunk_5,That's pretty good. Which one of you kids did that?,
110、INT. LAS VEGAS AIRPORT - NIGHT,doc_109_chunk_0,"I saw that. She kissed you, didn't she? You played it cool, though. Walking away, never looking back.","Scene: At an airport, Carter speaks to Lee after Lee says goodbye to Isabella; the conversation is about Isabella kissing Lee."
110、INT. LAS VEGAS AIRPORT - NIGHT,doc_109_chunk_0,That your gate down there?,"Scene: At an airport, Carter speaks to Lee while they watch Isabella board her plane; the conversation is about Lee's departure."
105、INT. PENTHOUSE SUITE - CONTINUOUS,doc_104_chunk_4,"Lee, wait a second. It's not worth it, man. He's making you do this.",Scene: Confrontation involving Lee and Ricky Tan; Carter tries to dissuade Lee from taking action.
105、INT. PENTHOUSE SUITE - CONTINUOUS,doc_104_chunk_4,"C'mon, Lee. He's going to jail. You won, now just put the gun down.",Scene: Confrontation involving Lee and Ricky Tan; Carter urges Lee to de-escalate the situation.
110、INT. LAS VEGAS AIRPORT - NIGHT,doc_109_chunk_1,I'm this way. I guess this is goodbye.,Scene or location not specified: Carter speaks to Lee during their farewell.
110、INT. LAS VEGAS AIRPORT - NIGHT,doc_109_chunk_1,"You take care of yourself, Lee.",Scene or location not specified: Carter speaks to Lee during their farewell.
110、INT. LAS VEGAS AIRPORT - NIGHT,doc_109_chunk_1,"Your father's badge? No way, man. I can't take this.",Scene or location not specified: Carter speaks to Lee as Lee offers him a badge.
114、INT. SUPERINDENDENT CHIN'S OFFICE - NIGHT,doc_113_chunk_1,What was that? Did you just pick up a case? Did we just take another damn case on my vacation?,"Scene or location not specified; Carter speaks to Lee, reacting to the possibility of taking on a new case during his vacation."
114、INT. SUPERINDENDENT CHIN'S OFFICE - NIGHT,doc_113_chunk_1,"Don't be messing with me, Lee. I will kick your ass. I'll hit you so hard you'll end up in the Ming Dynasty.","Scene or location not specified; Carter speaks to Lee, threatening him in response to being teased."
127、EXT. HEAVEN ON EARTH MASSAGE PARLOR - DAY,doc_126_chunk_0,I am a tourist.,"Scene or location not specified: Carter responds to Lee, who is instructing him to act like a tourist."
124、EXT. MONASTERY SCHOOL - EARLY MORNING,doc_123_chunk_0,"I'm telling you right now, I'm tired of
this shit. There's two billion Chinese -
let one of them be your partner.",Courtyard: Carter expresses frustration to Lee about being chosen as Master Fu's partner.
113、EXT./INT. LEE'S CAR - CONTINUOUS,doc_112_chunk_1,I warned you about playing that shit when I'm in the car.,"Scene: Inside a car, Carter speaks to Lee about the music being played."
113、EXT./INT. LEE'S CAR - CONTINUOUS,doc_112_chunk_1,Did you see the way those girls drove off? I did you a favor.,"Scene: Inside a car, Carter speaks to Lee about the girls who drove away."
113、EXT./INT. LEE'S CAR - CONTINUOUS,doc_112_chunk_1,All I did was invite them for a drink.,"Scene: Inside a car, Carter speaks to Lee about his interaction with the girls."
12、EXT. ROOF - CONTINUOUS,doc_11_chunk_2,All I wanted was a little mu-shu.,"Scene: Hanging onto a bending bamboo pole, Carter speaks to Lee as they struggle to survive."
12、EXT. ROOF - CONTINUOUS,doc_11_chunk_2,I can't believe I flew ten-thousand miles for this shit.,"Scene: Hanging above a rancid dumpster, Carter speaks to Lee as the bamboo pole is about to break."
129、INT. QUIET ROOM MASSAGE PARLOR - DAY,doc_128_chunk_4,I told you to get on your feet!,
115、EXT. RAVEN CLUB - NIGHT,doc_114_chunk_0,That's what I'm talking about. A real Hong Kong night club.,"Outside the Raven Club, Carter comments on the club as he and Lee arrive, spotting two women entering."
115、EXT. RAVEN CLUB - NIGHT,doc_114_chunk_0,You want an Altoid?,"Outside the Raven Club, Carter offers Lee an Altoid as they walk to the club entrance."
115、EXT. RAVEN CLUB - NIGHT,doc_114_chunk_0,You better take one. Your breath has been a little funky all day. Let me look at you.,"Outside the Raven Club, Carter insists Lee take an Altoid, commenting on his breath."
113、EXT./INT. LEE'S CAR - CONTINUOUS,doc_112_chunk_2,"I said that? Which word was ""goat""?","Scene: Inside a room, Carter is checking a Chinese-English dictionary while talking to Lee about a misunderstanding in translation."
113、EXT./INT. LEE'S CAR - CONTINUOUS,doc_112_chunk_2,"Don't be giving me attitude, Lee. I've been here three days and we haven't done shit. We haven't been to a club, haven't even talked to a girl. I'm on vacation, and I want some mu-shu.","Scene: Inside a room, Carter confronts Lee about their lack of activity during his visit, expressing frustration over not experiencing entertainment or socializing."
126、EXT. MONASTERY SCHOOL - CONTINUOUS,doc_125_chunk_0,And that's how you use the LAPD choke hold. Now start practicing and don't make me come back here!,"Scene: Carter demonstrates a choke hold on multiple students, instructing them before leaving."
129、INT. QUIET ROOM MASSAGE PARLOR - DAY,doc_128_chunk_7,Damn! No wonder you're pissed off.,
118、INT. RAVEN CLUB - CONTINUOUS,doc_117_chunk_5,"Okay, all the Triads and ugly women go to that side, all fine ass women on this side.",
118、INT. RAVEN CLUB - CONTINUOUS,doc_117_chunk_5,"Let's try this again. Who here knows Ricky Tan, raise your hand.",
118、INT. RAVEN CLUB - CONTINUOUS,doc_117_chunk_5,Who here is named Lee? Raise your hand.,
118、INT. RAVEN CLUB - CONTINUOUS,doc_117_chunk_5,Now I know you're lying.,
118、INT. RAVEN CLUB - CONTINUOUS,doc_117_chunk_4,"Deng wa lu yun, shen wu wattu masu wang lui.","Scene: On stage in a bar, Carter speaks in Chinese to the crowd after firing shots into the ceiling."
118、INT. RAVEN CLUB - CONTINUOUS,doc_117_chunk_4,What'd I say?,"Scene: On stage in a bar, Carter whispers to Lee after speaking in Chinese."
118、INT. RAVEN CLUB - CONTINUOUS,doc_117_chunk_4,"Shit. C'mon, get up here and help me out.","Scene: On stage in a bar, Carter speaks to Lee after realizing his mistake."
128、INT. HEAVEN ON EARTH MASSAGE PARLOR - CONTINUOUS,doc_127_chunk_2,She said I could pick any girl I want.,
128、INT. HEAVEN ON EARTH MASSAGE PARLOR - CONTINUOUS,doc_127_chunk_2,Hey! You don't break in front of a black man in a buffet line.,
118、INT. RAVEN CLUB - CONTINUOUS,doc_117_chunk_1,I knew you were lying.,Scene context not specified: Carter confronts Lee in a gangster bar while undercover.
118、INT. RAVEN CLUB - CONTINUOUS,doc_117_chunk_1,"Damn it, why are you ruining my night?
I'm just starting to have fun.",Scene context not specified: Carter expresses frustration to Lee in a gangster bar while undercover.
118、INT. RAVEN CLUB - CONTINUOUS,doc_117_chunk_1,"Well fine then, go ahead, pull your
badge and do your thing.","Scene context not specified: Carter speaks to Lee in a gangster bar while undercover, after learning Lee wants to reveal their identity."
124、EXT. MONASTERY SCHOOL - EARLY MORNING,doc_123_chunk_3,"I was watching you kids. My name is Carter, LAPD, and I'm a third degree black belt. At least that's what I tell the girls at the Holiday Health Spa where I work out.","Carter stands in front of the YEAR OLDS in a fighting circle, introducing himself while warming up."
101、INT. CASINO - CONTINUOUS,doc_100_chunk_5,Why didn't you tell me you had a bomb in your mouth?,Scene: Inside a casino after an explosion; Carter is speaking to Lee about the bomb.
101、INT. CASINO - CONTINUOUS,doc_100_chunk_5,No you didn't!,Scene: Inside a casino after an explosion; Carter is arguing with Lee about whether Lee warned him of the bomb.
101、INT. CASINO - CONTINUOUS,doc_100_chunk_5,What?!?!,Scene: Inside a casino; Carter reacts to Lee's revelation that Ricky Tan is alive.
101、INT. CASINO - CONTINUOUS,doc_100_chunk_5,Hold on!,Scene: Inside a casino; Carter calls out to Lee as Lee runs toward the elevators.
133、INT. LEE'S OFFICE - DAY,doc_132_chunk_2,And you ain't black!,
122、EXT. ROOF - CONTINUOUS,doc_121_chunk_2,All I wanted was a little mu-shu.,"Scene where Carter and Lee are holding onto a bending bamboo pole, about to fall; Carter speaks to Lee."
122、EXT. ROOF - CONTINUOUS,doc_121_chunk_2,I can't believe I flew ten-thousand miles for this shit.,Scene where Carter is looking down at a rancid dumpster below as the pole breaks; speaking in a moment of despair with Lee.
129、INT. QUIET ROOM MASSAGE PARLOR - DAY,doc_128_chunk_3,"Ricky Tan, I've been looking all over
for you. Get up.",
129、INT. QUIET ROOM MASSAGE PARLOR - DAY,doc_128_chunk_3,I said get on your feet!,
129、INT. QUIET ROOM MASSAGE PARLOR - DAY,doc_128_chunk_6,I'd like to pay you for that laptop.,
129、INT. QUIET ROOM MASSAGE PARLOR - DAY,doc_128_chunk_6,"That's Chief Inspector, he got promoted.",
131、EXT. HONG KONG POLICE STATION - DAY,doc_130_chunk_0,Goddamn you got a small ass.,"A packed street, Carter is speaking to Lee while they are dodging in and out of people."
124、EXT. MONASTERY SCHOOL - EARLY MORNING,doc_123_chunk_4,Let me give you kids some tips. The key to Kung Fu is the follow through. Why don't you stand up.,
124、EXT. MONASTERY SCHOOL - EARLY MORNING,doc_123_chunk_4,"Go ahead, kick me, hit me. I'll show you how to block. Come on, stand up, give me your best shot -- try to kick right to my head.",
129、INT. QUIET ROOM MASSAGE PARLOR - DAY,doc_128_chunk_2,I'm a dangerous man. You're not gonna ruin my massage because of some midget in a house coat.,Scene: Inside a room during a massage; Carter speaks to Lee about a dangerous situation involving a small man in a house coat.
129、INT. QUIET ROOM MASSAGE PARLOR - DAY,doc_128_chunk_5,Let's go. I've got girls and chicken and hot oil waiting for me.,"Scene: At a location with reclining chairs, Carter speaks to Lee and Ricky Tan as tension rises with the arrival of Ricky Tan's men."
14、EXT. MONASTERY SCHOOL - EARLY MORNING,doc_13_chunk_5,That's pretty good. Which one of you kids did that?,
135、INT. LEE'S OFFICE - CONTINUOUS,doc_134_chunk_0,"Captain, you're gonna have to speak up. I'm on a car phone!","Scene: Carter is on a car phone with the Captain, sitting at Lee's desk, taking cash from a drawer."
139、EXT. HONG KONG STREET - DAY,doc_138_chunk_1,"No man, I was just asking...","Scene: Outside a store, Carter speaks with a man who misunderstands his intentions toward the man's sister."
137、EXT. STREET - DAY,doc_136_chunk_0,How you doing? Can you direct me to the Heaven on Earth massage parlor?,"Scene: At an outdoor butcher market, Carter speaks to an old woman selling live birds, asking for directions to a massage parlor."
123、INT. LEE'S UNMARKED POLICE CAR - LATER THAT NIGHT,doc_122_chunk_0,You lied to me.,Scene: Car in Hong Kong; Carter confronts Lee about a lie while they are driving.
123、INT. LEE'S UNMARKED POLICE CAR - LATER THAT NIGHT,doc_122_chunk_0,"You're sorry. I got somebody's old chopsticks stuck in my ass, so don't tell me you're sorry. Just take me home.","Scene: Car in Hong Kong; Carter speaks to Lee after being covered in garbage, expressing frustration."
123、INT. LEE'S UNMARKED POLICE CAR - LATER THAT NIGHT,doc_122_chunk_0,"So that Ricky Tan, he's the one who blew up the Embassy?",Scene: Car in Hong Kong; Carter speaks to Lee after learning about an explosion at the American Embassy.
128、INT. HEAVEN ON EARTH MASSAGE PARLOR - CONTINUOUS,doc_127_chunk_0,How you doin'?,"In an upscale massage parlor lobby, Carter greets the hostess upon arrival with Lee."
128、INT. HEAVEN ON EARTH MASSAGE PARLOR - CONTINUOUS,doc_127_chunk_0,Never leave home without it.,"In the massage parlor lobby, Carter shows his Platinum AmEx to the hostess."
128、INT. HEAVEN ON EARTH MASSAGE PARLOR - CONTINUOUS,doc_127_chunk_0,"Lee, this one's on me. You save your money.","In the massage parlor lobby, Carter speaks to Lee after showing his credit card."
141、EXT. HEAVEN ON EARTH MASSAGE PARLOR - AFTERNOON,doc_140_chunk_0,I'm gonna solve this case myself. Taxi!,"Carter is outside a massage parlor, observing Ricky Tan leave; he speaks to himself or the environment as he flags down a cab."
14、EXT. MONASTERY SCHOOL - EARLY MORNING,doc_13_chunk_0,"I'm telling you right now, I'm tired of
this shit. There's two billion Chinese -
let one of them be your partner.",Courtyard: Carter expresses frustration to Lee about being chosen as Master Fu's partner.
145、EXT. YACHT - HARBOR - NIGHT,doc_144_chunk_0,Stay here. I'll be right back. You understand?,On the docks near a 190-foot yacht; Carter speaks to the cab driver before approaching the party boat.
146、INT. YACHT - NIGHT,doc_145_chunk_2,Can you do that? That's why you're down here and I'm up there. Now this is my party -- don't forget it!,
110、INT. LAS VEGAS AIRPORT - NIGHT,doc_109_chunk_3,"Come on, Lee. Stop being a cop for five minutes and live it up. There must be something you want.",Scene where Carter encourages Lee to relax and enjoy life; Carter is speaking to Lee about desires and taking a break.
110、INT. LAS VEGAS AIRPORT - NIGHT,doc_109_chunk_3,New York City?,Scene where Carter and Lee discuss travel plans; Carter is speaking to Lee about going to New York City.
110、INT. LAS VEGAS AIRPORT - NIGHT,doc_109_chunk_3,The Plaza Hotel?,"Scene where Carter and Lee continue discussing their ideal vacation; Carter is speaking to Lee, suggesting accommodations in New York."
110、INT. LAS VEGAS AIRPORT - NIGHT,doc_109_chunk_3,Some Kung-Pao?,Scene where Carter and Lee talk about food during their vacation fantasy; Carter is speaking to Lee about Chinese cuisine.
110、INT. LAS VEGAS AIRPORT - NIGHT,doc_109_chunk_3,I could use a little vacation.,Scene where Carter reflects on the idea of taking a break; Carter is speaking to Lee after their shared moment of imagining a trip.
14、EXT. MONASTERY SCHOOL - EARLY MORNING,doc_13_chunk_2,"I was watching you kids. My name is Carter, LAPD, and I'm a third degree black belt. At least that's what I tell the girls at the Holiday Health Spa where I work out.","Carter addresses a group of young martial artists in a fighting circle, introducing himself and his background."
153、INT. SHIP'S HALLWAY - CONTINUOUS,doc_152_chunk_0,"All right, get your hands up.",
148、EXT. YACHT - CONTINUOUS,doc_147_chunk_2,"I'm sorry, you looked like you traveled
in the best circles. But hey, I
understand. Make yourself at home,
Isabella. Champagne, caviar, whatever
you want. My ship is your ship.",
133、INT. LEE'S OFFICE - DAY,doc_132_chunk_0,Back to Heaven on Earth. I need my damn passport back. I'm going home.,"Scene: Inside Lee's place, Carter speaks to Lee about leaving and retrieving his passport."
133、INT. LEE'S OFFICE - DAY,doc_132_chunk_0,"Why you mad at me? You needed back-up, so I backed you up. I was about to take out Ricky Tan and those bodyguards.","Scene: Inside Lee's place, Carter speaks to Lee, defending his actions during a previous confrontation."
149、INT. SHIP'S HALLWAY - NIGHT,doc_148_chunk_0,Yeah. Tell us! And don't play games or we'll kick your lying ass!,"Scene: Inside a building near a staircase, Carter is with Lee and a bodyguard; Carter demands information about Ricky Tan's location."
148、EXT. YACHT - CONTINUOUS,doc_147_chunk_5,Wait a second. You're Steven Reign? You're big time. You own all them big hotels. What are you doing in Hong Kong?,"Scene: On a yacht, Carter speaks to Steven Reign after realizing he is on the wrong yacht."
129、INT. QUIET ROOM MASSAGE PARLOR - DAY,doc_128_chunk_1,"Now I'm on vacation. I knew you'd come through, Lee.","Scene: In a room, Carter speaks to Lee after arriving."
129、INT. QUIET ROOM MASSAGE PARLOR - DAY,doc_128_chunk_1,What's wrong?,"Scene: In a room, Carter notices Lee staring at someone and asks what is happening."
129、INT. QUIET ROOM MASSAGE PARLOR - DAY,doc_128_chunk_1,"That's Ricky Tan? He's four feet tall. I'll go over with you right now, shake him down.","Scene: In a room, Carter reacts to seeing Ricky Tan and offers to confront him with Lee."
14、EXT. MONASTERY SCHOOL - EARLY MORNING,doc_13_chunk_3,Let me give you kids some tips. The key to Kung Fu is the follow through. Why don't you stand up.,
14、EXT. MONASTERY SCHOOL - EARLY MORNING,doc_13_chunk_3,"Go ahead, kick me, hit me. I'll show you how to block. Come on, stand up, give me your best shot -- try to kick right to my head.",
158、EXT. DOCK - NIGHT,doc_157_chunk_5,Ask me if I give a shit.,
137、EXT. STREET - DAY,doc_136_chunk_1,"No, I don't eat live birds. I like my birds dead and deep fried. You ever been to Popeyes?",
137、EXT. STREET - DAY,doc_136_chunk_1,"No, don't do that, I had a big lunch.",
137、EXT. STREET - DAY,doc_136_chunk_1,"I'm warning you, I'm a police officer -- just put the blade down and let the bird go.",
136、INT. CAPTAIN DIEL'S OFFICE - LAPD HEADQUARTERS - DAY,doc_135_chunk_0,"Hong Kong? I'm not in Hong Kong. I'm in Hollywood -- right at Sunset and Vine, two minutes from the station. How about I pick you up right now and take you to dinner?","Phone conversation with Captain Diel, discussing Carter's location and making dinner plans."
136、INT. CAPTAIN DIEL'S OFFICE - LAPD HEADQUARTERS - DAY,doc_135_chunk_0,"Did I say dinner? I meant diner. Biscuits and gravy, you love that shit.","Phone conversation with Captain Diel, correcting a previous statement about dinner."
128、INT. HEAVEN ON EARTH MASSAGE PARLOR - CONTINUOUS,doc_127_chunk_1,No. It's my first time.,"Scene: Carter is shown a room with twenty beautiful women by the Hostess, who asks if he has had a massage from a Chinese girl before."
128、INT. HEAVEN ON EARTH MASSAGE PARLOR - CONTINUOUS,doc_127_chunk_1,Any girl? Okay. Let's start with that one.,"Scene: Carter is shown a room with twenty beautiful women by the Hostess, who tells him he can pick any girl for himself and his friend."
128、INT. HEAVEN ON EARTH MASSAGE PARLOR - CONTINUOUS,doc_127_chunk_1,She is nice. But I am very tense. I'm gonna need a lot of massages. I'll take,"Scene: Carter is in a room with twenty beautiful women, commenting on one of them while expressing his need for multiple massages."
136、INT. CAPTAIN DIEL'S OFFICE - LAPD HEADQUARTERS - DAY,doc_135_chunk_1,Two hundred cops? Was Mario Sanchez there? He owes me money.,"Scene involving Captain Diel and Carter; Captain Diel shares news about his nomination for the Commissioner's post, and Carter responds with a question about Mario Sanchez."
136、INT. CAPTAIN DIEL'S OFFICE - LAPD HEADQUARTERS - DAY,doc_135_chunk_1,"Is it because of the hookers, sir? You tell them there's no crime in being lonely.",Scene involving Captain Diel and Carter; Carter responds to Captain Diel's statement about not having a chance at the Commissioner's post.
139、EXT. HONG KONG STREET - DAY,doc_138_chunk_0,How you doing? I'm looking for Heaven on Earth.,Street scene: Carter stops a man who is sweeping in front of his store; he is asking for directions to a place called Heaven on Earth.
139、EXT. HONG KONG STREET - DAY,doc_138_chunk_0,"Shan-shui cao guo-jiu, pao gai niu tao zi.",Street scene: Carter speaks a phrase from an English/Chinese dictionary while showing it to a man he has stopped.
155、INT. SHIP'S HALLWAY - CONTINUOUS,doc_154_chunk_0,"You wanna piece of me? C'mon, I'll give you a little LAPD ass kickin'.","Scene: Carter confronts Hu Li, challenging him before being attacked."
150、INT. RICKY TAN'S YACHT - MAIN CABIN - NIGHT,doc_149_chunk_1,"I ain't his partner, I'm a tourist. I got proof. See, I got a mini-bar key.","Scene on a ship or similar location: Carter clarifies his relationship with Lee to Ricky Tan, asserting he is not Lee's partner but a tourist, while being asked to wait outside."
13、INT. LEE'S UNMARKED POLICE CAR - LATER THAT NIGHT,doc_12_chunk_0,You lied to me.,Scene: Car in Hong Kong; Carter confronts Lee after being covered in garbage.
13、INT. LEE'S UNMARKED POLICE CAR - LATER THAT NIGHT,doc_12_chunk_0,"You're sorry. I got somebody's old chopsticks stuck in my ass, so don't tell me you're sorry. Just take me home.","Scene: Car in Hong Kong; Carter speaks to Lee after being covered in garbage, expressing frustration."
13、INT. LEE'S UNMARKED POLICE CAR - LATER THAT NIGHT,doc_12_chunk_0,"So that Ricky Tan, he's the one who blew up the Embassy?",Scene: Car in Hong Kong; Carter speaks to Lee after learning about an explosion at the American Embassy.
158、EXT. DOCK - NIGHT,doc_157_chunk_3,Hell no.,
158、EXT. DOCK - NIGHT,doc_157_chunk_3,"Fine. But don't expect me to talk to
you.",
136、INT. CAPTAIN DIEL'S OFFICE - LAPD HEADQUARTERS - DAY,doc_135_chunk_2,"Sir, I'm working on a big case over here -- and by the time I get back they're gonna make you Governor.","Scene: Carter speaks to Captain Diel, likely over the phone, while leaving a location; the conversation involves a case Carter is working on and a sarcastic remark about the Captain's prospects."
136、INT. CAPTAIN DIEL'S OFFICE - LAPD HEADQUARTERS - DAY,doc_135_chunk_2,"Captain, you there? Hello? Shit!","Scene: Carter tries to get a response from Captain Diel, possibly after losing connection; he expresses frustration upon realizing the call may have been disconnected."
148、EXT. YACHT - CONTINUOUS,doc_147_chunk_1,"How you doing, baby? My name is Prince Mubutu from Nigeria.","Scene: At a bar in the main party, Carter speaks to Isabella Molina after lighting her cigarette."
148、EXT. YACHT - CONTINUOUS,doc_147_chunk_1,San Juan! You must know my good friend,"Scene: At a bar in the main party, Carter continues speaking to Isabella Molina in mangled Spanish."
146、INT. YACHT - NIGHT,doc_145_chunk_0,I'm with the band. I'm the lead singer.,"Party on a boat in Hong Kong; Carter speaks to doormen at the front of the boat, trying to gain entry."
146、INT. YACHT - NIGHT,doc_145_chunk_0,"I got held up at a wedding in Tai Koo. Ricky here yet, I need to get his requests.",Party on a boat in Hong Kong; Carter speaks to doormen while explaining his late arrival and inquiring about Ricky.
159、INT. 747 PASSENGER COMPARTMENT,doc_158_chunk_1,Big hotel billionaire. He was on Ricky Tan's boat ordering Hu Li around just before Ricky got smoked.,
160、INT. CHEAP HOTEL ROOM - DOWNTOWN LA - NIGHT,doc_159_chunk_3,Excuse me?,
160、INT. CHEAP HOTEL ROOM - DOWNTOWN LA - NIGHT,doc_159_chunk_6,What did you say?,
146、INT. YACHT - NIGHT,doc_145_chunk_1,"Last party all he wanted was Sting -- not one person danced. Tonight I'm doing Superfreak, I don't care what he says. Where is he?","Scene: At a building entrance, Carter speaks to the doorman about Mr. Tan and his plans for the night's music."
146、INT. YACHT - NIGHT,doc_145_chunk_1,"Help? I'm not the help, man -- I'm the star. That's my band up there -- I control the mood, the groove, the atmosphere.","Scene: At a building entrance, Carter confronts the doorman after being denied access, asserting his importance."
166、INT. STAIRWELL - NIGHT,doc_165_chunk_0,Get out of the building!,
160、INT. CHEAP HOTEL ROOM - DOWNTOWN LA - NIGHT,doc_159_chunk_13,Lee...it's the girl who delivered the package to your office. It's a bomb!,"Scene inside a hotel room; Carter speaks to Lee, warning about a bomb delivered by a girl."
167、EXT. REIGN TOWERS HOTEL - ROOF - NIGHT,doc_166_chunk_3,"Yeah, that's right.",
167、EXT. REIGN TOWERS HOTEL - ROOF - NIGHT,doc_166_chunk_1,I wouldn't do that!!!,
16、EXT. MONASTERY SCHOOL - CONTINUOUS,doc_15_chunk_0,And that's how you use the LAPD choke hold. Now start practicing and don't make me come back here!,
168、INT. ISABELLA'S SUITE - LATER,doc_167_chunk_0,So what's your story?,
158、EXT. DOCK - NIGHT,doc_157_chunk_7,How the hell did Tan get away with it?,
158、EXT. DOCK - NIGHT,doc_157_chunk_7,"This is about your Daddy's death? Hell, Lee, you know my father died on the job. You could have told me... This is about more than all that, isn't it? This is about your Daddy's last case, right?",
133、INT. LEE'S OFFICE - DAY,doc_132_chunk_1,My bullshit? I'm not the one who goes to a karaoke bar filled with gangsters! I'm not the one who goes to massage parlors to bust crime lords!,Scene or location not specified: Carter confronts Lee during an argument about their differing approaches to work and life.
133、INT. LEE'S OFFICE - DAY,doc_132_chunk_1,"You're pathetic, man. When's the last time you had some fun? When's the last time you took a night off, had a date?",Scene or location not specified: Carter questions Lee's lifestyle during a heated argument.
133、INT. LEE'S OFFICE - DAY,doc_132_chunk_1,"Really? When's the last time you had some Mu-shu Let's hear it, Lee, when was it? Year of the rat?",Scene or location not specified: Carter mocks Lee about his lack of personal life during an argument.
158、EXT. DOCK - NIGHT,doc_157_chunk_8,"You thought the ""Customs Agents get blown up"" and ""smuggling"" and ""Ricky Tan"" and you put it all together and came up with a five year old case. That's why you didn't tell me what we were doing...",
158、EXT. DOCK - NIGHT,doc_157_chunk_8,IT IS CRAZY!,
168、INT. ISABELLA'S SUITE - LATER,doc_167_chunk_1,It's a myth. Some kind of counterfeit.,
164、INT. REIGN TOWERS HOTEL - PENTHOUSE SUITE - CONTINUOUS,doc_163_chunk_0,"Damn girl, you fine.",Bedroom scene: Carter enters with Lee and speaks to Isabella after she opens a package and is seen in bra and panties.
150、INT. RICKY TAN'S YACHT - MAIN CABIN - NIGHT,doc_149_chunk_2,"What, leave you alone so he can cap you?","Scene: Carter confronts Lee about leaving him alone, concerned for his safety."
150、INT. RICKY TAN'S YACHT - MAIN CABIN - NIGHT,doc_149_chunk_2,Why the hell should you believe him? He had us beat up. Naked. That's nasty shit.,Scene: Carter argues with Lee about trusting someone who had them beaten.
150、INT. RICKY TAN'S YACHT - MAIN CABIN - NIGHT,doc_149_chunk_2,What the hell is going on here?,Scene: Carter questions the situation after Lee reveals a connection between Ricky Tan and his father.
142、INT. TAXI - EVENING,doc_141_chunk_0,Follow that limo.,"Scene: In a cab, Carter speaks to the cab driver, instructing him to follow a limo."
142、INT. TAXI - EVENING,doc_141_chunk_0,"You understand what I'm saying? Follow that car! Where it goes, you go! This is a chase -- we are chasing that limo!","Scene: In a cab, Carter speaks to the cab driver, emphasizing the urgency of following the limo."
142、INT. TAXI - EVENING,doc_141_chunk_0,We are still parked -- we're not moving! This is the opposite of chasing -- drive the car or I will kill you!,"Scene: In a cab, Carter speaks to the cab driver, expressing frustration that the car hasn't moved and demanding action."
149、INT. SHIP'S HALLWAY - NIGHT,doc_148_chunk_1,Who died?,Scene with LEE: Carter asks who died after being addressed by LEE.
149、INT. SHIP'S HALLWAY - NIGHT,doc_148_chunk_1,Detective Yu? Never met him.,Scene with LEE: Carter responds to LEE's claim that someone has died.
149、INT. SHIP'S HALLWAY - NIGHT,doc_148_chunk_1,Who?,Scene with LEE: Carter questions LEE's statement that 'You!' died.
149、INT. SHIP'S HALLWAY - NIGHT,doc_148_chunk_1,"Nobody understands the words that are
coming out of your mouth.",Scene with LEE: Carter responds to LEE's frustration about being misunderstood.
167、EXT. REIGN TOWERS HOTEL - ROOF - NIGHT,doc_166_chunk_0,There's people up here!,Roof scene: Carter is holding a bomb and responds to Lee warning about people below; discussing where to dispose of the bomb.
160、INT. CHEAP HOTEL ROOM - DOWNTOWN LA - NIGHT,doc_159_chunk_9,"This is our job. We took an oath as police officers. If we don't do this, who will? Firemen?",Scene: Observing Isabella from a window; Carter is speaking to Lee about their duties as police officers.
168、INT. ISABELLA'S SUITE - LATER,doc_167_chunk_2,How're they getting into the U.S. Mint to use the presses?,
160、INT. CHEAP HOTEL ROOM - DOWNTOWN LA - NIGHT,doc_159_chunk_5,Lee? You okay?,Scene where Carter and Lee are observing Isabella from a distance; Carter checks on Lee's state of mind.
160、INT. CHEAP HOTEL ROOM - DOWNTOWN LA - NIGHT,doc_159_chunk_5,Just don't fall asleep. Sooner or later something's gonna happen.,Scene where Carter and Lee are watching Isabella; Carter advises Lee to stay alert.
158、EXT. DOCK - NIGHT,doc_157_chunk_10,"but if somebody gave me the chance to square up my father's death, I'd go to hell to do it.",
158、EXT. DOCK - NIGHT,doc_157_chunk_10,"You want to figure out why they killed your Daddy, get on the plane.","Carter speaking to Lee, urging him to board a plane to investigate his father's murder."
158、EXT. DOCK - NIGHT,doc_157_chunk_10,I guess you're going to have to trust me on this one.,"Carter speaking to Lee, asking for trust regarding the decision to go to LA."
158、EXT. DOCK - NIGHT,doc_157_chunk_1,"What ""revenge"" is he talking about?",Scene with Special Agent Sterling discussing a case involving Tan and the Fu-Cang-Long; Carter is questioning the mention of revenge.
158、EXT. DOCK - NIGHT,doc_157_chunk_1,"Hey, you, Secret Service Man, what are you --",Scene with Special Agent Sterling who is telling Carter to stay out of the case; Carter is interrupted mid-sentence.
158、EXT. DOCK - NIGHT,doc_157_chunk_1,Fine with me.,Scene with Special Agent Sterling ordering Carter back to L.A.; Carter responds before Sterling walks away.
168、INT. ISABELLA'S SUITE - LATER,doc_167_chunk_4,What the hell are they going to do with a hundred million dollars in funny money?,
160、INT. CHEAP HOTEL ROOM - DOWNTOWN LA - NIGHT,doc_159_chunk_10,Wait a sec - what the hell is that between her legs?,
160、INT. CHEAP HOTEL ROOM - DOWNTOWN LA - NIGHT,doc_159_chunk_10,"She's reaching into her panties -- something is strapped to her leg. Oh,God...please don't let it be a dick.",
160、INT. CHEAP HOTEL ROOM - DOWNTOWN LA - NIGHT,doc_159_chunk_10,"No, I don't believe this shit -- it's a microphone. Lee, she's wired...",
174、INT. KITCHEN - CONTINUOUS,doc_173_chunk_6,Lemme see 'em.,
160、INT. CHEAP HOTEL ROOM - DOWNTOWN LA - NIGHT,doc_159_chunk_4,"Lee, maybe it's best if we don't discuss our personal lives. Let's die curious.","Scene: Carter speaks to Lee, suggesting they avoid discussing personal matters while on a surveillance or observation task."
160、INT. CHEAP HOTEL ROOM - DOWNTOWN LA - NIGHT,doc_159_chunk_4,What's she doing?,"Scene: Carter, continuing the conversation with Lee, asks about a woman they are observing, likely during a surveillance operation."
17、EXT. HEAVEN ON EARTH MASSAGE PARLOR - DAY,doc_16_chunk_0,I am a tourist.,"Scene or location not specified: Carter responds to Lee, who is instructing him to act like a tourist."
158、EXT. DOCK - NIGHT,doc_157_chunk_9,So are you getting on the plane or not?!,"Scene: At an airport or departure area, Carter is speaking to Lee about boarding a plane."
158、EXT. DOCK - NIGHT,doc_157_chunk_9,"Come on, we still got time to order the Kosher meal. Always get the kosher meal, they bring it first.","Scene: At an airport or departure area, Carter is speaking to Lee about ordering a meal for a flight."
158、EXT. DOCK - NIGHT,doc_157_chunk_9,It sounds impossible --,"Scene: At an airport or departure area, Carter is speaking to Lee about a difficult situation."
178、EXT. LOADING DOCK PLATFORM - REIGN PLAZA - CONTINUOUS,doc_177_chunk_3,"oh, that's a filling right there. That's gonna cost you.",
178、EXT. LOADING DOCK PLATFORM - REIGN PLAZA - CONTINUOUS,doc_177_chunk_2,"I hope you just said I have no business being here, 'cos I was just leaving.",
174、INT. KITCHEN - CONTINUOUS,doc_173_chunk_7,"All right, Kenny. Thanks. You're off the hook. For now.","Scene: At Kenny's place, Carter speaks to Kenny after learning information about Zing."
159、INT. 747 PASSENGER COMPARTMENT,doc_158_chunk_2,"Because when the shooting started he was way too cool. See most white people, when there's shooting, they either hide in a toilet or start screaming high pitched like ""Aaaahhh!!! Aaaahh!!!!""",
159、INT. 747 PASSENGER COMPARTMENT,doc_158_chunk_2,Black people keep their cool when the shit goes down.,
159、INT. 747 PASSENGER COMPARTMENT,doc_158_chunk_2,"Yeah, what about when Godzilla was coming? You people were screaming your asses off.",
159、INT. 747 PASSENGER COMPARTMENT,doc_158_chunk_2,The same place you find all RichWhiteMen.,
176、EXT. REIGN SHIPPING ROOM - CONTINUOUS,doc_175_chunk_0,We're looking for a guy named Zing. Is he here?,"Scene: A workplace or facility; Carter is speaking with a worker, asking about Zing's location."
159、INT. 747 PASSENGER COMPARTMENT,doc_158_chunk_0,"Lee, let me introduce you to the Carter Theory of Criminal Investigation: Follow the Rich White Man.","Scene: On a plane with other passengers, Carter is speaking to Lee about his theory of criminal investigation."
159、INT. 747 PASSENGER COMPARTMENT,doc_158_chunk_0,"Almost, but you've got to say ""Rich White Man"" all run together like it's one word.","Scene: On a plane with other passengers, Carter is correcting Lee's pronunciation of ""Rich White Man"" in reference to his investigation theory."
159、INT. 747 PASSENGER COMPARTMENT,doc_158_chunk_0,"Not bad. Now every crime, somewhere,","Scene: On a plane with other passengers, Carter is elaborating on his investigation theory to Lee."
181、INT. EIGHTEEN WHEELER - TRUCK BED - DAY,doc_180_chunk_4,You're kidding. No sex? Nothing? No,
169、EXT. REIGN TOWERS HOTEL - CONTINUOUS,doc_168_chunk_1,"You're just jealous 'cos the girl picked me. I'm tall, dark and handsome, you're third world ugly.",
169、EXT. REIGN TOWERS HOTEL - CONTINUOUS,doc_168_chunk_1,"Snoopy is about six inches taller than you. I'm sorry, Lee, you never had a chance.",
172、INT. KITCHEN,doc_171_chunk_0,Kenny! How you doin'?,"Busy kitchen; Carter greets Kenny, the owner."
172、INT. KITCHEN,doc_171_chunk_0,How's the action tonight? The house making out okay?,Busy kitchen; Carter asks Kenny about the night's business.
173、INT. BACK ROOM - CONTINUOUS,doc_172_chunk_0,"This is where I say I'm LAPD in a loud
voice, they all scream and run and shit.
Watch. It's real funny.","Scene: Inside a smoky, crowded room with men playing mah-jongg for big money; Carter speaks to Kenny about pretending to be LAPD."
165、INT. REIGN TOWERS HOTEL - CONTINUOUS,doc_164_chunk_1,Pick it up!,"Scene: At the bomb location, Carter is with Lee; they are trying to handle a bomb."
165、INT. REIGN TOWERS HOTEL - CONTINUOUS,doc_164_chunk_1,I don't need a turn!,"Scene: At the bomb location, Carter is with Lee; they are arguing about who should pick up the bomb."
165、INT. REIGN TOWERS HOTEL - CONTINUOUS,doc_164_chunk_1,Get the hell away from here!,"Scene: In a hallway near an elevator, Carter sees an older couple inside the elevator while holding a bomb."
160、INT. CHEAP HOTEL ROOM - DOWNTOWN LA - NIGHT,doc_159_chunk_1,"Yeah, that's definitely the woman from Ricky Tan's boat, and she's staying in his suite at his hotel, I told you this would work out. They still just talking?","Scene: In a hotel room, Carter speaks to Lee while observing a woman from Ricky Tan's boat."
160、INT. CHEAP HOTEL ROOM - DOWNTOWN LA - NIGHT,doc_159_chunk_1,He'll be back soon.,"Scene: In a hotel room, Carter speaks to Lee after observing a man leaving the woman."
160、INT. CHEAP HOTEL ROOM - DOWNTOWN LA - NIGHT,doc_159_chunk_1,"Look at her. Now, wake me in an hour, I'll take over.","Scene: In a hotel room, Carter speaks to Lee before trying to sleep."
160、INT. CHEAP HOTEL ROOM - DOWNTOWN LA - NIGHT,doc_159_chunk_2,"Hey, I didn't mean to call you pathetic.","Scene: Conversation between Carter and Lee, where Lee opens up about his workaholic tendencies and recent breakup."
160、INT. CHEAP HOTEL ROOM - DOWNTOWN LA - NIGHT,doc_159_chunk_2,"I'm sorry, Lee. Why did she leave you?","Scene: Conversation between Carter and Lee, where Lee reveals his fiancée left him."
160、INT. CHEAP HOTEL ROOM - DOWNTOWN LA - NIGHT,doc_159_chunk_2,"Let me guess, she couldn't handle the cop thing -- never knowing if you were dead or alive. I've seen it a million times.","Scene: Conversation between Carter and Lee, discussing the reason Lee's fiancée left him."
18、INT. HEAVEN ON EARTH MASSAGE PARLOR - CONTINUOUS,doc_17_chunk_2,She said I could pick any girl I want.,
18、INT. HEAVEN ON EARTH MASSAGE PARLOR - CONTINUOUS,doc_17_chunk_2,Hey! You don't break in front of a black man in a buffet line.,
174、INT. KITCHEN - CONTINUOUS,doc_173_chunk_1,Little Chang is gonna have to go visit his daddy in jail if you don't cooperate.,"Scene with Kenny and Carter; Carter is speaking to Kenny about cooperating, referencing Kenny's son Little Chang."
174、INT. KITCHEN - CONTINUOUS,doc_173_chunk_1,I'd like to see you try.,Scene with Kenny and Carter; Carter responds to Kenny's threat of physical violence.
160、INT. CHEAP HOTEL ROOM - DOWNTOWN LA - NIGHT,doc_159_chunk_7,Hot? I'm freezing my ass off.,Scene in a room where Carter and Lee are present; Carter responds to Lee's comment about the temperature.
160、INT. CHEAP HOTEL ROOM - DOWNTOWN LA - NIGHT,doc_159_chunk_7,What's going on?,Scene in a room where Lee appears dazed; Carter questions the situation.
160、INT. CHEAP HOTEL ROOM - DOWNTOWN LA - NIGHT,doc_159_chunk_7,Gimme the binoculars.,Scene in a room where Lee refuses to hand over binoculars; Carter demands them.
160、INT. CHEAP HOTEL ROOM - DOWNTOWN LA - NIGHT,doc_159_chunk_7,Gimme the binoculars or I will shoot you.,Scene in a room where Carter threatens Lee to obtain the binoculars.
167、EXT. REIGN TOWERS HOTEL - ROOF - NIGHT,doc_166_chunk_2,Throw us in jail? I'm about to bust you right now.,"Scene: Confrontation with Isabella, who claims there is no bomb; Carter challenges her threat to arrest them."
167、EXT. REIGN TOWERS HOTEL - ROOF - NIGHT,doc_166_chunk_2,How do we know you're not lying? Let me see your badge.,Scene: After Isabella reveals she is an undercover agent; Carter demands to see her badge.
167、EXT. REIGN TOWERS HOTEL - ROOF - NIGHT,doc_166_chunk_2,Let me see it again?,Scene: Immediately after Isabella shows her badge; Carter questions its authenticity and asks to see it again.
174、INT. KITCHEN - CONTINUOUS,doc_173_chunk_4,I heard that.,
174、INT. KITCHEN - CONTINUOUS,doc_173_chunk_4,"Look, I need some info and I don't have time to play around.",
174、INT. KITCHEN - CONTINUOUS,doc_173_chunk_4,How'd you know?,
174、INT. KITCHEN - CONTINUOUS,doc_173_chunk_4,So tell me what you know.,
178、EXT. LOADING DOCK PLATFORM - REIGN PLAZA - CONTINUOUS,doc_177_chunk_4,"I should kill you right now, but I'mgonna let you live, 'cause you're fine, and maybe you can be reformed.",
178、EXT. LOADING DOCK PLATFORM - REIGN PLAZA - CONTINUOUS,doc_177_chunk_4,No more hitting. I'll get in the truck myself.,
158、EXT. DOCK - NIGHT,doc_157_chunk_4,"What are you gonna do about it, grasshopper?",Scene: Confrontation between Carter and Lee; Carter challenges Lee during a heated argument.
158、EXT. DOCK - NIGHT,doc_157_chunk_4,"Give me your best shot, you flat assed mama's boy.",Scene: Confrontation between Carter and Lee; Carter taunts Lee during a physical standoff.
158、EXT. DOCK - NIGHT,doc_157_chunk_4,I heard your mama pulls a rickshaw.,Scene: Confrontation between Carter and Lee; Carter insults Lee's mother.
158、EXT. DOCK - NIGHT,doc_157_chunk_4,"You're not very good at this, are you?",Scene: Confrontation between Carter and Lee; Carter mocks Lee's ability to defend himself.
158、EXT. DOCK - NIGHT,doc_157_chunk_4,Forget it.,Scene: Confrontation between Carter and Lee; Carter dismisses the argument after provoking Lee.
189、EXT. RED DRAGON HOTEL AND CASINO - NIGHT,doc_188_chunk_0,That was the name of Ricky Tan's boat.,
174、INT. KITCHEN - CONTINUOUS,doc_173_chunk_5,"Yeah. We already been there. This is big, Kenny. Benjamins. Secret Service calls 'em superbills. Banks can't even tell the difference.","Scene: In a casino or gambling establishment, Carter speaks with Kenny about counterfeit money."
174、INT. KITCHEN - CONTINUOUS,doc_173_chunk_5,What?,"Scene: In a casino or gambling establishment, Carter speaks with Kenny about a suspicious payment."
160、INT. CHEAP HOTEL ROOM - DOWNTOWN LA - NIGHT,doc_159_chunk_8,"Oh, sweet glory hallelujah...I don't want to hear this.",
160、INT. CHEAP HOTEL ROOM - DOWNTOWN LA - NIGHT,doc_159_chunk_8,"Skirt just came off. She's in black bra and panties -- Victoria Secret Spring Catalogue, page 27 -- wait a sec - there's a tattoo on her left thigh... it looks like Snoopy.",
160、INT. CHEAP HOTEL ROOM - DOWNTOWN LA - NIGHT,doc_159_chunk_8,She just took her hair down. Now she's going for the bra -- the clasp is in front -- she's using both hands.,
160、INT. CHEAP HOTEL ROOM - DOWNTOWN LA - NIGHT,doc_159_chunk_8,You better get that ice.,"Scene: Carter speaks to Lee while observing someone, instructing him to get ice."
19、INT. QUIET ROOM MASSAGE PARLOR - DAY,doc_18_chunk_8,Damn! No wonder you're pissed off.,
169、EXT. REIGN TOWERS HOTEL - CONTINUOUS,doc_168_chunk_0,"Secret Service Agent Carter. This is my calling, Lee. Give me six months and I'll be in Washington protecting a white guy.","Scene: On a street, Carter speaks to Lee while approaching his parked VETTE, discussing his aspiration to become a Secret Service agent."
169、EXT. REIGN TOWERS HOTEL - CONTINUOUS,doc_168_chunk_0,"They don't know that. What are they gonna do, try and shoot the President during the interview? I'll bet Isabella","Scene: On a street, Carter continues speaking to Lee while approaching his parked VETTE, expressing confidence about his role and speculating about a potential threat."
188、EXT. LAS VEGAS BLVD. - DUSK,doc_187_chunk_0,Lee. I just got an idea how someone could launder a hundred million dollars in cash.,"Scene: On the Las Vegas Strip, immediately after emerging from a manhole; Carter speaks to Lee while both are taking in the surroundings."
19、INT. QUIET ROOM MASSAGE PARLOR - DAY,doc_18_chunk_6,I'd like to pay you for that laptop.,
19、INT. QUIET ROOM MASSAGE PARLOR - DAY,doc_18_chunk_6,"That's Chief Inspector, he got promoted.",
19、INT. QUIET ROOM MASSAGE PARLOR - DAY,doc_18_chunk_3,"Ricky Tan, I've been looking all over
for you. Get up.",
19、INT. QUIET ROOM MASSAGE PARLOR - DAY,doc_18_chunk_3,I said get on your feet!,
181、INT. EIGHTEEN WHEELER - TRUCK BED - DAY,doc_180_chunk_6,As long as you're asking...I think you have a pretty good voice.,
181、INT. EIGHTEEN WHEELER - TRUCK BED - DAY,doc_180_chunk_6,That depends. How do the Fu-Cang-Long usually kill their victims?,
181、INT. EIGHTEEN WHEELER - TRUCK BED - DAY,doc_180_chunk_6,Go ahead. Sing your ass off.,
174、INT. KITCHEN - CONTINUOUS,doc_173_chunk_0,What?? Where'd you hear that?,Scene: Inside a room after being led in by Kenny; Carter is speaking to Kenny about an incident in Hong Kong.
174、INT. KITCHEN - CONTINUOUS,doc_173_chunk_0,"And I got mine, meaning you. Nice how that works out.",Scene: Inside a room after being led in by Kenny; Carter is speaking to Kenny about sources of information.
174、INT. KITCHEN - CONTINUOUS,doc_173_chunk_0,"I'm serious this time, I'm closing this place down.",Scene: Inside a room after being led in by Kenny; Carter is speaking to Kenny and Lee about closing the place.
19、INT. QUIET ROOM MASSAGE PARLOR - DAY,doc_18_chunk_2,I'm a dangerous man. You're not gonna ruin my massage because of some midget in a house coat.,"Scene: During a massage, Carter speaks to Lee about a dangerous man, asserting his own danger and dismissing concern over Ricky Tan."
19、INT. QUIET ROOM MASSAGE PARLOR - DAY,doc_18_chunk_5,Let's go. I've got girls and chicken and hot oil waiting for me.,"Scene: Arrival at a location with reclining chairs; Carter is speaking to Lee and Ricky Tan, suggesting to leave for a meal and entertainment."
18、INT. HEAVEN ON EARTH MASSAGE PARLOR - CONTINUOUS,doc_17_chunk_0,How you doin'?,Lobby of an upscale massage parlor; Carter greets the hostess upon arrival with Lee.
18、INT. HEAVEN ON EARTH MASSAGE PARLOR - CONTINUOUS,doc_17_chunk_0,Never leave home without it.,Lobby of an upscale massage parlor; Carter shows his Platinum AmEx to the hostess.
18、INT. HEAVEN ON EARTH MASSAGE PARLOR - CONTINUOUS,doc_17_chunk_0,"Lee, this one's on me. You save your money.",Lobby of an upscale massage parlor; Carter speaks to Lee after showing his credit card.
192、EXT. RED DRAGON - NIGHT,doc_191_chunk_0,"Remember, Lee, you're a player now. You own the place.",Scene: Lee and Carter enter a location dressed in formal suits; Carter is instructing Lee on how to act confidently.
19、INT. QUIET ROOM MASSAGE PARLOR - DAY,doc_18_chunk_4,"I'm Lee's new muscle, his right arm -- and don't let the robe fool me. This is the only color they had left. Now get up!",
19、INT. QUIET ROOM MASSAGE PARLOR - DAY,doc_18_chunk_4,I told you to get on your feet!,
191、INT. VERSACE BOUTIQUE - CONTINUOUS,doc_190_chunk_0,Black. 42-long. Nothing touches this body but pure silk. And get my partner something from the children's department.,"Scene: In a store, Carter speaks with a salesman while shopping with Lee; topic involves purchasing clothing."
181、INT. EIGHTEEN WHEELER - TRUCK BED - DAY,doc_180_chunk_2,You got that right. And we ain't brothers. Maybe we should just end this right here.,
181、INT. EIGHTEEN WHEELER - TRUCK BED - DAY,doc_180_chunk_2,"I won't talk to you, you don't talk to me. We'll die in peace.",
181、INT. EIGHTEEN WHEELER - TRUCK BED - DAY,doc_180_chunk_2,I don't believe in reincarnation. So I won't see you in the next world.,
181、INT. EIGHTEEN WHEELER - TRUCK BED - DAY,doc_180_chunk_2,I believe in heaven. You people believe in heaven?,
196、INT. CASINO - NIGHT,doc_195_chunk_1,"You're right, you're a smart guy. Most counterfeiters only get ten cents on the dollar. But this is an even swap. Pure genius.","Scene: In Las Vegas, Carter speaks to Steven Reign about a counterfeit operation and a deal."
202、INT. CASINO - CONTINUOUS,doc_201_chunk_3,Let it ride!,
185、INT. 18-WHEELER - TRUCK BED - CONTINUOUS,doc_184_chunk_0,Very nice.,"Scene: Inside a storage area or similar location, Carter is with Lee as they attempt to open a crate; Carter comments on Lee's action of punching a hole in the crate."
185、INT. 18-WHEELER - TRUCK BED - CONTINUOUS,doc_184_chunk_0,I'll remember that next time I'm fighting a box.,"Scene: Inside a storage area or similar location, Carter is with Lee after Lee demonstrates punching a crate; Carter makes a sarcastic remark about applying the technique to fighting a box."
194、INT. CASINO - NIGHT,doc_193_chunk_1,"Look at this place, Lee. The biggest front in the world.",Scene: In a casino as people pour in; Carter speaks to Lee about the casino's appearance.
194、INT. CASINO - NIGHT,doc_193_chunk_1,Wait here. I'll handle this.,Scene: In a casino; Carter speaks to Lee before approaching someone.
209、INT. CASINO - CONTINUOUS,doc_208_chunk_2,Check it out. Catfight!,
189、EXT. RED DRAGON HOTEL AND CASINO - NIGHT,doc_188_chunk_1,"Wait a second. We can't go in like this. Look at this place, we gotta look fly. We gotta Mac out.",Scene or location not specified: Carter speaks to Lee about needing to appear stylish before entering a place.
189、EXT. RED DRAGON HOTEL AND CASINO - NIGHT,doc_188_chunk_1,"Just stay down wind, because I think you stepped in some serious rat shit down there.","Scene or location not specified: Carter speaks to Lee while they are walking away, commenting on a bad smell."
198、INT. CASINO - CONTINUOUS,doc_197_chunk_0,"I saw the sign, I can read. Now gimme a hundred-thousand in chips. And a Diet Coke and some wash-n-dries. Let's move, people, I came to play.","At a craps table in a casino, Carter responds to the dealer's comment about the buy-in requirement and places a large bet."
18、INT. HEAVEN ON EARTH MASSAGE PARLOR - CONTINUOUS,doc_17_chunk_1,No. It's my first time.,"Scene: Carter is shown a room with twenty beautiful women by the Hostess, who asks if he has had a massage from a Chinese girl before."
18、INT. HEAVEN ON EARTH MASSAGE PARLOR - CONTINUOUS,doc_17_chunk_1,Any girl? Okay. Let's start with that one.,"Scene: Carter is shown a room with twenty beautiful women by the Hostess, who tells him he can pick any girl for himself and his friend."
18、INT. HEAVEN ON EARTH MASSAGE PARLOR - CONTINUOUS,doc_17_chunk_1,She is nice. But I am very tense. I'm gonna need a lot of massages. I'll take,"Scene: Carter is in a room with twenty beautiful women, commenting on one of them while expressing his need for multiple massages."
181、INT. EIGHTEEN WHEELER - TRUCK BED - DAY,doc_180_chunk_5,What about a little king pao chicken?,Scene or location unspecified: Carter asks Lee about food options.
181、INT. EIGHTEEN WHEELER - TRUCK BED - DAY,doc_180_chunk_5,Steamed dumplings?,Scene or location unspecified: Carter suggests steamed dumplings to Lee.
181、INT. EIGHTEEN WHEELER - TRUCK BED - DAY,doc_180_chunk_5,"That's rough, man. If I don't get steamed dumplings once a week, I go crazy.",Scene or location unspecified: Carter responds to Lee's comment about steamed dumplings.
181、INT. EIGHTEEN WHEELER - TRUCK BED - DAY,doc_180_chunk_5,Are you serious?,Scene or location unspecified: Carter responds to Lee asking if he has a good voice.
211、INT. CASINO - CONTINUOUS,doc_210_chunk_0,What the HELL are you doing with tape on your face?,
181、INT. EIGHTEEN WHEELER - TRUCK BED - DAY,doc_180_chunk_0,What's the first thing I told you -- never trust nobody. How could you fall for that shit? I knew she was dirty.,"Scene with crates of money; Carter speaks to Lee about trusting someone they both know, expressing distrust in a woman who saved their lives."
181、INT. EIGHTEEN WHEELER - TRUCK BED - DAY,doc_180_chunk_0,"For how long? Face it, Lee, she's playing both sides.","Scene with crates of money; Carter continues speaking to Lee, arguing that the woman who saved them is untrustworthy."
181、INT. EIGHTEEN WHEELER - TRUCK BED - DAY,doc_180_chunk_0,"Look, man I'm sorry. I know you got a thing for her.","Scene with crates of money; Carter speaks to Lee, apologizing while acknowledging Lee's feelings for the woman in question."
191、INT. VERSACE BOUTIQUE - CONTINUOUS,doc_190_chunk_1,"Couple? No, you got it wrong, there's no couple here. Just two single police officers working a very dangerous case.","Scene: A store or shopping area, Carter speaks to Lee after being mistaken for a couple by the salesman."
191、INT. VERSACE BOUTIQUE - CONTINUOUS,doc_190_chunk_1,This is the last time I go shopping with you.,"Scene: A store or shopping area, Carter speaks to Lee after the salesman walks off."
193、INT. RED DRAGON - CONTINUOUS,doc_192_chunk_0,That looks exactly like my Uncle Darrell.,Lobby: Carter is walking with Lee past a giant Buddha statue and makes a comment about its resemblance to his uncle.
193、INT. RED DRAGON - CONTINUOUS,doc_192_chunk_0,Buddha is the symbol for fat and lazy. The man has the biggest tits in Asia.,"Main Entry Hall: Carter is moving with Lee past the statue, commenting sarcastically on the Buddha's appearance."
21、EXT. HONG KONG POLICE STATION - DAY,doc_20_chunk_0,Goddamn you got a small ass.,"A packed street, Carter is speaking to Lee while they are dodging in and out of people."
19、INT. QUIET ROOM MASSAGE PARLOR - DAY,doc_18_chunk_1,"Now I'm on vacation. I knew you'd come through, Lee.","Scene: In a room, Carter speaks to Lee after arriving."
19、INT. QUIET ROOM MASSAGE PARLOR - DAY,doc_18_chunk_1,What's wrong?,"Scene: In a room, Carter notices Lee staring at someone and asks what is happening."
19、INT. QUIET ROOM MASSAGE PARLOR - DAY,doc_18_chunk_1,"That's Ricky Tan? He's four feet tall. I'll go over with you right now, shake him down.","Scene: In a room, Carter reacts to seeing Ricky Tan and offers to confront him with Lee."
181、INT. EIGHTEEN WHEELER - TRUCK BED - DAY,doc_180_chunk_3,"Is it the same heaven, or is it a
Chinese heaven?",
181、INT. EIGHTEEN WHEELER - TRUCK BED - DAY,doc_180_chunk_3,"I thought it might be like those five
foot and under basketball leagues. They
don't let everybody in.",
181、INT. EIGHTEEN WHEELER - TRUCK BED - DAY,doc_180_chunk_3,Fine by me.,
181、INT. EIGHTEEN WHEELER - TRUCK BED - DAY,doc_180_chunk_3,"You thinking about that girl that dumped
you?",
181、INT. EIGHTEEN WHEELER - TRUCK BED - DAY,doc_180_chunk_3,"If she was the right girl, you'd be
thinking about her.",
181、INT. EIGHTEEN WHEELER - TRUCK BED - DAY,doc_180_chunk_3,Mind your own business.,
181、INT. EIGHTEEN WHEELER - TRUCK BED - DAY,doc_180_chunk_3,How was the sex?,
211、INT. CASINO - CONTINUOUS,doc_210_chunk_1,This can't be good.,Eye In The Sky Room in the casino; Carter speaks after gunshots cause panic and a detonator lands near him.
197、INT. DANCE FLOOR - NIGHT,doc_196_chunk_1,"Lee, what the hell are you doing?",Scene on the dance floor: Carter confronts Lee about his actions while working on a mission.
197、INT. DANCE FLOOR - NIGHT,doc_196_chunk_1,"Dancing? I'm out here trying to strong arm Steven Reign, putting my life on the line, and you're up here dancing with some bimbo. Did she have a friend?",Scene on the dance floor: Carter expresses frustration to Lee about being distracted during a dangerous mission.
214、INT. CASINO - NIGHT,doc_213_chunk_0,Will you STOP?!?!,
211、INT. CASINO - CONTINUOUS,doc_210_chunk_6,What?!?!,
211、INT. CASINO - CONTINUOUS,doc_210_chunk_6,Hold on!,
196、INT. CASINO - NIGHT,doc_195_chunk_0,"Stevie, how's it going my man? Somebody get a picture, we can use it for a mug shot.",Casino: Carter greets Steven Reign and jokes about taking a picture.
196、INT. CASINO - NIGHT,doc_195_chunk_0,"Lemme ask you something, Steven. And I want the truth. Is there any way I can date your daughter? Just dinner and a movie, maybe go listen to some jazz...","Casino: Carter speaks with Steven Reign, asking permission to date his daughter."
214、INT. CASINO - NIGHT,doc_213_chunk_2,"Thank you, Benjamin!",
193、INT. RED DRAGON - CONTINUOUS,doc_192_chunk_4,Bring us some twelve-year old scotch...,"Casino lounge, Carter speaks to a waitress while walking down the red carpet with Lee."
193、INT. RED DRAGON - CONTINUOUS,doc_192_chunk_4,Get us a box of your finest cigars.,"Casino lounge, Carter speaks to a cigarette girl while walking down the red carpet with Lee."
193、INT. RED DRAGON - CONTINUOUS,doc_192_chunk_4,Give me ten dollars in nickels.,"Casino lounge, Carter speaks to a change girl while walking down the red carpet with Lee."
181、INT. EIGHTEEN WHEELER - TRUCK BED - DAY,doc_180_chunk_1,"I'm about to be killed and you ""Shhh""
me! This wasn't my case, Lee. Ricky
Tan didn't kill my father, the Fu-Cang
Long are not in South Central. I didn't
have to help you.","Scene: Unspecified location, Carter confronts Lee during a tense moment, explaining his involvement in the case and expressing frustration."
181、INT. EIGHTEEN WHEELER - TRUCK BED - DAY,doc_180_chunk_1,It doesn't matter.,"Scene: Unspecified location, Carter responds to Lee's question about why he helped him."
181、INT. EIGHTEEN WHEELER - TRUCK BED - DAY,doc_180_chunk_1,"We are not partners. Between your
daddy, my daddy, and the beating I just
took, as far as I can tell all partners
get you is dead.","Scene: Unspecified location, Carter tells Lee they are not partners, reflecting on the dangers and losses associated with partnerships."
211、INT. CASINO - CONTINUOUS,doc_210_chunk_9,I may have been absent the day we went over this in karate class.,
215、INT. PENTHOUSE SUITE - CONTINUOUS,doc_214_chunk_3,"Lee, you okay?",
214、INT. CASINO - NIGHT,doc_213_chunk_1,When are you people gonna learn? Don't mess with the brothas!,
211、INT. CASINO - CONTINUOUS,doc_210_chunk_7,You go after Ricky. I got this.,
211、INT. CASINO - CONTINUOUS,doc_210_chunk_7,Just GO!,
200、INT. CRAPS TABLE - NIGHT,doc_199_chunk_1,"I have a dream, where black people and white people can gamble together without getting different chips!",
200、INT. CRAPS TABLE - NIGHT,doc_199_chunk_1,"Sing with me! ""We shall overcome!""",
200、INT. CRAPS TABLE - NIGHT,doc_199_chunk_1,"Thank you. Now in the spirit of brotherhood, let's play craps!",
209、INT. CASINO - CONTINUOUS,doc_208_chunk_1,Black man gets on a hot streak and you're all trippin'?,
209、INT. CASINO - CONTINUOUS,doc_208_chunk_1,Lee!,"Carter sees Lee; they are in a crowded area, and Carter is trying to get to Lee who has a bomb in his mouth."
215、INT. PENTHOUSE SUITE - CONTINUOUS,doc_214_chunk_2,"Hey, Ricky, how's it going man? What's up, Lee?",
202、INT. CASINO - CONTINUOUS,doc_201_chunk_0,How much is that?,Scene at a craps table in a casino; Carter is speaking to the Craps Dealer after rolling dice and winning.
202、INT. CASINO - CONTINUOUS,doc_201_chunk_0,Two-hundred thousand dollars? Who wants a hundred dollars?,Scene at a craps table in a casino; Carter is reacting to his winnings and addressing a man in an African robe standing next to him.
185、INT. 18-WHEELER - TRUCK BED - CONTINUOUS,doc_184_chunk_1,"Hello, Benjamin.",Scene: Carter opens a crate filled with money and tosses a stack to Lee; he refers to Benjamin Franklin as 'Benjamin'.
185、INT. 18-WHEELER - TRUCK BED - CONTINUOUS,doc_184_chunk_1,"Benjamin Franklin, he discovered electricity.","Scene: Carter is speaking to Lee about the identity of Benjamin, clarifying it is Benjamin Franklin."
185、INT. 18-WHEELER - TRUCK BED - CONTINUOUS,doc_184_chunk_1,No Chinese man discovered electricity.,Scene: Carter argues with Lee about who discovered electricity.
185、INT. 18-WHEELER - TRUCK BED - CONTINUOUS,doc_184_chunk_1,Now that I believe.,Scene: Carter responds to Lee's claim that a Chinese man invented the bicycle.
185、INT. 18-WHEELER - TRUCK BED - CONTINUOUS,doc_184_chunk_1,"You never know. Besides, I always wanted to die rich.",Scene: Carter pockets two stacks of superbills while speaking to Lee.
23、INT. LEE'S OFFICE - DAY,doc_22_chunk_2,And you ain't black!,
200、INT. CRAPS TABLE - NIGHT,doc_199_chunk_0,"Answer me one question. How come Ben
Vereen isn't performing here at the
hotel? Is Ben Vereen not good enough
for you people?","Scene: At a hotel, Carter confronts two security guards, questioning why Ben Vereen is not performing there."
200、INT. CRAPS TABLE - NIGHT,doc_199_chunk_0,"Lionel Ritchie hasn't been black since
the Commodores.","Scene: At a hotel, Carter responds to the pit boss who mentioned Lionel Ritchie is performing; conversation is about performers at the hotel."
219、INT. LIMOUSINE - CONTINUOUS,doc_218_chunk_0,"We made it, man.","Scene: In the back of a limo, immediately after landing; Carter speaks to Lee, expressing relief and excitement about surviving the landing."
211、INT. CASINO - CONTINUOUS,doc_210_chunk_5,Why didn't you tell me you had a bomb in your mouth?,Scene: Inside a casino after an explosion; Carter is speaking to Lee about a bomb.
211、INT. CASINO - CONTINUOUS,doc_210_chunk_5,No you didn't!,Scene: Inside a casino after an explosion; Carter is arguing with Lee about whether Lee warned him about the bomb.
205、INT. CASINO - CONTINUOUS,doc_204_chunk_0,I'm up a hundred and fifty-grand. That's a Ferrari. Do they sell those here in the gift shop? Somebody cash me out!,"Scene: At a craps table in a casino, Carter addresses the dealer and crowd after winning a large sum of money."
205、INT. CASINO - CONTINUOUS,doc_204_chunk_0,That would be great. Don't want any of these rich white people to jump me.,"Scene: Carter speaks to the pit boss and security guards as they escort him toward the cashier, showing sarcasm and tension."
3、EXT./INT. LEE'S CAR - CONTINUOUS,doc_2_chunk_0,Deng wa lu yun cai-shen wu.,
202、INT. CASINO - CONTINUOUS,doc_201_chunk_1,"Here, your highness, have a hundred dollars. The Viagra is on me tonight!",
202、INT. CASINO - CONTINUOUS,doc_201_chunk_1,"Don't say that, we're all royalty. My great grandmammy was Queen Nephertit -- we probably cousins, man. How much you got on the table?",
202、INT. CASINO - CONTINUOUS,doc_201_chunk_1,"Yeah, we definitely cousins now. Who wants to blow on my hand for luck?",Scene involving a gambler and a big Texan with a gorgeous young girl; Carter is speaking in a gambling setting.
207、INT. CASINO - CASHIER,doc_206_chunk_0,Lee!!,Casino scene: Carter reacts to Lee crashing through the window while being restrained by guards.
207、INT. CASINO - CASHIER,doc_206_chunk_0,"Lemme ask you something. Any of you ever felt $500,000 before?",Casino scene: Carter speaks to the guards while slamming a rack of chips across their faces.
207、INT. CASINO - CASHIER,doc_206_chunk_0,"Doesn't feel so good, does it?",Casino scene: Carter speaks to the guards immediately after hitting them with chips.
26、INT. CAPTAIN DIEL'S OFFICE - LAPD HEADQUARTERS - DAY,doc_25_chunk_1,Two hundred cops? Was Mario Sanchez there? He owes me money.,Scene involving Captain Diel informing Carter about his nomination for the Commissioner's post; Carter responds with a question about Mario Sanchez.
25、INT. LEE'S OFFICE - CONTINUOUS,doc_24_chunk_0,"Captain, you're gonna have to speak up. I'm on a car phone!","Scene: Carter is on a car phone, sitting at Lee's desk, speaking with the Captain while taking cash from a drawer."
220、INT. LAS VEGAS AIRPORT - NIGHT,doc_219_chunk_4,New York City?,
220、INT. LAS VEGAS AIRPORT - NIGHT,doc_219_chunk_4,The Plaza Hotel?,
220、INT. LAS VEGAS AIRPORT - NIGHT,doc_219_chunk_4,I could use a little vacation.,
29、EXT. HONG KONG STREET - DAY,doc_28_chunk_1,"No man, I was just asking...","Scene: Outside a store, Carter speaks with a man who misunderstands his intentions toward the man's sister."
220、INT. LAS VEGAS AIRPORT - NIGHT,doc_219_chunk_3,"They owe us, man. That's the least they can do.",
220、INT. LAS VEGAS AIRPORT - NIGHT,doc_219_chunk_3,"Come on, Lee. Stop being a cop for five minutes and live it up. There must be something you want.",
27、EXT. STREET - DAY,doc_26_chunk_0,How you doing? Can you direct me to the Heaven on Earth massage parlor?,"Scene: At an outdoor butcher market, Carter speaks to an old woman selling live birds, asking for directions to a massage parlor."
220、INT. LAS VEGAS AIRPORT - NIGHT,doc_219_chunk_1,I'm this way. I guess this is goodbye.,Scene context not specified: Carter speaks to Lee during a farewell moment.
220、INT. LAS VEGAS AIRPORT - NIGHT,doc_219_chunk_1,"You take care of yourself, Lee.",Scene context not specified: Carter speaks to Lee during a farewell moment.
197、INT. DANCE FLOOR - NIGHT,doc_196_chunk_2,"Isabella? Are you crazy, man? She almost got us killed. She's setting you up again!","Scene in a casino; Carter speaks to Lee about Isabella, warning him she is dangerous."
197、INT. DANCE FLOOR - NIGHT,doc_196_chunk_2,Wait a second. There's guards all over the place. You'll need a distraction.,"Casino scene; Carter speaks to Lee, suggesting a plan involving a distraction."
197、INT. DANCE FLOOR - NIGHT,doc_196_chunk_2,"I'll go to the craps table, make a big scene. When security comes over, you make your move.",Casino scene; Carter explains his plan to create a distraction at the craps table.
197、INT. DANCE FLOOR - NIGHT,doc_196_chunk_2,I'll give it my best shot.,Casino scene; Carter responds to Lee's request to keep security busy for five minutes.
211、INT. CASINO - CONTINUOUS,doc_210_chunk_8,I'm not gonna hold you back this time just because you're a woman. I'm gonna pretend you're a man.,"Scene: On the red carpet, Carter is preparing to fight Hu Li and speaks to her before the fight begins."
211、INT. CASINO - CONTINUOUS,doc_210_chunk_8,A very beautiful man with a perfect body who I'd like to take to movies.,"Scene: On the red carpet, Carter continues taunting Hu Li during their confrontation before fighting."
217、INT. PENTHOUSE SUITE - NIGHT,doc_216_chunk_0,"I don't know about you, but I need a wine cooler.","Scene: On a rooftop after a confrontation, Carter speaks to Lee as they look down at the street."
217、INT. PENTHOUSE SUITE - NIGHT,doc_216_chunk_0,Please tell me she just asked for a ride to the airport.,"Scene: On the same rooftop, Carter speaks to Lee as Hu Li approaches them with a bomb, expressing disbelief and fear."
31、EXT. HEAVEN ON EARTH MASSAGE PARLOR - AFTERNOON,doc_30_chunk_0,I'm gonna solve this case myself. Taxi!,"Carter is outside a massage parlor, observing Ricky Tan leave; he speaks to himself or the environment as he flags down a cab."
3、EXT./INT. LEE'S CAR - CONTINUOUS,doc_2_chunk_3,Not Mu-shu. Mu-shu. I want to see some women. Now stop playing dumb and show me the shu!,"Scene: Carter is with Lee, flipping through a dictionary; he demands to see 'the shu' after correcting Lee's pronunciation."
215、INT. PENTHOUSE SUITE - CONTINUOUS,doc_214_chunk_4,"Lee, wait a second. It's not worth it, man. He's making you do this.",Scene: Confrontation involving Lee and Ricky Tan; Carter tries to dissuade Lee from taking action.
215、INT. PENTHOUSE SUITE - CONTINUOUS,doc_214_chunk_4,"C'mon, Lee. He's going to jail. You won, now just put the gun down.",Scene: Confrontation involving Lee and Ricky Tan; Carter urges Lee to de-escalate after winning.
26、INT. CAPTAIN DIEL'S OFFICE - LAPD HEADQUARTERS - DAY,doc_25_chunk_2,"Is it because of the hookers, sir? You tell them there's no crime in being lonely.",
26、INT. CAPTAIN DIEL'S OFFICE - LAPD HEADQUARTERS - DAY,doc_25_chunk_2,"Sir, I'm working on a big case over here -- and by the time I get back they're gonna make you Governor. Captain, you there? Hello? Shit!",
35、EXT. YACHT - HARBOR - NIGHT,doc_34_chunk_0,Stay here. I'll be right back. You understand?,On the docks near a 190-foot yacht; Carter speaks to the cab driver before approaching the party boat.
36、INT. YACHT - NIGHT,doc_35_chunk_2,Can you do that? That's why you're down here and I'm up there. Now this is my party -- don't forget it!,
43、INT. SHIP'S HALLWAY - CONTINUOUS,doc_42_chunk_0,"All right, get your hands up.",
198、INT. CASINO - CONTINUOUS,doc_197_chunk_1,What the hell is that?,"Scene: At a craps table in a casino, Carter speaks to the Craps Dealer upon receiving chips."
198、INT. CASINO - CONTINUOUS,doc_197_chunk_1,Did you give me five-hundred dollar chips because I'm black?,"Scene: At a craps table in a casino, Carter confronts the Craps Dealer about the chip denomination."
198、INT. CASINO - CONTINUOUS,doc_197_chunk_1,"You assumed a brother coming in here can only afford five-hundred dollars a roll, is that right? Are you a racist?","Scene: At a craps table in a casino, Carter accuses the Craps Dealer of racial bias."
198、INT. CASINO - CONTINUOUS,doc_197_chunk_1,"Everyone else at the table has thousand dollar chips, but the black man gets the nickel, is that it? Did my people survive two-hundred years of slavery so","Scene: At a craps table in a casino, Carter continues his angry outburst toward the Craps Dealer about racial inequality."
23、INT. LEE'S OFFICE - DAY,doc_22_chunk_0,Back to Heaven on Earth. I need my damn passport back. I'm going home.,"Scene: Inside Lee's place, Carter speaks to Lee about leaving and retrieving his passport."
23、INT. LEE'S OFFICE - DAY,doc_22_chunk_0,"Why you mad at me? You needed back-up, so I backed you up. I was about to take out Ricky Tan and those bodyguards.","Scene: Inside Lee's place, Carter speaks to Lee, defending his actions during a previous confrontation."
27、EXT. STREET - DAY,doc_26_chunk_1,"No, I don't eat live birds. I like my birds dead and deep fried. You ever been to Popeyes?",
27、EXT. STREET - DAY,doc_26_chunk_1,"No, don't do that, I had a big lunch.",
27、EXT. STREET - DAY,doc_26_chunk_1,"I'm warning you, I'm a police officer -- just put the blade down and let the bird go.",
26、INT. CAPTAIN DIEL'S OFFICE - LAPD HEADQUARTERS - DAY,doc_25_chunk_0,"Hong Kong? I'm not in Hong Kong. I'm in Hollywood -- right at Sunset and Vine, two minutes from the station. How about I pick you up right now and take you to dinner?","Phone conversation with Captain Diel, discussing Carter's location and making dinner plans."
26、INT. CAPTAIN DIEL'S OFFICE - LAPD HEADQUARTERS - DAY,doc_25_chunk_0,"Did I say dinner? I meant diner. Biscuits and gravy, you love that shit.","Phone conversation with Captain Diel, correcting a previous statement about dinner."
29、EXT. HONG KONG STREET - DAY,doc_28_chunk_0,How you doing? I'm looking for Heaven on Earth.,Street scene: Carter stops a man who is sweeping in front of his store; he is asking for directions to a place called Heaven on Earth.
29、EXT. HONG KONG STREET - DAY,doc_28_chunk_0,"Shan-shui cao guo-jiu, pao gai niu tao zi.",Street scene: Carter speaks a phrase from an English/Chinese dictionary while showing it to a man he has stopped.
4、INT. SUPERINDENDENT CHIN'S OFFICE - NIGHT,doc_3_chunk_2,"Don't be messing with me, Lee. I will kick your ass. I'll hit you so hard you'll end up in the Ming Dynasty.",
39、INT. SHIP'S HALLWAY - NIGHT,doc_38_chunk_0,Yeah. Tell us! And don't play games or we'll kick your lying ass!,Scene: A staircase area where Lee is confronting a bodyguard; Carter is present and speaks to the bodyguard alongside Lee.
38、EXT. YACHT - CONTINUOUS,doc_37_chunk_2,"I'm sorry, you looked like you traveled
in the best circles. But hey, I
understand. Make yourself at home,
Isabella. Champagne, caviar, whatever
you want. My ship is your ship.",
48、EXT. DOCK - NIGHT,doc_47_chunk_5,Ask me if I give a shit.,
202、INT. CASINO - CONTINUOUS,doc_201_chunk_2,"Hey, Marlboro man, you mind if your lady blows on my hand for luck?","Scene or location unspecified: Carter speaks to a Texan and a girl, asking for luck with dice."
202、INT. CASINO - CONTINUOUS,doc_201_chunk_2,"Can I come over for Thanksgiving? Come on, baby, give me some luck.","Scene or location unspecified: Carter continues speaking to the Texan and the girl, requesting luck with humor."
202、INT. CASINO - CONTINUOUS,doc_201_chunk_2,"Nice blowing. When's your next birthday, I'll be the cake.",Scene or location unspecified: Carter speaks to the girl after she blows on the dice.
202、INT. CASINO - CONTINUOUS,doc_201_chunk_2,"Don't threaten me. I got friends in this town that will bite off your ears. Just sit tight, because I've got the dice and I am on fire!","Scene or location unspecified: Carter responds to the Texan's warning, asserting dominance in a dice game."
38、EXT. YACHT - CONTINUOUS,doc_37_chunk_5,Wait a second. You're Steven Reign? You're big time. You own all them big hotels. What are you doing in Hong Kong?,"Scene: On a yacht, Carter speaks with Steven Reign and Isabella after realizing he boarded the wrong yacht."
45、INT. SHIP'S HALLWAY - CONTINUOUS,doc_44_chunk_0,"You wanna piece of me? C'mon, I'll give you a little LAPD ass kickin'.","Scene: Carter confronts Hu Li, challenging him before being attacked."
4、INT. SUPERINDENDENT CHIN'S OFFICE - NIGHT,doc_3_chunk_0,What was that? Did you just pick up a case? Did we just take another damn case on my vacation?,"Scene: After Lee hangs up a phone call, Carter speaks to Lee, questioning if they have taken on a new case during his vacation."
40、INT. RICKY TAN'S YACHT - MAIN CABIN - NIGHT,doc_39_chunk_1,"I ain't his partner, I'm a tourist. I got proof. See, I got a mini-bar key.","Scene: Inside a room with a TV, Carter speaks to Ricky Tan and Lee as Hu Li is present; the topic involves clarifying his relationship with Lee."
38、EXT. YACHT - CONTINUOUS,doc_37_chunk_4,Red Dragon? You sure about that?,"Scene: On a yacht, Carter questions Isabella about the name of the ship."
38、EXT. YACHT - CONTINUOUS,doc_37_chunk_4,Your friend's ship?,"Scene: On a yacht, Carter reacts to Isabella's revelation about the ship's ownership."
48、EXT. DOCK - NIGHT,doc_47_chunk_3,Hell no.,
48、EXT. DOCK - NIGHT,doc_47_chunk_3,"Fine. But don't expect me to talk to
you.",
3、EXT./INT. LEE'S CAR - CONTINUOUS,doc_2_chunk_1,I warned you about playing that shit when I'm in the car.,"Scene: Inside a car, Carter speaks to Lee after ejecting a CD from the stereo."
3、EXT./INT. LEE'S CAR - CONTINUOUS,doc_2_chunk_1,Did you see the way those girls drove off? I did you a favor.,"Scene: Inside a car, Carter speaks to Lee about the girls who drove off."
3、EXT./INT. LEE'S CAR - CONTINUOUS,doc_2_chunk_1,All I did was invite them for a drink.,"Scene: Inside a car, Carter speaks to Lee about his interaction with the girls."
48、EXT. DOCK - NIGHT,doc_47_chunk_6,How the hell did Tan get away with it?,"Scene: Carter is speaking with Lee, questioning how Ricky Tan escaped consequences for killing Lee's father."
36、INT. YACHT - NIGHT,doc_35_chunk_0,I'm with the band. I'm the lead singer.,Party on a boat in Hong Kong; Carter speaks with doormen at the entrance who are checking invitations.
36、INT. YACHT - NIGHT,doc_35_chunk_0,"I got held up at a wedding in Tai Koo. Ricky here yet, I need to get his requests.",Party on a boat in Hong Kong; Carter speaks with doormen at the entrance who are checking invitations.
49、INT. 747 PASSENGER COMPARTMENT,doc_48_chunk_1,Big hotel billionaire. He was on Ricky Tan's boat ordering Hu Li around just before Ricky got smoked.,
3、EXT./INT. LEE'S CAR - CONTINUOUS,doc_2_chunk_2,"I said that? Which word was ""goat""?","Scene: Inside a room, Carter is checking a Chinese-English dictionary and reacting to Lee's comment about an invitation involving a goat."
3、EXT./INT. LEE'S CAR - CONTINUOUS,doc_2_chunk_2,"Don't be giving me attitude, Lee. I've been here three days and we haven't done shit. We haven't been to a club, haven't even talked to a girl. I'm on vacation, and I want some mu-shu.","Scene: Inside a room, Carter complains to Lee about their lack of activity during his visit, expressing frustration and desire for entertainment."
38、EXT. YACHT - CONTINUOUS,doc_37_chunk_1,"How you doing, baby? My name is Prince Mubutu from Nigeria.","Scene: At a bar in the main party, Carter speaks to Isabella Molina after lighting her cigarette."
38、EXT. YACHT - CONTINUOUS,doc_37_chunk_1,San Juan! You must know my good friend,"Scene: At a bar in the main party, Carter continues speaking to Isabella Molina in mangled Spanish."
50、INT. CHEAP HOTEL ROOM - DOWNTOWN LA - NIGHT,doc_49_chunk_5,What did you say?,
220、INT. LAS VEGAS AIRPORT - NIGHT,doc_219_chunk_2,"Your father's badge? No way, man. I can't take this.",Scene: Lee offers Carter his father's badge; Carter initially refuses it.
220、INT. LAS VEGAS AIRPORT - NIGHT,doc_219_chunk_2,"In that case, I got something for you. I picked it up at the hotel.",Scene: Carter responds to Lee by offering something in return; speaking with Lee at an unspecified location.
220、INT. LAS VEGAS AIRPORT - NIGHT,doc_219_chunk_2,About fifty grand. I won it at the tables.,Scene: Carter explains the origin of the money he is giving to Lee.
220、INT. LAS VEGAS AIRPORT - NIGHT,doc_219_chunk_2,"It's okay, I got lots more.",Scene: Carter reassures Lee after Lee refuses to accept the money.
36、INT. YACHT - NIGHT,doc_35_chunk_1,"Last party all he wanted was Sting -- not one person danced. Tonight I'm doing Superfreak, I don't care what he says. Where is he?","Scene: At a building entrance, Carter speaks to the doorman about Mr. Tan and his plans for the party music."
36、INT. YACHT - NIGHT,doc_35_chunk_1,"Help? I'm not the help, man -- I'm the star. That's my band up there -- I control the mood, the groove, the atmosphere.","Scene: At a building entrance, Carter confronts the doorman after being denied access, asserting his importance."
56、INT. STAIRWELL - NIGHT,doc_55_chunk_0,Get out of the building!,
57、EXT. REIGN TOWERS HOTEL - ROOF - NIGHT,doc_56_chunk_1,I wouldn't do that!!!,
50、INT. CHEAP HOTEL ROOM - DOWNTOWN LA - NIGHT,doc_49_chunk_12,Lee...it's the girl who delivered the package to your office. It's a bomb!,"Inside a hotel room, Carter alerts Lee about the package delivery girl being a threat, realizing the package is a bomb."
50、INT. CHEAP HOTEL ROOM - DOWNTOWN LA - NIGHT,doc_49_chunk_3,"Lee, maybe it's best if we don't discuss our personal lives. Let's die curious.",
50、INT. CHEAP HOTEL ROOM - DOWNTOWN LA - NIGHT,doc_49_chunk_3,What's she doing?,
57、EXT. REIGN TOWERS HOTEL - ROOF - NIGHT,doc_56_chunk_3,"Yeah, that's right.",
32、INT. TAXI - EVENING,doc_31_chunk_0,Follow that limo.,"Scene: In a cab, Carter speaks to the cab driver, instructing him to follow a limo."
32、INT. TAXI - EVENING,doc_31_chunk_0,"You understand what I'm saying? Follow that car! Where it goes, you go! This is a chase -- we are chasing that limo!","Scene: In a cab, Carter speaks to the cab driver, emphasizing the urgency of following the limo."
32、INT. TAXI - EVENING,doc_31_chunk_0,We are still parked -- we're not moving! This is the opposite of chasing -- drive the car or I will kill you!,"Scene: In a cab, Carter speaks to the cab driver, expressing frustration that the car hasn't moved and demanding action."
23、INT. LEE'S OFFICE - DAY,doc_22_chunk_1,My bullshit? I'm not the one who goes to a karaoke bar filled with gangsters! I'm not the one who goes to massage parlors to bust crime lords!,"Scene: Confrontation between Carter and Lee, likely in a public or urban setting; Carter criticizes Lee's methods and lifestyle."
23、INT. LEE'S OFFICE - DAY,doc_22_chunk_1,"You're pathetic, man. When's the last time you had some fun? When's the last time you took a night off, had a date?",Scene: Confrontation between Carter and Lee; Carter questions Lee's work-life balance and personal life.
23、INT. LEE'S OFFICE - DAY,doc_22_chunk_1,"Really? When's the last time you had some Mu-shu Let's hear it, Lee, when was it? Year of the rat?",Scene: Confrontation between Carter and Lee; Carter mocks Lee about his dating life and cultural background.
58、INT. ISABELLA'S SUITE - LATER,doc_57_chunk_1,It's a myth. Some kind of counterfeit.,
54、INT. REIGN TOWERS HOTEL - PENTHOUSE SUITE - CONTINUOUS,doc_53_chunk_0,"Damn girl, you fine.",Bedroom scene: Carter enters with Lee and speaks to Isabella after she opens a package and is seen in bra and panties.
40、INT. RICKY TAN'S YACHT - MAIN CABIN - NIGHT,doc_39_chunk_2,"What, leave you alone so he can cap you?","Scene: Carter confronts Lee about leaving him alone, concerned for his safety."
40、INT. RICKY TAN'S YACHT - MAIN CABIN - NIGHT,doc_39_chunk_2,Why the hell should you believe him? He had us beat up. Naked. That's nasty shit.,Scene: Carter expresses distrust toward someone who had previously attacked him and Lee.
40、INT. RICKY TAN'S YACHT - MAIN CABIN - NIGHT,doc_39_chunk_2,What the hell is going on here?,"Scene: Carter questions the situation after hearing about Lee's father and Ricky Tan, speaking to Lee."
57、EXT. REIGN TOWERS HOTEL - ROOF - NIGHT,doc_56_chunk_0,There's people up here!,Roof scene: Carter is holding a bomb and responds to Lee warning about people below; discussing where to dispose of the bomb.
50、INT. CHEAP HOTEL ROOM - DOWNTOWN LA - NIGHT,doc_49_chunk_8,"This is our job. We took an oath as police officers. If we don't do this, who will? Firemen?","Scene: At a window during a surveillance operation, Carter speaks to Lee about their responsibilities as police officers while observing Isabella."
48、EXT. DOCK - NIGHT,doc_47_chunk_1,"What ""revenge"" is he talking about?",Scene with Special Agent Sterling discussing a case involving Tan and the Fu-Cang-Long.
48、EXT. DOCK - NIGHT,doc_47_chunk_1,"Hey, you, Secret Service Man, what are you --","Scene with Special Agent Sterling, as Carter is being removed from the case."
48、EXT. DOCK - NIGHT,doc_47_chunk_1,Fine with me.,"Scene with Special Agent Sterling, after being ordered off the case and told to return to L.A."
39、INT. SHIP'S HALLWAY - NIGHT,doc_38_chunk_1,Who died?,"Scene: Lee and Carter are confronted by bodyguards; Lee has just called Carter's name, and Carter responds with this question."
39、INT. SHIP'S HALLWAY - NIGHT,doc_38_chunk_1,Detective Yu? Never met him.,Scene: Lee tells Carter that someone has died; Carter denies knowing Detective Yu.
39、INT. SHIP'S HALLWAY - NIGHT,doc_38_chunk_1,Who?,Scene: Lee insists that Carter has died; Carter responds with confusion.
39、INT. SHIP'S HALLWAY - NIGHT,doc_38_chunk_1,"Nobody understands the words that are
coming out of your mouth.",Scene: Lee questions Carter's comprehension; Carter replies sarcastically.
48、EXT. DOCK - NIGHT,doc_47_chunk_8,IT IS CRAZY!,
48、EXT. DOCK - NIGHT,doc_47_chunk_8,So are you getting on the plane or not?!,
48、EXT. DOCK - NIGHT,doc_47_chunk_8,"Come on, we still got time to order the Kosher meal. Always get the kosher meal, they bring it first.",
48、EXT. DOCK - NIGHT,doc_47_chunk_8,It sounds impossible --,
50、INT. CHEAP HOTEL ROOM - DOWNTOWN LA - NIGHT,doc_49_chunk_4,Lee? You okay?,"Scene: Observing Isabella through binoculars, Carter checks on Lee's condition."
50、INT. CHEAP HOTEL ROOM - DOWNTOWN LA - NIGHT,doc_49_chunk_4,Just don't fall asleep. Sooner or later something's gonna happen.,"Scene: Observing Isabella through binoculars, Carter advises Lee to stay alert."
58、INT. ISABELLA'S SUITE - LATER,doc_57_chunk_2,How're they getting into the U.S. Mint to use the presses?,
48、EXT. DOCK - NIGHT,doc_47_chunk_7,"This is about your Daddy's death? Hell, Lee, you know my father died on the job. You could have told me... This is about more than all that, isn't it? This is about your Daddy's last case, right?",
48、EXT. DOCK - NIGHT,doc_47_chunk_7,"You thought the ""Customs Agents get blown up"" and ""smuggling"" and ""Ricky Tan"" and you put it all together and came up with a five year old case. That's why you didn't tell me what we were doing...",
48、EXT. DOCK - NIGHT,doc_47_chunk_9,"but if somebody gave me the chance to square up my father's death, I'd go to hell to do it.",
48、EXT. DOCK - NIGHT,doc_47_chunk_9,"You want to figure out why they killed your Daddy, get on the plane.","Carter speaking to Lee, convincing him to go to LA to investigate his father's death."
48、EXT. DOCK - NIGHT,doc_47_chunk_9,I guess you're going to have to trust me on this one.,"Carter speaking to Lee, urging him to trust his judgment about going to LA."
58、INT. ISABELLA'S SUITE - LATER,doc_57_chunk_4,What the hell are they going to do with a hundred million dollars in funny money?,"Scene or location not specified; Carter speaks to Isabella and possibly others, discussing the counterfeit money operation."
50、INT. CHEAP HOTEL ROOM - DOWNTOWN LA - NIGHT,doc_49_chunk_9,Wait a sec - what the hell is that between her legs?,
50、INT. CHEAP HOTEL ROOM - DOWNTOWN LA - NIGHT,doc_49_chunk_9,"She's reaching into her panties -- something is strapped to her leg. Oh,God...please don't let it be a dick.",
50、INT. CHEAP HOTEL ROOM - DOWNTOWN LA - NIGHT,doc_49_chunk_9,"No, I don't believe this shit -- it's a microphone. Lee, she's wired...",
38、EXT. YACHT - CONTINUOUS,doc_37_chunk_3,"That's right. I'm the owner, the
Captain -- you can call me El Capitan.","Scene: On a yacht, Carter responds to Isabella's question about the ship and introduces himself."
38、EXT. YACHT - CONTINUOUS,doc_37_chunk_3,"I don't want to play games with you,
Isabella. I like you. I can see myself
with you -- in one of those bathrooms
over there in about five minutes.","Scene: On a yacht, Carter speaks candidly to Isabella, expressing attraction and making a suggestive proposition."
38、EXT. YACHT - CONTINUOUS,doc_37_chunk_3,"Called? What's my ship called?
(he has no idea)
Well...it's called the S.S. Minnow
Johnson.","Scene: On a yacht, Carter hesitates and fabricates a name when asked by Isabella what the ship is called."
5、EXT. RAVEN CLUB - NIGHT,doc_4_chunk_1,Just relax and don't worry about a thing. I'll hook you up in there. You got condoms?,"Scene: Carter is with Lee, preparing to enter a place; he offers advice and asks if Lee has condoms."
5、EXT. RAVEN CLUB - NIGHT,doc_4_chunk_1,Take this. It's a Magnum. You can fold it in half.,"Scene: Carter gives Lee a condom, specifically a Magnum, and tells him how to fold it."
64、INT. KITCHEN - CONTINUOUS,doc_63_chunk_6,Lemme see 'em.,"Kenny's place, Carter asks to see the bills after Kenny mentions they checked out under infrared testing."
49、INT. 747 PASSENGER COMPARTMENT,doc_48_chunk_2,"Because when the shooting started he was way too cool. See most white people, when there's shooting, they either hide in a toilet or start screaming high pitched like ""Aaaahhh!!! Aaaahh!!!!""",
49、INT. 747 PASSENGER COMPARTMENT,doc_48_chunk_2,Black people keep their cool when the shit goes down.,
49、INT. 747 PASSENGER COMPARTMENT,doc_48_chunk_2,"Yeah, what about when Godzilla was coming? You people were screaming your asses off.",
49、INT. 747 PASSENGER COMPARTMENT,doc_48_chunk_2,The same place you find all RichWhiteMen.,
68、EXT. LOADING DOCK PLATFORM - REIGN PLAZA - CONTINUOUS,doc_67_chunk_2,"I hope you just said I have no business being here, 'cos I was just leaving.",
64、INT. KITCHEN - CONTINUOUS,doc_63_chunk_7,"All right, Kenny. Thanks. You're off the hook. For now.","Scene: At Kenny's place, Carter speaks to Kenny after receiving information about Zing."
49、INT. 747 PASSENGER COMPARTMENT,doc_48_chunk_0,"Lee, let me introduce you to the Carter Theory of Criminal Investigation: Follow the Rich White Man.","Scene: On a plane with other passengers, Carter is speaking to Lee about his theory of criminal investigation."
49、INT. 747 PASSENGER COMPARTMENT,doc_48_chunk_0,"Almost, but you've got to say ""Rich White Man"" all run together like it's one word.","Scene: On a plane with other passengers, Carter is correcting Lee's pronunciation of ""Rich White Man"" in reference to his investigation theory."
49、INT. 747 PASSENGER COMPARTMENT,doc_48_chunk_0,"Not bad. Now every crime, somewhere,","Scene: On a plane with other passengers, Carter is elaborating on his investigation theory to Lee."
66、EXT. REIGN SHIPPING ROOM - CONTINUOUS,doc_65_chunk_0,We're looking for a guy named Zing. Is he here?,"Scene: A workplace or similar setting; Carter is speaking to a worker, asking about Zing's location."
6、INT. RAVEN CLUB - NIGHT,doc_5_chunk_0,Blend in? I'm two feet taller than everyone here. Where you going?,"Scene: In a dark, upscale club filled with gangsters, beautiful girls, and civilians. Carter speaks to Lee as they enter the club, commenting on blending in and asking about Lee's departure."
68、EXT. LOADING DOCK PLATFORM - REIGN PLAZA - CONTINUOUS,doc_67_chunk_3,"oh, that's a filling right there. That's gonna cost you.","Scene: During a fight, Carter is punched by Hu Li and speaks about dental damage."
59、EXT. REIGN TOWERS HOTEL - CONTINUOUS,doc_58_chunk_1,"You're just jealous 'cos the girl picked me. I'm tall, dark and handsome, you're third world ugly.",
59、EXT. REIGN TOWERS HOTEL - CONTINUOUS,doc_58_chunk_1,"Snoopy is about six inches taller than you. I'm sorry, Lee, you never had a chance.",
50、INT. CHEAP HOTEL ROOM - DOWNTOWN LA - NIGHT,doc_49_chunk_1,"Yeah, that's definitely the woman from Ricky Tan's boat, and she's staying in his suite at his hotel, I told you this would work out. They still just talking?","Scene: In a hotel room, Carter speaks to Lee while observing a woman from Ricky Tan's boat."
50、INT. CHEAP HOTEL ROOM - DOWNTOWN LA - NIGHT,doc_49_chunk_1,He'll be back soon.,"Scene: In a hotel room, Carter speaks to Lee after observing a man leaving the woman."
50、INT. CHEAP HOTEL ROOM - DOWNTOWN LA - NIGHT,doc_49_chunk_1,"Look at her. Now, wake me in an hour, I'll take over.","Scene: In a hotel room, Carter speaks to Lee before trying to sleep."
63、INT. BACK ROOM - CONTINUOUS,doc_62_chunk_0,"This is where I say I'm LAPD in a loud
voice, they all scream and run and shit.
Watch. It's real funny.","Scene: Inside a smoky, crowded room with men playing mah-jongg for big money; Carter speaks to Kenny about pretending to be LAPD."
55、INT. REIGN TOWERS HOTEL - CONTINUOUS,doc_54_chunk_1,Pick it up!,"Scene: At the bomb location, Carter is with Lee; they are trying to handle a bomb."
55、INT. REIGN TOWERS HOTEL - CONTINUOUS,doc_54_chunk_1,I don't need a turn!,"Scene: At the bomb location, Carter is with Lee; they are arguing about who should pick up the bomb."
55、INT. REIGN TOWERS HOTEL - CONTINUOUS,doc_54_chunk_1,Get the hell away from here!,"Scene: In a hallway near an elevator, Carter sees an older couple inside the elevator while holding a bomb."
62、INT. KITCHEN,doc_61_chunk_0,Kenny! How you doin'?,"Busy kitchen; Carter greets Kenny, the owner."
62、INT. KITCHEN,doc_61_chunk_0,How's the action tonight? The house making out okay?,"Busy kitchen; Carter speaks with Kenny, the owner, about the night's business."
5、EXT. RAVEN CLUB - NIGHT,doc_4_chunk_0,That's what I'm talking about. A real Hong Kong night club.,"Outside the Raven Club, Carter comments on the club as he and Lee arrive, spotting two women entering."
5、EXT. RAVEN CLUB - NIGHT,doc_4_chunk_0,You want an Altoid?,"Outside the Raven Club, Carter offers Lee an Altoid as they walk to the club entrance."
5、EXT. RAVEN CLUB - NIGHT,doc_4_chunk_0,You better take one. Your breath has been a little funky all day. Let me look at you.,"Outside the Raven Club, Carter insists Lee take an Altoid, commenting on his breath."
71、INT. EIGHTEEN WHEELER - TRUCK BED - DAY,doc_70_chunk_4,You're kidding. No sex? Nothing? No,
71、INT. EIGHTEEN WHEELER - TRUCK BED - DAY,doc_70_chunk_7,Go ahead. Sing your ass off.,
50、INT. CHEAP HOTEL ROOM - DOWNTOWN LA - NIGHT,doc_49_chunk_7,"Oh, sweet glory hallelujah...I don't want to hear this.",
50、INT. CHEAP HOTEL ROOM - DOWNTOWN LA - NIGHT,doc_49_chunk_7,"Skirt just came off. She's in black bra and panties -- Victoria Secret Spring Catalogue, page 27 -- wait a sec - there's a tattoo on her left thigh... it looks like Snoopy.",
50、INT. CHEAP HOTEL ROOM - DOWNTOWN LA - NIGHT,doc_49_chunk_7,She just took her hair down. Now she's going for the bra -- the clasp is in front -- she's using both hands.,
50、INT. CHEAP HOTEL ROOM - DOWNTOWN LA - NIGHT,doc_49_chunk_7,You better get that ice.,Speaking to Lee during an observation.
7、INT. RAVEN CLUB - BACK HALL - NIGHT,doc_6_chunk_0,"Get closer to my body now. And just love me, till you don't know how...",Scene: Lee hears Carter's voice-over singing 'DON'T STOP 'TIL YOU GET ENOUGH' while observing Triads counting money in a private room.
48、EXT. DOCK - NIGHT,doc_47_chunk_4,"What are you gonna do about it, grasshopper?",Scene: Confrontation between Carter and Lee; Carter challenges Lee after being warned.
48、EXT. DOCK - NIGHT,doc_47_chunk_4,"Give me your best shot, you flat assed mama's boy.",Scene: Confrontation between Carter and Lee; Carter taunts Lee after Lee threatens him.
48、EXT. DOCK - NIGHT,doc_47_chunk_4,I heard your mama pulls a rickshaw.,Scene: Confrontation between Carter and Lee; Carter insults Lee's mother.
48、EXT. DOCK - NIGHT,doc_47_chunk_4,"You're not very good at this, are you?",Scene: Confrontation between Carter and Lee; Carter mocks Lee's attempt at intimidation.
48、EXT. DOCK - NIGHT,doc_47_chunk_4,Forget it.,Scene: Confrontation between Carter and Lee; Carter dismisses the argument after making his point.
50、INT. CHEAP HOTEL ROOM - DOWNTOWN LA - NIGHT,doc_49_chunk_6,Hot? I'm freezing my ass off.,"Scene in which Carter and Lee are observing a situation through a window; Lee comments on the temperature, and Carter responds."
50、INT. CHEAP HOTEL ROOM - DOWNTOWN LA - NIGHT,doc_49_chunk_6,What's going on?,Scene in which Lee appears dazed and mentions someone is getting undressed; Carter reacts with concern.
50、INT. CHEAP HOTEL ROOM - DOWNTOWN LA - NIGHT,doc_49_chunk_6,Gimme the binoculars.,Scene in which Carter demands the binoculars from Lee to observe something through the window.
50、INT. CHEAP HOTEL ROOM - DOWNTOWN LA - NIGHT,doc_49_chunk_6,Gimme the binoculars or I will shoot you.,Scene in which Carter threatens Lee to obtain the binoculars.
6、INT. RAVEN CLUB - NIGHT,doc_5_chunk_1,How you boys doing tonight?,"Bathroom: Carter speaks to two Chinese thugs at the bar, attempting to engage them in conversation."
6、INT. RAVEN CLUB - NIGHT,doc_5_chunk_1,That is the worst singing I've ever heard. That sounds like something you'd hear in prison after lights out.,Bathroom: Carter comments on the old man's singing while sitting next to two Chinese thugs at the bar.
57、EXT. REIGN TOWERS HOTEL - ROOF - NIGHT,doc_56_chunk_2,Throw us in jail? I'm about to bust you right now.,"Scene: Confrontation with Isabella, who claims there is no bomb; Carter challenges her threat to arrest them."
57、EXT. REIGN TOWERS HOTEL - ROOF - NIGHT,doc_56_chunk_2,How do we know you're not lying? Let me see your badge.,Scene: After Isabella reveals she is an undercover agent; Carter demands to see her badge.
57、EXT. REIGN TOWERS HOTEL - ROOF - NIGHT,doc_56_chunk_2,Let me see it again?,Scene: After Isabella shows her badge; Carter questions its authenticity and asks to see it again.
68、EXT. LOADING DOCK PLATFORM - REIGN PLAZA - CONTINUOUS,doc_67_chunk_4,"I should kill you right now, but I'mgonna let you live, 'cause you're fine, and maybe you can be reformed.",
68、EXT. LOADING DOCK PLATFORM - REIGN PLAZA - CONTINUOUS,doc_67_chunk_4,No more hitting. I'll get in the truck myself.,
64、INT. KITCHEN - CONTINUOUS,doc_63_chunk_4,I heard that.,
64、INT. KITCHEN - CONTINUOUS,doc_63_chunk_4,"Look, I need some info and I don't have time to play around.",
64、INT. KITCHEN - CONTINUOUS,doc_63_chunk_4,How'd you know?,
64、INT. KITCHEN - CONTINUOUS,doc_63_chunk_4,So tell me what you know.,
79、EXT. RED DRAGON HOTEL AND CASINO - NIGHT,doc_78_chunk_0,That was the name of Ricky Tan's boat.,
8、INT. RAVEN CLUB - CONTINUOUS,doc_7_chunk_3,You mean Tito. We had Toto for dinner last night.,
59、EXT. REIGN TOWERS HOTEL - CONTINUOUS,doc_58_chunk_0,"Secret Service Agent Carter. This is my calling, Lee. Give me six months and I'll be in Washington protecting a white guy.","Scene: On a street, Carter speaks to Lee while approaching his parked VETTE, discussing his aspirations to become a Secret Service agent."
59、EXT. REIGN TOWERS HOTEL - CONTINUOUS,doc_58_chunk_0,"They don't know that. What are they gonna do, try and shoot the President during the interview? I'll bet Isabella","Scene: On a street, Carter continues speaking to Lee while approaching his parked VETTE, expressing confidence about his role and speculating about a potential threat."
81、INT. VERSACE BOUTIQUE - CONTINUOUS,doc_80_chunk_0,Black. 42-long. Nothing touches this body but pure silk. And get my partner something from the children's department.,
78、EXT. LAS VEGAS BLVD. - DUSK,doc_77_chunk_0,Lee. I just got an idea how someone could launder a hundred million dollars in cash.,"Scene: On the Las Vegas Strip, emerging from a manhole; Carter speaks to Lee about money laundering."
71、INT. EIGHTEEN WHEELER - TRUCK BED - DAY,doc_70_chunk_5,What about a little king pao chicken?,
71、INT. EIGHTEEN WHEELER - TRUCK BED - DAY,doc_70_chunk_5,Steamed dumplings?,
71、INT. EIGHTEEN WHEELER - TRUCK BED - DAY,doc_70_chunk_5,"That's rough, man. If I don't get
steamed dumplings once a week, I go
crazy.",
8、INT. RAVEN CLUB - CONTINUOUS,doc_7_chunk_0,"Are you kidding, they love me. I'm a star, Lee. A god to these people!",Karaoke stage performance; Carter speaks to Lee during a performance in front of a Chinese audience.
50、INT. CHEAP HOTEL ROOM - DOWNTOWN LA - NIGHT,doc_49_chunk_2,"Hey, I didn't mean to call you pathetic.","Scene: Conversation with Lee, discussing Lee's work habits and personal life."
50、INT. CHEAP HOTEL ROOM - DOWNTOWN LA - NIGHT,doc_49_chunk_2,You pull a muscle or something?,"Scene: Conversation with Lee, reacting to Lee's comment about not having mu-shu in six months."
50、INT. CHEAP HOTEL ROOM - DOWNTOWN LA - NIGHT,doc_49_chunk_2,"I'm sorry, Lee. Why did she leave you?","Scene: Conversation with Lee, after learning Lee's fiancée left him."
50、INT. CHEAP HOTEL ROOM - DOWNTOWN LA - NIGHT,doc_49_chunk_2,"Let me guess, she couldn't handle the cop thing -- never knowing if you were dead or alive. I've seen it a million times.","Scene: Conversation with Lee, speculating why Lee's fiancée left him."
50、INT. CHEAP HOTEL ROOM - DOWNTOWN LA - NIGHT,doc_49_chunk_2,Excuse me?,"Scene: Conversation with Lee, reacting to Lee's revelation that his fiancée left because of his singing."
82、EXT. RED DRAGON - NIGHT,doc_81_chunk_0,"Remember, Lee, you're a player now. You own the place.","Scene: Entering a venue, Carter speaks to Lee about adopting a confident persona."
64、INT. KITCHEN - CONTINUOUS,doc_63_chunk_0,What?? Where'd you hear that?,Scene: Inside a room after being led in by Kenny; Carter is speaking to Kenny about an incident in Hong Kong.
64、INT. KITCHEN - CONTINUOUS,doc_63_chunk_0,"And I got mine, meaning you. Nice how that works out.",Scene: Inside a room after being led in by Kenny; Carter is speaking to Kenny about sources of information.
64、INT. KITCHEN - CONTINUOUS,doc_63_chunk_0,"I'm serious this time, I'm closing this place down.",Scene: Inside a room after being led in by Kenny; Carter is speaking to Kenny and Lee about closing the place down.
8、INT. RAVEN CLUB - CONTINUOUS,doc_7_chunk_6,I come back and catch y'all singing Michael Jackson and you're all going to jail.,"Scene where the crowd is present and gangsters are leaving; Carter speaks as they run out, likely addressing the gangsters or the crowd."
75、INT. 18-WHEELER - TRUCK BED - CONTINUOUS,doc_74_chunk_2,End of the line.,
75、INT. 18-WHEELER - TRUCK BED - CONTINUOUS,doc_74_chunk_2,"Oh no you don't. Don't you be getting corny on me, Lee. I'll kick your ass from here to Compton.",
75、INT. 18-WHEELER - TRUCK BED - CONTINUOUS,doc_74_chunk_2,Don't you talk about my mama.,
75、INT. 18-WHEELER - TRUCK BED - CONTINUOUS,doc_74_chunk_0,Very nice.,"Scene: Carter and Lee are trying to open a crate; Lee successfully punches a hole in it, impressing Carter."
75、INT. 18-WHEELER - TRUCK BED - CONTINUOUS,doc_74_chunk_0,I'll remember that next time I'm fighting a box.,Scene: Carter and Lee are trying to open a crate; Carter makes a sarcastic remark after Lee explains his technique for hitting the crate.
86、INT. CASINO - NIGHT,doc_85_chunk_1,"You're right, you're a smart guy. Most counterfeiters only get ten cents on the dollar. But this is an even swap. Pure genius.","Scene: In Las Vegas, Carter speaks to Steven Reign about a counterfeit operation and a deal."
71、INT. EIGHTEEN WHEELER - TRUCK BED - DAY,doc_70_chunk_2,You got that right. And we ain't brothers. Maybe we should just end this right here.,
71、INT. EIGHTEEN WHEELER - TRUCK BED - DAY,doc_70_chunk_2,"I won't talk to you, you don't talk to me. We'll die in peace.",
71、INT. EIGHTEEN WHEELER - TRUCK BED - DAY,doc_70_chunk_2,I don't believe in reincarnation. So I won't see you in the next world.,
71、INT. EIGHTEEN WHEELER - TRUCK BED - DAY,doc_70_chunk_2,I believe in heaven. You people believe in heaven?,
92、INT. CASINO - CONTINUOUS,doc_91_chunk_3,Let it ride!,
84、INT. CASINO - NIGHT,doc_83_chunk_1,"Look at this place, Lee. The biggest front in the world.",Scene: In a casino as people pour in; Carter speaks to Lee about the casino's appearance.
84、INT. CASINO - NIGHT,doc_83_chunk_1,Wait here. I'll handle this.,Scene: In a casino; Carter speaks to Lee before approaching someone.
8、INT. RAVEN CLUB - CONTINUOUS,doc_7_chunk_2,Tread softly? Who taught you how to roost a bar?,
8、INT. RAVEN CLUB - CONTINUOUS,doc_7_chunk_2,"Man, are you crazy? You think that scares me? I'm from L.A. We invented gangs. We were having gang wars before anybody even thought about it. We get royalties from other gangs. Now gimme your badge and gun and I'll show you how it's done.",
9、EXT. RAVEN CLUB - NIGHT,doc_8_chunk_0,Stop! LAPD!,"Scene: In the street, Carter shouts at Hu Li and several gangsters as they round a corner; Lee begins chasing them on foot."
79、EXT. RED DRAGON HOTEL AND CASINO - NIGHT,doc_78_chunk_1,"Wait a second. We can't go in like this. Look at this place, we gotta look fly. We gotta Mac out.",Scene or location not specified: Carter speaks to Lee about needing to appear stylish before entering a place.
79、EXT. RED DRAGON HOTEL AND CASINO - NIGHT,doc_78_chunk_1,"Just stay down wind, because I think you stepped in some serious rat shit down there.","Scene or location not specified: Carter speaks to Lee while they are walking away, commenting on a bad smell."
8、INT. RAVEN CLUB - CONTINUOUS,doc_7_chunk_4,"Deng wa lu yun, shen wu wattu masu wang lui.",
8、INT. RAVEN CLUB - CONTINUOUS,doc_7_chunk_4,What'd I say?,"Scene: In a bar, Carter whispers to Lee after speaking in Chinese."
8、INT. RAVEN CLUB - CONTINUOUS,doc_7_chunk_4,"Shit. C'mon, get up here and help me out.","Scene: In a bar, Carter speaks to Lee after realizing his mistake."
71、INT. EIGHTEEN WHEELER - TRUCK BED - DAY,doc_70_chunk_0,What's the first thing I told you -- never trust nobody. How could you fall for that shit? I knew she was dirty.,"Scene with crates of money; Carter speaks to Lee about trusting someone they both know, expressing distrust in a woman who saved their lives."
71、INT. EIGHTEEN WHEELER - TRUCK BED - DAY,doc_70_chunk_0,"For how long? Face it, Lee, she's playing both sides.","Scene with crates of money; Carter continues speaking to Lee about the same woman, arguing she is untrustworthy."
71、INT. EIGHTEEN WHEELER - TRUCK BED - DAY,doc_70_chunk_0,"Look, man I'm sorry. I know you got a thing for her.","Scene with crates of money; Carter apologizes to Lee, acknowledging Lee's feelings for the woman they are discussing."
88、INT. CASINO - CONTINUOUS,doc_87_chunk_0,"I saw the sign, I can read. Now gimme a hundred-thousand in chips. And a Diet Coke and some wash-n-dries. Let's move, people, I came to play.","At a craps table in a casino, Carter responds to the dealer's comment about the buy-in requirement and places a large bet."
81、INT. VERSACE BOUTIQUE - CONTINUOUS,doc_80_chunk_1,"Couple? No, you got it wrong, there's no couple here. Just two single police officers working a very dangerous case.","Scene: A store or shopping area, Carter speaks to Lee after being mistaken for a couple by the salesman."
81、INT. VERSACE BOUTIQUE - CONTINUOUS,doc_80_chunk_1,This is the last time I go shopping with you.,"Scene: A store or shopping area, Carter speaks to Lee after the salesman walks off."
99、INT. CASINO - CONTINUOUS,doc_98_chunk_2,Check it out. Catfight!,
8、INT. RAVEN CLUB - CONTINUOUS,doc_7_chunk_5,"Okay, all the Triads and ugly women go to that side, all fine ass women on this side.",
8、INT. RAVEN CLUB - CONTINUOUS,doc_7_chunk_5,"Let's try this again. Who here knows Ricky Tan, raise your hand.",
8、INT. RAVEN CLUB - CONTINUOUS,doc_7_chunk_5,Who here is named Lee? Raise your hand.,
8、INT. RAVEN CLUB - CONTINUOUS,doc_7_chunk_5,Now I know you're lying.,
71、INT. EIGHTEEN WHEELER - TRUCK BED - DAY,doc_70_chunk_6,Are you serious?,"Scene: In an unspecified location, Carter responds to Lee asking if he thinks Lee has a good voice."
71、INT. EIGHTEEN WHEELER - TRUCK BED - DAY,doc_70_chunk_6,As long as you're asking...I think you have a pretty good voice.,"Scene: In an unspecified location, Carter responds to Lee's question about his voice after Lee initially dismisses it."
71、INT. EIGHTEEN WHEELER - TRUCK BED - DAY,doc_70_chunk_6,That depends. How do the Fu-Cang-Long usually kill their victims?,"Scene: In an unspecified location, Carter asks Lee about the Fu-Cang-Long's methods, shifting the conversation from singing to danger."
83、INT. RED DRAGON - CONTINUOUS,doc_82_chunk_0,That looks exactly like my Uncle Darrell.,Lobby: Carter is walking with Lee past a giant Buddha statue and makes a comment about its resemblance to his uncle.
83、INT. RED DRAGON - CONTINUOUS,doc_82_chunk_0,Buddha is the symbol for fat and lazy. The man has the biggest tits in Asia.,"Main Entry Hall: Carter is moving with Lee past the Buddha and continues commenting on its appearance, contrasting Lee's earlier statement about Buddha symbolizing luck."
87、INT. DANCE FLOOR - NIGHT,doc_86_chunk_1,"Lee, what the hell are you doing?",Scene on the dance floor: Carter confronts Lee about his actions while working on a mission.
87、INT. DANCE FLOOR - NIGHT,doc_86_chunk_1,"Dancing? I'm out here trying to strong arm Steven Reign, putting my life on the line, and you're up here dancing with some bimbo. Did she have a friend?",Scene on the dance floor: Carter expresses frustration to Lee about being distracted during a critical mission.
86、INT. CASINO - NIGHT,doc_85_chunk_0,"Stevie, how's it going my man? Somebody get a picture, we can use it for a mug shot.",Casino: Carter greets Steven Reign and jokes about taking a picture.
86、INT. CASINO - NIGHT,doc_85_chunk_0,"Lemme ask you something, Steven. And I want the truth. Is there any way I can date your daughter? Just dinner and a movie, maybe go listen to some jazz...","Casino: Carter speaks with Steven Reign, asking permission to date his daughter."
83、INT. RED DRAGON - CONTINUOUS,doc_82_chunk_4,Bring us some twelve-year old scotch...,"Casino lounge, Carter speaks to a waitress while walking down the red carpet with Lee."
83、INT. RED DRAGON - CONTINUOUS,doc_82_chunk_4,Get us a box of your finest cigars.,"Casino lounge, Carter speaks to a cigarette girl while walking down the red carpet with Lee."
83、INT. RED DRAGON - CONTINUOUS,doc_82_chunk_4,Give me ten dollars in nickels.,"Casino lounge, Carter speaks to a change girl while walking down the red carpet with Lee."
71、INT. EIGHTEEN WHEELER - TRUCK BED - DAY,doc_70_chunk_1,"I'm about to be killed and you ""Shhh""
me! This wasn't my case, Lee. Ricky
Tan didn't kill my father, the Fu-Cang
Long are not in South Central. I didn't
have to help you.","Scene: Unspecified location, Carter confronts Lee during a tense moment, explaining his involvement in the case and expressing frustration."
71、INT. EIGHTEEN WHEELER - TRUCK BED - DAY,doc_70_chunk_1,It doesn't matter.,"Scene: Unspecified location, Carter responds to Lee's question about why he helped him."
71、INT. EIGHTEEN WHEELER - TRUCK BED - DAY,doc_70_chunk_1,"We are not partners. Between your
daddy, my daddy, and the beating I just
took, as far as I can tell all partners
get you is dead.","Scene: Unspecified location, Carter tells Lee they are not partners, reflecting on the dangers and losses associated with partnerships."
71、INT. EIGHTEEN WHEELER - TRUCK BED - DAY,doc_70_chunk_3,"Is it the same heaven, or is it a
Chinese heaven?",
71、INT. EIGHTEEN WHEELER - TRUCK BED - DAY,doc_70_chunk_3,"I thought it might be like those five
foot and under basketball leagues. They
don't let everybody in.",
71、INT. EIGHTEEN WHEELER - TRUCK BED - DAY,doc_70_chunk_3,Fine by me.,
71、INT. EIGHTEEN WHEELER - TRUCK BED - DAY,doc_70_chunk_3,"You thinking about that girl that dumped
you?",
71、INT. EIGHTEEN WHEELER - TRUCK BED - DAY,doc_70_chunk_3,"If she was the right girl, you'd be
thinking about her.",
71、INT. EIGHTEEN WHEELER - TRUCK BED - DAY,doc_70_chunk_3,Mind your own business.,
71、INT. EIGHTEEN WHEELER - TRUCK BED - DAY,doc_70_chunk_3,How was the sex?,
8、INT. RAVEN CLUB - CONTINUOUS,doc_7_chunk_1,I knew you were lying.,Scene context not specified: Carter confronts Lee about lying while undercover at a gangster bar.
8、INT. RAVEN CLUB - CONTINUOUS,doc_7_chunk_1,"Damn it, why are you ruining my night?
I'm just starting to have fun.",Scene context not specified: Carter expresses frustration to Lee about the undercover mission interrupting his enjoyment at a gangster bar.
8、INT. RAVEN CLUB - CONTINUOUS,doc_7_chunk_1,"Well fine then, go ahead, pull your
badge and do your thing.",Scene context not specified: Carter sarcastically tells Lee to proceed with the undercover operation at the gangster bar.
90、INT. CRAPS TABLE - NIGHT,doc_89_chunk_1,"I have a dream, where black people and white people can gamble together without getting different chips!",
90、INT. CRAPS TABLE - NIGHT,doc_89_chunk_1,"Sing with me! ""We shall overcome!""",
90、INT. CRAPS TABLE - NIGHT,doc_89_chunk_1,"Thank you. Now in the spirit of brotherhood, let's play craps!",
92、INT. CASINO - CONTINUOUS,doc_91_chunk_0,How much is that?,Scene at a craps table in a casino; Carter is speaking to the Craps Dealer after rolling dice and winning.
92、INT. CASINO - CONTINUOUS,doc_91_chunk_0,Two-hundred thousand dollars? Who wants a hundred dollars?,Scene at a craps table in a casino; Carter is reacting to his winnings and addressing a man in an African robe standing next to him.
99、INT. CASINO - CONTINUOUS,doc_98_chunk_1,Black man gets on a hot streak and you're all trippin'?,
99、INT. CASINO - CONTINUOUS,doc_98_chunk_1,Lee!,"Scene involving Carter and Lee; Carter is trying to get to Lee who has a bomb in his mouth, and they are separated by a crowd of people."
92、INT. CASINO - CONTINUOUS,doc_91_chunk_1,"Here, your highness, have a hundred dollars. The Viagra is on me tonight!",
92、INT. CASINO - CONTINUOUS,doc_91_chunk_1,"Don't say that, we're all royalty. My great grandmammy was Queen Nephertit -- we probably cousins, man. How much you got on the table?",
92、INT. CASINO - CONTINUOUS,doc_91_chunk_1,"Yeah, we definitely cousins now. Who wants to blow on my hand for luck?",
90、INT. CRAPS TABLE - NIGHT,doc_89_chunk_0,"Answer me one question. How come Ben
Vereen isn't performing here at the
hotel? Is Ben Vereen not good enough
for you people?","Scene: At a hotel, Carter confronts two security guards, questioning why Ben Vereen is not performing there."
90、INT. CRAPS TABLE - NIGHT,doc_89_chunk_0,"Lionel Ritchie hasn't been black since
the Commodores.","Scene: At a hotel, Carter responds to the pit boss who mentioned Lionel Ritchie is performing; Carter makes a sarcastic remark about Lionel Ritchie's identity."
95、INT. CASINO - CONTINUOUS,doc_94_chunk_0,I'm up a hundred and fifty-grand. That's a Ferrari. Do they sell those here in the gift shop? Somebody cash me out!,"Scene: At a craps table in a casino, Carter addresses the dealer and crowd after winning a large sum of money."
95、INT. CASINO - CONTINUOUS,doc_94_chunk_0,That would be great. Don't want any of these rich white people to jump me.,Scene: Carter speaks to the Pit Boss and Triad soldiers as they escort him from the craps table toward the VIP Room.
75、INT. 18-WHEELER - TRUCK BED - CONTINUOUS,doc_74_chunk_1,"Hello, Benjamin.",Scene: Carter and Lee are at a crate filled with money; Carter refers to Benjamin Franklin while giving Lee a stack of money.
75、INT. 18-WHEELER - TRUCK BED - CONTINUOUS,doc_74_chunk_1,"Benjamin Franklin, he discovered electricity.",Scene: Carter and Lee are at a crate filled with money; Carter explains who Benjamin Franklin is after Lee questions the name.
75、INT. 18-WHEELER - TRUCK BED - CONTINUOUS,doc_74_chunk_1,No Chinese man discovered electricity.,Scene: Carter and Lee are at a crate filled with money; Carter disputes Lee's claim about a Chinese man discovering electricity.
75、INT. 18-WHEELER - TRUCK BED - CONTINUOUS,doc_74_chunk_1,Now that I believe.,Scene: Carter and Lee are at a crate filled with money; Carter responds sarcastically to Lee's claim about a Chinese man inventing the bicycle.
75、INT. 18-WHEELER - TRUCK BED - CONTINUOUS,doc_74_chunk_1,"You never know. Besides, I always wanted to die rich.",Scene: Carter and Lee are at a crate filled with money; Carter justifies pocketing extra money while speaking to Lee.
97、INT. CASINO - CASHIER,doc_96_chunk_0,Lee!!,Casino scene: Carter reacts to Lee crashing through the window and is being restrained by guards.
97、INT. CASINO - CASHIER,doc_96_chunk_0,"Lemme ask you something. Any of you ever felt $500,000 before?","Casino scene: Carter speaks to the guards while holding a rack of chips, just before attacking them."
97、INT. CASINO - CASHIER,doc_96_chunk_0,"Doesn't feel so good, does it?",Casino scene: Carter speaks to the guards immediately after slamming a rack of chips into their faces.
87、INT. DANCE FLOOR - NIGHT,doc_86_chunk_2,"Isabella? Are you crazy, man? She almost got us killed. She's setting you up again!","Scene in a casino; Carter speaks to Lee about Isabella, warning him she is dangerous."
87、INT. DANCE FLOOR - NIGHT,doc_86_chunk_2,Wait a second. There's guards all over the place. You'll need a distraction.,"Casino scene; Carter speaks to Lee, suggesting a plan involving a distraction."
87、INT. DANCE FLOOR - NIGHT,doc_86_chunk_2,"I'll go to the craps table, make a big scene. When security comes over, you make your move.",Casino scene; Carter explains his plan to create a distraction at the craps table.
87、INT. DANCE FLOOR - NIGHT,doc_86_chunk_2,I'll give it my best shot.,Casino scene; Carter responds to Lee's request to keep security busy for five minutes.
88、INT. CASINO - CONTINUOUS,doc_87_chunk_1,What the hell is that?,"Scene: At a craps table, Carter speaks to the Craps Dealer upon receiving chips."
88、INT. CASINO - CONTINUOUS,doc_87_chunk_1,Did you give me five-hundred dollar chips because I'm black?,"Scene: At a craps table, Carter confronts the Craps Dealer about the chip denomination."
88、INT. CASINO - CONTINUOUS,doc_87_chunk_1,"You assumed a brother coming in here can only afford five-hundred dollars a roll, is that right? Are you a racist?","Scene: At a craps table, Carter continues confronting the Craps Dealer about racial assumptions."
88、INT. CASINO - CONTINUOUS,doc_87_chunk_1,"Everyone else at the table has thousand dollar chips, but the black man gets the nickel, is that it? Did my people survive two-hundred years of slavery so","Scene: At a craps table, Carter angrily addresses the Craps Dealer and others about racial inequality."
92、INT. CASINO - CONTINUOUS,doc_91_chunk_2,"Hey, Marlboro man, you mind if your lady blows on my hand for luck?","Scene or location unspecified: Carter speaks to a Texan and a girl, asking her to blow on his dice for luck."
92、INT. CASINO - CONTINUOUS,doc_91_chunk_2,"Can I come over for Thanksgiving? Come on, baby, give me some luck.","Scene or location unspecified: Carter continues speaking to the girl, making a playful request for luck."
92、INT. CASINO - CONTINUOUS,doc_91_chunk_2,"Nice blowing. When's your next birthday, I'll be the cake.","Scene or location unspecified: Carter speaks to the girl after she blows on the dice, making a flirtatious comment."
92、INT. CASINO - CONTINUOUS,doc_91_chunk_2,"Don't threaten me. I got friends in this town that will bite off your ears. Just sit tight, because I've got the dice and I am on fire!","Scene or location unspecified: Carter responds to the Texan's warning, asserting his confidence and issuing a threat."
