doc_title,chunk_id,description,scene_context
107、INT. APC,doc_106_chunk_5,"Ripley sits behind Newt, putting her arm around her.",
119、INT. MED LAB ANNEX - OPERATING ROOM,doc_118_chunk_2,Ripley's expression becomes sober. She brushes damp hair back from the child's pale forehead.,
120、INT. MED LAB,doc_119_chunk_1,Ripley points at the stasis cylinders containing the face-hugger specimens.,
113、INT. OPERATIONS,doc_112_chunk_2,"Ripley indicates Newt, who salutes Hudson smartly.",
101、EXT. APC,doc_100_chunk_0,"Ripley works the shifters, pivoting the massive machine.","On a ramp, during a vehicle collision and fire"
107、INT. APC,doc_106_chunk_2,Ripley faces Burke squarely and she's not pleased.,
111、EXT. APC - LANDSCAPE - STATION,doc_110_chunk_4,"Ripley follows Newt's look to the AP station looming in the twilight, the burning drop-ship wreckage jammed into its basal structure.","Outside at twilight, observing the AP station with burning wreckage."
119、INT. MED LAB ANNEX - OPERATING ROOM,doc_118_chunk_3,Ripley begins pulling blankets up an tucking them in around her tiny body.,
121、INT. MED LAB ANNEX,doc_120_chunk_2,"Ripley's fury is peaking, now that the frustration and rage finally have a target to focus on.",
111、EXT. APC - LANDSCAPE - STATION,doc_110_chunk_1,She grabs Newt and sprints for cover,During the APC explosion
121、INT. MED LAB ANNEX,doc_120_chunk_5,She turns away and strides out.,
102、INT./EXT. APC 104-,doc_101_chunk_4,Ripley hits full throttle.,APC driving away from station after crushing an abomination.
102、INT./EXT. APC 104-,doc_101_chunk_4,Her grip is white knuckled.,APC driving away from station after crushing an abomination.
107、INT. APC,doc_106_chunk_3,Ripley stares at his like he's a particularly disagreeable fungus.,
116、INT. SECOND LEVEL CORRIDOR,doc_115_chunk_1,"Ripley pauses for a moment, regarding him quizzically.","In the complex, after Hicks offers the emergency beeper."
121、INT. MED LAB ANNEX,doc_120_chunk_1,stepping on him,
119、INT. MED LAB ANNEX - OPERATING ROOM,doc_118_chunk_5,Ripley nods slowly.,
119、INT. MED LAB ANNEX - OPERATING ROOM,doc_118_chunk_5,"She turns, reaching for a PORTABLE SPACE HEATER sitting nearby, and slides it closer to the bed. She switches it on.",
120、INT. MED LAB,doc_119_chunk_4,Ripley ponders the ramifications of Bishop's analysis.,
120、INT. MED LAB,doc_119_chunk_4,Ripley feels the fabric of her self-restraint tearing.,
120、INT. MED LAB,doc_119_chunk_4,She slaps the intercom switch.,
102、INT./EXT. APC 104-,doc_101_chunk_3,Ripley recoils.,
102、INT./EXT. APC 104-,doc_101_chunk_3,She reacts instinctively.,
102、INT./EXT. APC 104-,doc_101_chunk_3,Slams both sets of brakes with all her strength.,
104、INT. APC,doc_103_chunk_1,"Ripley joins Hicks who is bent over Gorman, checking for a pulse.",Hicks checking Gorman's pulse
104、INT. APC,doc_103_chunk_2,"Ripley opens Gorman's tunic, revealing a bloodless purple puncture wound.",
104、INT. APC,doc_103_chunk_4,Ripley and Vasquez lock eyes.,tiny metallic space
104、INT. APC,doc_103_chunk_4,Ripley doesn't want it to be 'I told you so',tiny metallic space
102、INT./EXT. APC 104-,doc_101_chunk_2,Ripley fights the controls,APC collides with control-room out-building
127、INT. MED LAB,doc_126_chunk_1,Ripley looks at her watch.,
121、INT. MED LAB ANNEX,doc_120_chunk_0,Ripley and Burke have squared off.,"Small observation chamber, glass partition to medlab"
121、INT. MED LAB ANNEX,doc_120_chunk_4,Ripley snaps.,
121、INT. MED LAB ANNEX,doc_120_chunk_4,"She slams him against the wall, surprising herself and him, her hands gripping his collar.",
121、INT. MED LAB ANNEX,doc_120_chunk_4,"She steps back, shaking, and looks at him with utter loathing, as if the depths of human greed are a far more horrific revelation than any alien.",
1、INT. NARCISSUS,doc_0_chunk_3,her face in peaceful repose,"Inside capsule, Ripley in peaceful repose."
104、INT. APC,doc_103_chunk_0,"Ripley, still running on the adrenalin dynamo, spins out of her seat into the aisle.",in the vehicle
104、INT. APC,doc_103_chunk_0,Feeling a tug at her pants leg she looks down.,in the vehicle
104、INT. APC,doc_103_chunk_0,Ripley goes back to the others.,in the vehicle
116、INT. SECOND LEVEL CORRIDOR,doc_115_chunk_0,"covering an air duct opening with a metal plate, welding it in place, showering sparks in the dark corridor","Dark corridor, welding air duct opening"
119、INT. MED LAB ANNEX - OPERATING ROOM,doc_118_chunk_6,Ripley gazes at her a long time before answering...a conflict between the urge to crush the child to her in a forever hug and the knowledge that neither of them may see another dawn.,"Dark room, during conversation with Newt"
119、INT. MED LAB ANNEX - OPERATING ROOM,doc_118_chunk_6,She switches off the light and starts to rise.,"Dark room, after Ripley's response to Newt"
123、INT. OPERATIONS,doc_122_chunk_0,Ripley double-times it to Hicks' TACTICAL CONSOLE where Hudson and Vasquez have already gathered.,At tactical console during alarm and motion sensor alert
119、INT. MED LAB ANNEX - OPERATING ROOM,doc_118_chunk_4,(quietly),
114、INT. OPERATIONS,doc_113_chunk_1,(pointing),Ripley explaining her game plan
130、INT. OPERATIONS,doc_129_chunk_6,Ripley hefts the weapon.,
130、INT. OPERATIONS,doc_129_chunk_6,She raises it clumsily.,
130、INT. OPERATIONS,doc_129_chunk_0,Ripley runs to the tactical console,"Tactical console, Hicks watching surveillance images"
122、INT. CORRIDOR,doc_121_chunk_0,Ripley is walking toward operations,"Operations, alarm begins to sound"
122、INT. CORRIDOR,doc_121_chunk_0,She breaks into a run.,"Operations, alarm sounding"
132、INT. OPERATIONS,doc_131_chunk_1,"Ripley repeats the action, not very smoothly.",Weapon training with Hicks
132、INT. OPERATIONS,doc_131_chunk_1,Her hands are trembling.,Weapon training with Hicks
132、INT. OPERATIONS,doc_131_chunk_1,She indicates a stout TUBE underneath the slender pulse-rifle barrel.,Weapon training with Hicks
133、INT. CORRIDOR,doc_132_chunk_0,"Ripley walking down the corridor, now carrying the newfound friend, the M-41A.",Corridor outside the med lab
133、INT. CORRIDOR,doc_132_chunk_0,She shoulders by him into the med lab.,Med lab entrance
138、INT. OPERATING ROOM - TIGHT ON RIPLEY - MED LAB,doc_137_chunk_1,Ripley feels a slow upwelling wave of terror rise through her in that silent frozen moment...the nine unavoidable certainty of a lethal presence.,
138、INT. OPERATING ROOM - TIGHT ON RIPLEY - MED LAB,doc_137_chunk_1,"Unable to move or breathe, she looks around frantically, assessing the situation.",
130、INT. OPERATIONS,doc_129_chunk_5,grimly,
129、INT. MED LAB,doc_128_chunk_0,Ripley jumps as an ALARM suddenly blares through the complex.,"Complex, alarm blaring"
129、INT. MED LAB,doc_128_chunk_0,"Ripley jumps up, unslinging a FLAMETHROWER from her shoulder in one motion, and sprints for Operations with Vasquez.","Complex, aliens in approach corridor"
126、INT. OPERATIONS - MINUTES LATER,doc_125_chunk_2,pacing,
126、INT. OPERATIONS - MINUTES LATER,doc_125_chunk_2,"Ripley is wound up like a dynamo, her mind spinning out",
140、INT. OPERATING ROOM,doc_139_chunk_4,Ripley lights the papers and holds the flaming mass under the temperature sensor of a fire control system SPRINKLER HEAD.,
132、INT. OPERATIONS,doc_131_chunk_0,Ripley has the stock of the M-41A snugged up to her cheek,Weapon instruction with Hicks
132、INT. OPERATIONS,doc_131_chunk_0,is awkwardly trying to keep up with Hicks' instructions,Weapon instruction with Hicks
139、INT. OPERATIONS - TIGHT ON VIDEO MONITOR,doc_138_chunk_0,showing Ripley waving her arms.,Monitor screen
135、INT. MED LAB - O.R.,doc_134_chunk_1,Ripley lays the rifle on top of the cot and crawls carefully underneath.,"Under the bed, comforting Newt"
135、INT. MED LAB - O.R.,doc_134_chunk_1,"Without waking the little girl, she slips her arms around her.","Under the bed, comforting Newt"
135、INT. MED LAB - O.R.,doc_134_chunk_1,Ripley becomes merely the larger of two children huddling together in the darkness under their bed.,"Under the bed, comforting Newt"
135、INT. MED LAB - O.R.,doc_134_chunk_1,Ripley rocks her gently.,"Under the bed, comforting Newt"
119、INT. MED LAB ANNEX - OPERATING ROOM,doc_118_chunk_8,"Ripley unsnaps the TRACKER BRACELET given to her by Hicks and puts it on Newt's tiny wrist, cinching it down.",
119、INT. MED LAB ANNEX - OPERATING ROOM,doc_118_chunk_8,Ripley walks away,
138、INT. OPERATING ROOM - TIGHT ON RIPLEY - MED LAB,doc_137_chunk_2,"Ripley reaches up and, clutching the springs of the underside of the cot, begins to inch it away from the wall.","Room with cot and space heater, Ripley moving cot to create space"
138、INT. OPERATING ROOM - TIGHT ON RIPLEY - MED LAB,doc_137_chunk_2,"she cautiously slides herself up between the wall and the edge of the cot, reaching for the rifle she left lying on top of the mattress.","Room with cot and space heater, Ripley moving cot to create space"
143、INT. OPERATIONS - ANGLE ON HUDSON,doc_142_chunk_5,Ripley picks up her rifle and thumbs off the safety.,
138、INT. OPERATING ROOM - TIGHT ON RIPLEY - MED LAB,doc_137_chunk_5,"Ripley hugs Newt close and heads toward the door, moving as if every object in the room had a million volts running through it.",in the room
138、INT. OPERATING ROOM - TIGHT ON RIPLEY - MED LAB,doc_137_chunk_5,She reaches the door.,in the room
138、INT. OPERATING ROOM - TIGHT ON RIPLEY - MED LAB,doc_137_chunk_5,Hits the wall switch.,in the room
138、INT. OPERATING ROOM - TIGHT ON RIPLEY - MED LAB,doc_137_chunk_5,She tries the lights.,in the room
138、INT. OPERATING ROOM - TIGHT ON RIPLEY - MED LAB,doc_137_chunk_5,She pounds on the door.,in the room
138、INT. OPERATING ROOM - TIGHT ON RIPLEY - MED LAB,doc_137_chunk_5,"She moves to the observation window, glancing frantically over her shoulder.",in the room
142、INT. OPERATING ROOM,doc_141_chunk_2,"Ripley has both hands up, forcing the pulsing body back from her face.","Corner with desk, Newt pressed against desk, Ripley fighting creature."
142、INT. OPERATING ROOM,doc_141_chunk_2,"Ripley thrashes about, knocking over equipment, sending instruments CLATTERING.","Corner with desk, Newt pressed against desk, Ripley fighting creature."
143、INT. OPERATIONS - ANGLE ON HUDSON,doc_142_chunk_3,"Ripley shakes her head, the rage giving way to a sickened emptiness.",
138、INT. OPERATING ROOM - TIGHT ON RIPLEY - MED LAB,doc_137_chunk_6,She pounds on the window.,Room with window to lab
138、INT. OPERATING ROOM - TIGHT ON RIPLEY - MED LAB,doc_137_chunk_6,"Ripley whirls, hearing a loathsome scrabblingbehind her.",Room with window to lab
138、INT. OPERATING ROOM - TIGHT ON RIPLEY - MED LAB,doc_137_chunk_6,She steps in front of the video surveillance camera and waves her arms in a circle.,Room with window to lab
135、INT. MED LAB - O.R.,doc_134_chunk_0,"Entering the darkened chamber, Ripley looks around.","Darkened chamber, Ripley enters and looks around"
135、INT. MED LAB - O.R.,doc_134_chunk_0,On a hunch she kneels down and peers under the bed.,"Darkened chamber, Ripley peers under the bed"
135、INT. MED LAB - O.R.,doc_134_chunk_0,"Ripley stares at Newt's tiny face, so angelic despite the demons that have chased her through her dreams and the reality between dreams.","Darkened chamber, Ripley stares at Newt"
142、INT. OPERATING ROOM,doc_141_chunk_1,Ripley hurls the CHITTERING creature off of her.,
142、INT. OPERATING ROOM,doc_141_chunk_1,"Ripley scrambles desperately, pulling equipment over on top of herself, clawing across the floor in a frenzy of motion.",
142、INT. OPERATING ROOM,doc_141_chunk_1,"She tears at it, but it is incredibly powerful for its size.",
140、INT. OPERATING ROOM,doc_139_chunk_0,Ripley picks up a steel chair and slams it against the observation window.,"Med lab, Ripley attempts to break observation window"
140、INT. OPERATING ROOM,doc_139_chunk_0,She tries again.,"Med lab, Ripley attempts to break observation window"
138、INT. OPERATING ROOM - TIGHT ON RIPLEY - MED LAB,doc_137_chunk_4,Ripley heaves Newt across the polished floor and in a frenzied scramble rolls from beneath the cot.,"Shadowed room with equipment, during creature attack."
138、INT. OPERATING ROOM - TIGHT ON RIPLEY - MED LAB,doc_137_chunk_4,Ripley's eyes flash around the shadowed room where every corner of space between equipment holds lethal promise.,"Shadowed room with equipment, during creature attack."
140、INT. OPERATING ROOM,doc_139_chunk_3,She removes her lighter from a jacket pocket and picks up some papers from the counter.,Room with surgical table
140、INT. OPERATING ROOM,doc_139_chunk_3,Moving cautiously she boosts Newt up onto the SURGICAL TABLE in the center of the room and clambers up after her.,Room with surgical table
119、INT. MED LAB ANNEX - OPERATING ROOM,doc_118_chunk_1,"This obviously strikes a chord with Ripley, but she feigns cheerfulness.",
119、INT. MED LAB ANNEX - OPERATING ROOM,doc_118_chunk_1,Ripley lifts the doll's head from Newt's tiny fingers and looks inside.,
119、INT. MED LAB ANNEX - OPERATING ROOM,doc_118_chunk_1,Ripley closes the doll's eyes and hands her back.,
142、INT. OPERATING ROOM,doc_141_chunk_5,Ripley is losing strength as the tail tightens sickeningly around her throat.,"Room, beast attack"
140、INT. OPERATING ROOM,doc_139_chunk_2,"Ripley steadies herself, realizing Newt's terror and the child's dependence on her.",
140、INT. OPERATING ROOM,doc_139_chunk_2,She plays the beam across the ceiling.,
140、INT. OPERATING ROOM,doc_139_chunk_2,Holds on something.,
140、INT. OPERATING ROOM,doc_139_chunk_2,Gets an idea.,
142、INT. OPERATING ROOM,doc_141_chunk_4,she whips her head from side to side,during creature attack
145、INT. OPERATIONS,doc_144_chunk_0,Ripley and Hicks share a look...,
147、INT. OPERATIONS,doc_146_chunk_2,She picks up Vasquez' scanner and aims it the same direction as Hudson's.,
142、INT. OPERATING ROOM,doc_141_chunk_0,"Ripley scans the room with her light, her hair plastered to her face, wiping water out of her eyes.","Dark room with sprinklers, Ripley scanning the room"
142、INT. OPERATING ROOM,doc_141_chunk_0,"She looks into its tangle of arms and cables, inches away.","Dark room with sprinklers, Ripley at surgical multilight"
142、INT. OPERATING ROOM,doc_141_chunk_0,Looks away.,"Dark room with sprinklers, Ripley at surgical multilight"
142、INT. OPERATING ROOM,doc_141_chunk_0,Her eyes snap back.,"Dark room with sprinklers, Ripley at surgical multilight"
142、INT. OPERATING ROOM,doc_141_chunk_0,"She SCREAMS and topples off the table, splashing to the floor.","Dark room with sprinklers, Ripley at surgical multilight"
142、INT. OPERATING ROOM,doc_141_chunk_7,"Ripley collapses, gagging.",after Hudson gets it clean
147、INT. OPERATIONS,doc_146_chunk_3,"Ripley fiddles with her tracker, adjusting the tuning.",
147、INT. OPERATIONS,doc_146_chunk_3,"She feels a cold premonitory dread as she angles her tracker upward to the ceiling, almost overhead.",
147、INT. OPERATIONS,doc_146_chunk_6,Ripley scoops up Newt and staggers back.,Room during ceiling explosion and creature attack
153、INT. MED LAB ANNEX,doc_152_chunk_1,"Ripley trades her rifle for Gorman's flamethrower before he can protest and enters the air shaft, which is a tight fit.",air shaft
148、INT. MED LAB CORRIDOR,doc_147_chunk_1,"Shaking, Ripley raises her rifle.","Corridor, alien advancing with strobe lighting"
148、INT. MED LAB CORRIDOR,doc_147_chunk_1,She squeezes the trigger.,"Corridor, alien advancing with strobe lighting"
147、INT. OPERATIONS,doc_146_chunk_8,She dashes for the corridor.,Alien attack
143、INT. OPERATIONS - ANGLE ON HUDSON,doc_142_chunk_2,"Ripley glances at the little girl, a frail figure sitting nearby, hugging her knees and watching the proceedings with somber eyes.",
148、INT. MED LAB CORRIDOR,doc_147_chunk_3,"Ripley is slammed against the door by the recoil, blinded by the flash and deafened by the concussion.",During a shooting
153、INT. MED LAB ANNEX,doc_152_chunk_0,Ripley pulls her back,"Room, at air vent"
151、INT. MED LAB ANNEX,doc_150_chunk_0,"Ripley sprints across the room, trying the far door.","Inside the room, trying the far door"
155、INT. AIR DUCT,doc_154_chunk_0,"She blinks, seeing something...not sure.",in the tunnel
153、INT. MED LAB ANNEX,doc_152_chunk_2,Ripley turns into a larger MAIN DUCT where there is enough room to crab-walk in a low crouch.,Inside the main duct
153、INT. MED LAB ANNEX,doc_152_chunk_2,"She runs, scraping her back on the ceiling.",Inside the main duct
148、INT. MED LAB CORRIDOR,doc_147_chunk_0,Ripley slams into the door.,"Med lab door, Ripley tries to enter after Burke locks it"
148、INT. MED LAB CORRIDOR,doc_147_chunk_0,Tries the latch.,"Med lab door, Ripley tries to enter after Burke locks it"
148、INT. MED LAB CORRIDOR,doc_147_chunk_0,Hears it LOCK from the far side.,"Med lab door, Ripley tries to enter after Burke locks it"
147、INT. OPERATIONS,doc_146_chunk_1,Ripley's lights a moment later.,"At a door, Vasquez welding and group lighting flamethrowers."
155、INT. AIR DUCT,doc_154_chunk_2,Ripley sees the glistening apparitions closing in.,Amidst flamethrower fire
153、INT. MED LAB ANNEX,doc_152_chunk_3,"Ripley fires the flamethrower periodically, as they pass side ducts covered by louvered grilles or vertical shafts going to higher or lower levels","Duct maze, moving through connecting ducts"
134、INT. MED LAB - ANNEX,doc_133_chunk_0,"Ripley crosses the deserted lab, passing through the annex to the small O.R. where she left Newt","Deserted lab, moving through annex to small O.R. where she left Newt."
157、INT. CHUTE,doc_156_chunk_1,"Ripley reaches for her, dropping her light.","Inside a chute, Newt slips and Ripley tries to catch her"
157、INT. CHUTE,doc_156_chunk_1,"Ripley strains, reaching, her hand groping for Newt's.","Inside a chute, Newt slips and Ripley tries to catch her"
156、INT. SERVICE WAY,doc_155_chunk_0,"RUSHING WITH Ripley, Newt and Hicks as a full tilt run.","Service way, during a run from a blast"
156、INT. SERVICE WAY,doc_155_chunk_0,it's all Ripley and Hicks can do to keep up.,"Service way, during a run from a blast"
157、INT. CHUTE,doc_156_chunk_4,(to her headset),
158、INT. SUBBASEMENT,doc_157_chunk_0,Ripley's voice seems to come from there.,"Flooded chamber, Ripley's voice from grating"
157、INT. CHUTE,doc_156_chunk_0,"Ripley looks up the angle shaft, seeing light at the top...an exterior vent hood.",Inside an angle shaft
157、INT. CHUTE,doc_156_chunk_0,"Ripley enters, bracing her feet on perilously narrow side ribs in the shaft.",Inside an angle shaft
157、INT. CHUTE,doc_156_chunk_0,She looks down.,Inside an angle shaft
157、INT. CHUTE,doc_156_chunk_0,"She starts to climb with Next behind/below her, and Hicks, just emerging from the side duct.",Inside an angle shaft
161、INT. SERVICE TUNNEL,doc_160_chunk_3,"Galvanized out of her hysteria, Ripley claws at his armor, helping him as much as she can.","Elevator interior, acid attack on Hicks"
161、INT. SERVICE TUNNEL,doc_160_chunk_3,Ripley supporting Hicks who is doubled over in agony.,Elevator exit
155、INT. AIR DUCT,doc_154_chunk_3,Ripley hands her out.,Narrow service way
155、INT. AIR DUCT,doc_154_chunk_3,Ripley follows and turns to help Gorman.,Narrow service way
161、INT. SERVICE TUNNEL,doc_160_chunk_1,"She struggles furiously, trying to tear out of his grip.","In the tunnel, near a hole"
161、INT. SERVICE TUNNEL,doc_160_chunk_1,Ripley is irrational. Hysterical.,"In the tunnel, during the escape attempt"
159、INT. SERVICE TUNNEL,doc_158_chunk_0,Ripley runs to the grating.,"At a grating in the floor, after following a signal"
159、INT. SERVICE TUNNEL,doc_158_chunk_0,Looking down she sees Newt's tearstreaked face.,"At a grating in the floor, after following a signal"
159、INT. SERVICE TUNNEL,doc_158_chunk_0,Ripley squeezes the child's precious fingertips.,"At a grating in the floor, after following a signal"
161、INT. SERVICE TUNNEL,doc_160_chunk_0,"Ripley panics, hearing screaming below, then splashing.",
161、INT. SERVICE TUNNEL,doc_160_chunk_0,"She and Hicks kick desperately at the grating, smashing it down.",
161、INT. SERVICE TUNNEL,doc_160_chunk_0,Heedless of the cherry-hot edges Ripley lunges into the hole with her light.,
143、INT. OPERATIONS - ANGLE ON HUDSON,doc_142_chunk_1,"Ripley stands in front of Burke, every fiber of her being accusing him with absolute outrage.",
164、INT. DROP-SHIP,doc_163_chunk_1,"Ripley is stuffing gear rapidly into a satchel, her hands flying.","On the ship, imminent destruction."
165、INT. FREIGHT ELEVATOR,doc_164_chunk_0,"Ripley stands facing the doors, watching the landings go by.",Elevator
165、INT. FREIGHT ELEVATOR,doc_164_chunk_0,Ripley removes her jacket and dons a battle harness directly over her T-shirt.,Elevator
165、INT. FREIGHT ELEVATOR,doc_164_chunk_0,Her eyes burn with a determination that holds the gut-panic in check.,Elevator
170、INT. EGG CHAMBER,doc_169_chunk_5,"Ripley lays about her with the flamethrower, igniting",
111、EXT. APC - LANDSCAPE - STATION,doc_110_chunk_2,She nods.,"After Hudson's outburst, Hicks asks Ripley if she's okay."
111、EXT. APC - LANDSCAPE - STATION,doc_110_chunk_2,She can't disguise her stricken expression when she looks at Newt,"After Hudson's outburst, Hicks asks Ripley if she's okay."
111、EXT. APC - LANDSCAPE - STATION,doc_110_chunk_2,She shrugs with fatalistic acceptance.,"After Hudson's outburst, Hicks asks Ripley if she's okay."
169、INT. CATACOMBS,doc_168_chunk_0,hears the scream,
169、INT. CATACOMBS,doc_168_chunk_0,breaks into a run,
166、INT. CORRIDOR,doc_165_chunk_0,"Ripley moves out of the lift, knuckles white on the rifle.",Corridor after elevator exit
166、INT. CORRIDOR,doc_165_chunk_0,"Her eyes dart, straining to penetrate the lethal gloom.",Corridor after elevator exit
166、INT. CORRIDOR,doc_165_chunk_0,"She enters the maze, darting glances at Hick's LOCATOR, taped to the top of her kludge weapon.",Bio-mechanoid catacomb
167、INT. CATACOMB,doc_166_chunk_3,Ripley moves ahead.,"Station, Ripley moving ahead after grenade incident"
167、INT. CATACOMB,doc_166_chunk_3,jarring her almost off her feet,"Station, during the concussions"
119、INT. MED LAB ANNEX - OPERATING ROOM,doc_118_chunk_0,Ripley carries an exhausted Newt through the inner connecting rooms of the medical wing.,"medical wing, inner connecting rooms"
119、INT. MED LAB ANNEX - OPERATING ROOM,doc_118_chunk_0,"She reaches an OPERATING ROOM which is small but very high-tech...vaultlike metal walls, strange equipment.",operating room
119、INT. MED LAB ANNEX - OPERATING ROOM,doc_118_chunk_0,Ripley sets her on one of the cots,operating room
170、INT. EGG CHAMBER,doc_169_chunk_3,she ducked under part of it a moment before,
175、INT. STAIRWELL,doc_174_chunk_0,Ripley reaches an open-grid emergency stairwell and sprints upward.,Emergency stairwell in the station during destruction
167、INT. CATACOMB,doc_166_chunk_0,"Ripley blinks sweat out of her eyes, moving through the swirling steam of the alien maze.","Alien maze, moving through steam"
167、INT. CATACOMB,doc_166_chunk_0,She approaches an intersecting tunnel.,"Alien maze, approaching tunnel"
167、INT. CATACOMB,doc_166_chunk_0,"She spins, firing the flamethrower.","Alien maze, spinning and firing"
167、INT. CATACOMB,doc_166_chunk_0,She whirls back.,"Alien maze, whirling back"
167、INT. CATACOMB,doc_166_chunk_0,"Moves forward, trembling and adrenalized.","Alien maze, moving forward while trembling"
167、INT. CATACOMB,doc_166_chunk_2,"She recovers, then recognizes the face sealed in the wall.","Burke sealed in wall, Ripley present"
167、INT. CATACOMB,doc_166_chunk_2,She looks at him.,"Burke sealed in wall, Ripley present"
127、INT. MED LAB,doc_126_chunk_0,Ripley hands it down to him,Acid hole yielding access to subfloor conduits
127、INT. MED LAB,doc_126_chunk_0,"She then hands him a small satchel containing tools and assorted patch cables, a service pistol and a small cutting torch.",Acid hole yielding access to subfloor conduits
148、INT. MED LAB CORRIDOR,doc_147_chunk_2,Ripley checks the SAFETY.,Corridor
148、INT. MED LAB CORRIDOR,doc_147_chunk_2,"Ripley's hands, slick with sweat, are trembling so much she almost drops the rifle.",Corridor
148、INT. MED LAB CORRIDOR,doc_147_chunk_2,Panic screams in her brain.,Corridor
148、INT. MED LAB CORRIDOR,doc_147_chunk_2,she remembers.,Corridor
148、INT. MED LAB CORRIDOR,doc_147_chunk_2,"She snaps the bolt back, chambering a round.",Corridor
148、INT. MED LAB CORRIDOR,doc_147_chunk_2,Whips the stock to her shoulder.,Corridor
150、INT. CORRIDOR,doc_149_chunk_0,"Stunned, Ripley sees through dissipating smoke the creature rising to advance again.",
150、INT. CORRIDOR,doc_149_chunk_0,Flinching against blast and glare she drills it POINT-BLANK with a BLINDING BURST that carries the M-41A's muzzle right up toward the ceiling.,
178、EXT. LANDING PLATFORM,doc_177_chunk_3,Ripley leaps for the loading boom projecting down from the cargo bay,Escape sequence at the complex
170、INT. EGG CHAMBER,doc_169_chunk_1,"Ripley runs to Newt and begins tearing at the fresh resinous cocoon material, freeing the child.",
170、INT. EGG CHAMBER,doc_169_chunk_1,Ripley picks up her weapon.,
170、INT. EGG CHAMBER,doc_169_chunk_0,"Ripley runs in just as it is tensing to leap, and FIRES, blasting it with a burst from the assault rifle.",Ripley intervenes in a face-hugger attack on Newt and fights the host.
170、INT. EGG CHAMBER,doc_169_chunk_0,Firing from the hip she drills it with two controlled bursts which catapult it back.,Ripley intervenes in a face-hugger attack on Newt and fights the host.
170、INT. EGG CHAMBER,doc_169_chunk_0,"She steps toward it, FIRING AGAIN.",Ripley intervenes in a face-hugger attack on Newt and fights the host.
170、INT. EGG CHAMBER,doc_169_chunk_0,Her expression is murderous.,Ripley intervenes in a face-hugger attack on Newt and fights the host.
178、EXT. LANDING PLATFORM,doc_177_chunk_1,"Ripley turns, backing away from the doors toward the railing.",Platform during explosions and lift stopping
178、EXT. LANDING PLATFORM,doc_177_chunk_1,Ripley stares transfixed as the lift stops.,Platform during explosions and lift stopping
18、INT. RIPLEY'S APARTMENT - GATEWAY - DAY,doc_17_chunk_1,Ripley jumps like a cat.,Door buzzes
130、INT. OPERATIONS,doc_129_chunk_4,"Ripley sighs and picks up a cup of cold coffee, draining it in one gulp.",
130、INT. OPERATIONS,doc_129_chunk_4,Ripley shrugs.,
130、INT. OPERATIONS,doc_129_chunk_4,"She seems soul weary, drained by the nerve-wracking tension.",
130、INT. OPERATIONS,doc_129_chunk_4,"her voice seems distant, detached",
174、INT. SECOND LEVEL,doc_173_chunk_0,struggles up through a narrow hatch,
174、INT. SECOND LEVEL,doc_173_chunk_0,dives aside,
174、INT. SECOND LEVEL,doc_173_chunk_0,Looking down through the grille,
174、INT. SECOND LEVEL,doc_173_chunk_0,"scrambles up, running",
183、INT. DROP-SHIP,doc_182_chunk_0,she kneels beside a comatose Hicks,Beside comatose Hicks
183、INT. DROP-SHIP,doc_182_chunk_0,"Ripley nods and, picking up Newt, precedes Bishop down the aisle to the loading ramp",Moving down the aisle to the loading ramp
184、INT. CARGO LOCK - DROP-SHIP,doc_183_chunk_0,"Ripley turns to him, stopping partway down the ramp.",Moving down the ramp
184、INT. CARGO LOCK - DROP-SHIP,doc_183_chunk_0,She puts her hand on his shoulder.,Moving down the ramp
140、INT. OPERATING ROOM,doc_139_chunk_1,"Ripley turns, studying the room.","Surgical equipment room, Ripley at counter"
140、INT. OPERATING ROOM,doc_139_chunk_1,She fumbles through a clutter of equipment on a counter next to her and finds a SMALL EXAMINATION LIGHT.,"Surgical equipment room, Ripley at counter"
140、INT. OPERATING ROOM,doc_139_chunk_1,Snapping it on she plays the beam over the walls.,"Surgical equipment room, Ripley at counter"
140、INT. OPERATING ROOM,doc_139_chunk_1,"She hears, or thinks she hears, movements.","Surgical equipment room, Ripley at counter"
184、INT. CARGO LOCK - DROP-SHIP,doc_183_chunk_3,"Ripley moves with nightmarish slowness herself, staring hypnotized...terrified to break and run.",
184、INT. CARGO LOCK - DROP-SHIP,doc_183_chunk_3,"She lowers Newt to the deck, never taking her eyes off the creature.",on the deck
164、INT. DROP-SHIP,doc_163_chunk_0,Ripley finishes winding tape around a bulky object and drops the roll.,drop-ship
164、INT. DROP-SHIP,doc_163_chunk_0,"She has crudely fastened a M-assault rifle together, side by side, with a flamethrower.",drop-ship
164、INT. DROP-SHIP,doc_163_chunk_0,"Her movements are curt, precise...determined.",drop-ship
164、INT. DROP-SHIP,doc_163_chunk_0,"She works rapidly, snatching magazines, grenades, belts and other gear from the fully stocked ordnance racks of the drop-ship.",drop-ship
184、INT. CARGO LOCK - DROP-SHIP,doc_183_chunk_4,"Ripley waves her arms, decoying.","Spaceship corridor, Alien chase"
184、INT. CARGO LOCK - DROP-SHIP,doc_183_chunk_4,"Ripley spins, sprinting, as the creature leaps for her.","Spaceship corridor, Alien chase"
184、INT. CARGO LOCK - DROP-SHIP,doc_183_chunk_4,She clears a door.,"Spaceship corridor, Alien chase"
184、INT. CARGO LOCK - DROP-SHIP,doc_183_chunk_4,Hits the switch.,"Spaceship corridor, Alien chase"
188、INT. CARGO LOCK,doc_187_chunk_2,Ripley parries with radical swipes of the steel forks.,"Cavernous chamber, battle with the Queen"
188、INT. CARGO LOCK,doc_187_chunk_2,"Ripley closes the forks, crushing two of the creature's limbs.","Cavernous chamber, battle with the Queen"
188、INT. CARGO LOCK,doc_187_chunk_2,She lifts it off the ground.,"Cavernous chamber, battle with the Queen"
179、INT./EXT. DROP-SHIP - STATION 186-,doc_178_chunk_0,"Ripley leaps into a seat with Newt, cradling her.",Drop-ship escape during station explosion
179、INT./EXT. DROP-SHIP - STATION 186-,doc_178_chunk_0,Begins strapping in.,Drop-ship escape during station explosion
179、INT./EXT. DROP-SHIP - STATION 186-,doc_178_chunk_0,Ripley slams her seat harness latches home.,Drop-ship escape during station explosion
179、INT./EXT. DROP-SHIP - STATION 186-,doc_178_chunk_0,Ripley is slammed back in her seat.,Drop-ship escape during station explosion
179、INT./EXT. DROP-SHIP - STATION 186-,doc_178_chunk_0,Ripley and Newt see everything shake into a blur.,Drop-ship escape during station explosion
188、INT. CARGO LOCK,doc_187_chunk_4,Ripley hits a switch.,Vertical loading airlock pit during fight with Queen
162、EXT. LANDING FIELD,doc_161_chunk_0,Ripley and Hicks stumble out of a doorway in the colony building behind him.,"Colony landing grid, drop-ship landing"
162、EXT. LANDING FIELD,doc_161_chunk_0,"Ripley shouts, her words barely audible over the wind.","Colony landing grid, drop-ship landing"
194、INT. HOSPITAL ROOM - TIGHT ON RIPLEY - GATEWAY STATION,doc_193_chunk_4,"Ripley grabs his arm, surprising him.",Conversation with Burke about hypersleep duration
191、INT. LOADING LOCK,doc_190_chunk_1,"With all her strength Ripley fights the blasting air, crawling over the lip of the inner doorway.",
191、INT. LOADING LOCK,doc_190_chunk_1,She releases the OVERRIDE from a second panel.,
191、INT. LOADING LOCK,doc_190_chunk_1,"She lies on her back, drained of all strength.",
191、INT. LOADING LOCK,doc_190_chunk_1,Gasping for breath.,
191、INT. LOADING LOCK,doc_190_chunk_1,"Weakly she turns her head, seeing Bishop still holding Newt by the arm.",
191、INT. LOADING LOCK,doc_190_chunk_1,Ripley crosses to Newt.,
191、INT. LOADING LOCK,doc_190_chunk_1,Ripley hugs her desperately.,
192、INT. CORRIDOR,doc_191_chunk_0,"Ripley limps along the corridor, carrying Newt on her hip.","Ship corridor, Ripley and Newt moving"
191、INT. LOADING LOCK,doc_190_chunk_0,"She locks her arms around a ladder rung, feels them almost torn out of their shoulder sockets.","At a door with space yawning below, during the Alien attack."
195、EXT. PARK,doc_194_chunk_4,"Ripley gazes off, into the pseudo-landscape, into the past.",
188、INT. CARGO LOCK,doc_187_chunk_1,"that primal, murderous rage surges through her now, banishing all fear.",
195、EXT. PARK,doc_194_chunk_5,She cries silently.,
170、INT. EGG CHAMBER,doc_169_chunk_4,Ripley pumps the slide on her grenade launcher.,"Chamber, Ripley destroying the egg sac"
170、INT. EGG CHAMBER,doc_169_chunk_4,She fires.,"Chamber, Ripley destroying the egg sac"
170、INT. EGG CHAMBER,doc_169_chunk_4,Pumps and fires again. Four times.,"Chamber, Ripley destroying the egg sac"
194、INT. HOSPITAL ROOM - TIGHT ON RIPLEY - GATEWAY STATION,doc_193_chunk_2,grabs the cat like a life preserver,"Cat introduced as familiar, large, orange tomcat"
194、INT. HOSPITAL ROOM - TIGHT ON RIPLEY - GATEWAY STATION,doc_193_chunk_2,finally notices him,Visitor sits beside the bed
194、INT. HOSPITAL ROOM - TIGHT ON RIPLEY - GATEWAY STATION,doc_193_chunk_5,Ripley is stunned.,"In a room, during conversation with Burke after rescue."
194、INT. HOSPITAL ROOM - TIGHT ON RIPLEY - GATEWAY STATION,doc_193_chunk_5,"She seems to deflate, her expression passing through amazement and shock to realization of all she has lost. Friends. Family. Her world.","In a room, during conversation with Burke after rescue."
194、INT. HOSPITAL ROOM - TIGHT ON RIPLEY - GATEWAY STATION,doc_193_chunk_5,Ripley coughs suddenly as if choking and her expression becomes one of dawning horror.,"In a room, during conversation with Burke after rescue."
194、INT. HOSPITAL ROOM - TIGHT ON RIPLEY - GATEWAY STATION,doc_193_chunk_5,She slaps it away.,"In a room, during conversation with Burke after rescue."
194、INT. HOSPITAL ROOM - TIGHT ON RIPLEY - GATEWAY STATION,doc_193_chunk_1,"Ripley shrugs, not caring.","Gateway station: medical check, visitor arriving"
194、INT. HOSPITAL ROOM - TIGHT ON RIPLEY - GATEWAY STATION,doc_193_chunk_1,Ripley sees only what he is carrying.,"Gateway station: medical check, visitor arriving"
197、INT. CONFERENCE ROOM - ON RIPLEY - GATEWAY,doc_196_chunk_5,Ripley grits her teeth in frustration.,
197、INT. CONFERENCE ROOM - ON RIPLEY - GATEWAY,doc_196_chunk_3,Ripley sense the noose tightening.,
177、INT. STAIRWELL,doc_176_chunk_0,"Ripley stumbles, smashing her knees against the metals stairs.",Station stairwell
177、INT. STAIRWELL,doc_176_chunk_0,As she rises she hears the LIFT MOTORS start up.,Station stairwell
177、INT. STAIRWELL,doc_176_chunk_0,Looking down through the lattice work of the station she sees the life cage start ominously upward.,Station stairwell
177、INT. STAIRWELL,doc_176_chunk_0,She knows there is only one explanation for that.,Station stairwell
177、INT. STAIRWELL,doc_176_chunk_0,"She runs on, the stairwell becoming a crazy whirl around her.",Station stairwell
197、INT. CONFERENCE ROOM - ON RIPLEY - GATEWAY,doc_196_chunk_8,"Ripley turns sharply away, trembling with frustration and anger.",
193、INT. NARCISSUS,doc_192_chunk_3,her face in peaceful repose,"Inside capsule, Ripley in peaceful repose"
194、INT. HOSPITAL ROOM - TIGHT ON RIPLEY - GATEWAY STATION,doc_193_chunk_7,Ripley stares at the SHAPE RISING UNDER THE SHEET.,
194、INT. HOSPITAL ROOM - TIGHT ON RIPLEY - GATEWAY STATION,doc_193_chunk_7,"TIGHT ON RIPLEY screaming, snapping up INTO FRAME.",
195、EXT. PARK,doc_194_chunk_3,"Ripley studies the PHOTOGRAPH, stunned.",
195、EXT. PARK,doc_194_chunk_3,She tries to reconcile the face with the little girl she once knew.,
194、INT. HOSPITAL ROOM - TIGHT ON RIPLEY - GATEWAY STATION,doc_193_chunk_9,"Touching a button on the nightstand she opens the viewport, REVEALING Gateway and the turquoise Earth.","Bedroom, after the med-tech leaves"
194、INT. HOSPITAL ROOM - TIGHT ON RIPLEY - GATEWAY STATION,doc_193_chunk_9,"She hugs Jones to herand rocks with him like a child, still shattered by the nightmare. Shivering.","Bedroom, after the med-tech leaves"
197、INT. CONFERENCE ROOM - ON RIPLEY - GATEWAY,doc_196_chunk_4,"Ripley glares at the ECA Rep, a woman on the ungenerous side of fifty.",Meeting about the recorder
18、INT. RIPLEY'S APARTMENT - GATEWAY - DAY,doc_17_chunk_0,"Ripley, looking haggard, sits at a table in the dining alcove contemplating the smoke rising from her cigarette.","Dining alcove, late in the day"
196、INT. CORRIDOR - GATEWAY,doc_195_chunk_0,Ripley emerges,"Corridor, moving rapidly after elevator emergence"
2、INT. HOSPITAL ROOM - TIGHT ON RIPLEY - GATEWAY STATION,doc_1_chunk_2,She grabs the cat like a life preserver.,
2、INT. HOSPITAL ROOM - TIGHT ON RIPLEY - GATEWAY STATION,doc_1_chunk_2,Ripley finally notices him.,
198、INT. CORRIDOR,doc_197_chunk_0,Ripley kicks the wall next to Burke who is getting coffee and donuts at a vending machine.,At a vending machine
200、INT. CORRIDOR,doc_199_chunk_2,"Ripley's hand slides off the door, strengthless.",Elevator
200、INT. CORRIDOR,doc_199_chunk_2,TIGHT ON HER FROM INSIDE the elevator as the doors close like fate on her lost expression.,Elevator
2、INT. HOSPITAL ROOM - TIGHT ON RIPLEY - GATEWAY STATION,doc_1_chunk_4,"Ripley grabs his arm, surprising him.",After Burke's soothing response
20、INT. RIPLEY'S APARTMENT - A LITTLE LATER,doc_19_chunk_2,(defensive),Burke and Ripley discussing Ripley's work at the cargo docks.
20、INT. RIPLEY'S APARTMENT - A LITTLE LATER,doc_19_chunk_2,(shrugging),Burke and Ripley discussing Ripley's work at the cargo docks.
200、INT. CORRIDOR,doc_199_chunk_1,Ripley holds the door from closing.,"Elevator, door trying to close"
200、INT. CORRIDOR,doc_199_chunk_1,Ripley slams it back.,"Elevator, door trying to close"
210、INT. RIPLEY'S APARTMENT - GATEWAY - DAY,doc_209_chunk_1,Ripley jumps like a cat.,Door buzzes
2、INT. HOSPITAL ROOM - TIGHT ON RIPLEY - GATEWAY STATION,doc_1_chunk_10,"She hugs Jones to herand rocks with him like a child, still shattered by the nightmare. Shivering. Sleep is far off.",
164、INT. DROP-SHIP,doc_163_chunk_2,"She hefts the hybrid weapon, grabs the satchel and spins to the door controls.","At door controls, as the door opens"
164、INT. DROP-SHIP,doc_163_chunk_2,Ripley grabs his hand.,"After the door opens, sharing a moment with Hicks"
164、INT. DROP-SHIP,doc_163_chunk_2,"Ripley runs down the ramp, crossing the platform to the open doors of a LARGE FREIGHT ELEVATOR.","On the platform, running to the freight elevator"
2、INT. HOSPITAL ROOM - TIGHT ON RIPLEY - GATEWAY STATION,doc_1_chunk_5,Ripley is stunned.,in a room with a nightstand
2、INT. HOSPITAL ROOM - TIGHT ON RIPLEY - GATEWAY STATION,doc_1_chunk_5,"She seems to deflate, her expression passing through amazement and shock to realization of all she has lost. Friends. Family. Her world.",in a room with a nightstand
2、INT. HOSPITAL ROOM - TIGHT ON RIPLEY - GATEWAY STATION,doc_1_chunk_5,Ripley coughs suddenly as if choking and her expression becomes one of dawning horror.,in a room with a nightstand
2、INT. HOSPITAL ROOM - TIGHT ON RIPLEY - GATEWAY STATION,doc_1_chunk_5,She slaps it away.,in a room with a nightstand
20、INT. RIPLEY'S APARTMENT - A LITTLE LATER,doc_19_chunk_3,frosty,Burke offers Ripley a second chance; Ripley responds frostily.
212、INT. RIPLEY'S APARTMENT - A LITTLE LATER,doc_211_chunk_2,(defensive),
212、INT. RIPLEY'S APARTMENT - A LITTLE LATER,doc_211_chunk_2,(shrugging),
2、INT. HOSPITAL ROOM - TIGHT ON RIPLEY - GATEWAY STATION,doc_1_chunk_9,"Touching a button on the nightstand she opens the viewport, REVEALING Gateway and the turquoise Earth.",Bedroom
220、INT. HYPERSLEEP VAULT,doc_219_chunk_0,Ripley sits up.,"Cryo-chamber awakening, white and sterile environment"
220、INT. HYPERSLEEP VAULT,doc_219_chunk_0,Rubs her arms briskly.,"Cryo-chamber awakening, white and sterile environment"
212、INT. RIPLEY'S APARTMENT - A LITTLE LATER,doc_211_chunk_0,"Ripley paces, very tense.","Room with Burke and Gorman seated, nursing coffee"
212、INT. RIPLEY'S APARTMENT - A LITTLE LATER,doc_211_chunk_0,"We SEE that she's gut scared, covering it with anger.","Room with Burke and Gorman seated, during conversation"
2、INT. HOSPITAL ROOM - TIGHT ON RIPLEY - GATEWAY STATION,doc_1_chunk_7,Ripley stares at the SHAPE RISING UNDER THE SHEET.,"Medical room, during a procedure, as a creature emerges from a patient's body."
2、INT. HOSPITAL ROOM - TIGHT ON RIPLEY - GATEWAY STATION,doc_1_chunk_7,"RIPLEY screaming, snapping up INTO FRAME.","Medical room, during a procedure, as a creature emerges from a patient's body."
195、EXT. PARK,doc_194_chunk_1,Ripley sits on a bench,"ATRIUM off the medical center, Gateway Station"
195、EXT. PARK,doc_194_chunk_1,"Ripley seems healthier now, but still a bit brittle.","ATRIUM off the medical center, Gateway Station"
222、INT. MESS HALL,doc_221_chunk_3,"Ripley spins on Burke, her tone accusing.",
220、INT. HYPERSLEEP VAULT,doc_219_chunk_2,Ripley scans the group as they shuffle past her to a bank of lockers.,"bank of lockers, group shuffling past"
210、INT. RIPLEY'S APARTMENT - GATEWAY - DAY,doc_209_chunk_0,"Ripley, looking haggard, sits at a table in the dining alcove contemplating the smoke rising from her cigarette.","Dining alcove, late in the day"
210、INT. RIPLEY'S APARTMENT - GATEWAY - DAY,doc_209_chunk_0,Though it's late in the day Ripley is still wearing a robe.,"Dining alcove, late in the day"
223、INT. READY ROOM - TIGHT ON APONE - ARMORY,doc_222_chunk_1,She sets some RECORDING DISKETTES on the table.,Military briefing with troops
214、INT. APARTMENT,doc_213_chunk_0,Ripley lunges INTO FRAME with an animal outcry.,
214、INT. APARTMENT,doc_213_chunk_0,"She clutches her chest, breathing hard.",
214、INT. APARTMENT,doc_213_chunk_0,Bathed in sweat she lights a cigarette with trembling hands.,
214、INT. APARTMENT,doc_213_chunk_0,Ripley's hand inserts Burke's card into a slot.,
220、INT. HYPERSLEEP VAULT,doc_219_chunk_3,Ripley steps back as the troopers shuffle past nodding cursory hellos.,"Freezer room, troopers moving past"
220、INT. HYPERSLEEP VAULT,doc_219_chunk_3,She feels isolated by the camaraderie of this tightknit group.,"Freezer room, troopers moving past"
200、INT. CORRIDOR,doc_199_chunk_0,Ripley strides through,Conference room
200、INT. CORRIDOR,doc_199_chunk_0,She shrugs off Burke's restraining arm,Corridor
200、INT. CORRIDOR,doc_199_chunk_0,catches up to Van Leuwen walking down the corridor,Corridor
223、INT. READY ROOM - TIGHT ON APONE - ARMORY,doc_222_chunk_4,Ripley locks eyes with Vasquez.,
181、INT. DROP-SHIP,doc_180_chunk_0,Ripley strokes her hair,Newt starts to cry quietly
228、INT. LOADING BAY - ANGLE ON BURKE AND GORMAN,doc_227_chunk_0,Ripley watches the drop-ship being loaded.,Pre-flight activity
197、INT. CONFERENCE ROOM - ON RIPLEY - GATEWAY,doc_196_chunk_7,stepping on him,at the board
197、INT. CONFERENCE ROOM - ON RIPLEY - GATEWAY,doc_196_chunk_7,"stares him down, glowering at the board",at the board
214、INT. APARTMENT,doc_213_chunk_1,RIPLEY taking a deep slow breath.,Video call with Burke
214、INT. APARTMENT,doc_213_chunk_1,"She punches off before Burke replies, before she can change her mind.",Video call with Burke
214、INT. APARTMENT,doc_213_chunk_1,She turns to Jones sitting on the bed,Room with Jones
222、INT. MESS HALL,doc_221_chunk_2,pointedly gets up and moves to the far side of the table,"In a room, at a table, Ripley moves away from Bishop"
22、INT. APARTMENT,doc_21_chunk_0,Ripley lunges INTO FRAME with an animal outcry.,
22、INT. APARTMENT,doc_21_chunk_0,"She clutches her chest, breathing hard.",
22、INT. APARTMENT,doc_21_chunk_0,Bathed in sweat she lights a cigarette with trembling hands.,
22、INT. APARTMENT,doc_21_chunk_0,Ripley's hand inserts Burke's card into a slot.,At a phone console
188、INT. CARGO LOCK,doc_187_chunk_0,Ripley steps out,Parting doors reveal Ripley stepping out
188、INT. CARGO LOCK,doc_187_chunk_0,She takes a step...the massive foot CRASH-CLANGS to the deck.,Parting doors reveal Ripley stepping out
188、INT. CARGO LOCK,doc_187_chunk_0,"She takes another, advancing.",Parting doors reveal Ripley stepping out
188、INT. CARGO LOCK,doc_187_chunk_0,Ripley's expression is one you hope you'll never see... Hell hath no fury like that of a mother protecting her,Parting doors reveal Ripley stepping out
228、INT. LOADING BAY - ANGLE ON BURKE AND GORMAN,doc_227_chunk_1,Ripley looks around as Frost wheels a rack of incomprehensible equipment toward her.,Inside the ship's belly during APC loading.
228、INT. LOADING BAY - ANGLE ON BURKE AND GORMAN,doc_227_chunk_1,"Ripley jumps aside, nodding apologetically.",Inside the ship's belly during APC loading.
230、INT. DROP-SHIP - APC,doc_229_chunk_1,Ripley watches him working his way toward her.,"Aisle, Hudson approaching Ripley"
185、INT. DARK CHAMBER,doc_184_chunk_0,"Ripley moves ferret-quick among dark, unrecognizable machines.","dark, unrecognizable machines"
185、INT. DARK CHAMBER,doc_184_chunk_0,her feet going into stirruplike mechanisms.,"dark, unrecognizable machines"
185、INT. DARK CHAMBER,doc_184_chunk_0,Velcro straps fastened over them.,"dark, unrecognizable machines"
185、INT. DARK CHAMBER,doc_184_chunk_0,Fingers stabbing buttons in a sequence.,"dark, unrecognizable machines"
185、INT. DARK CHAMBER,doc_184_chunk_0,Her hand closing on a complex grip-control.,"dark, unrecognizable machines"
240、INT. HOLD - APC,doc_239_chunk_2,Ripley watches the AP station loom on the exterior screens.,
237、INT. HOLD - APC,doc_236_chunk_0,Ripley looks accusingly at Burke.,On the ship during a simulated drop
221、INT. SHOWERS,doc_220_chunk_0,Ripley dry off,"Drive-through car wash, Ripley drying off"
228、INT. LOADING BAY - ANGLE ON BURKE AND GORMAN,doc_227_chunk_4,Ripley spins the wrist servos.,
228、INT. LOADING BAY - ANGLE ON BURKE AND GORMAN,doc_227_chunk_4,She raises it deftly.,
228、INT. LOADING BAY - ANGLE ON BURKE AND GORMAN,doc_227_chunk_3,Ripley's finger punches it on.,equipment bay
228、INT. LOADING BAY - ANGLE ON BURKE AND GORMAN,doc_227_chunk_3,She takes a step.,equipment bay
228、INT. LOADING BAY - ANGLE ON BURKE AND GORMAN,doc_227_chunk_2,Ripley approaches him.,Ripley approaches Apone and Hicks.
242、INT. HOLD - APC,doc_241_chunk_1,Ripley turns as Vasquez squeezes past her.,"Preparation for dispersal, Vasquez squeezing past Ripley"
246、INT. APC,doc_245_chunk_0,Ripley watches as the bobbing images reveal the empty colony building.,observing images of the empty colony building
222、INT. MESS HALL,doc_221_chunk_6,"WHAM! Ripley knocks the plate out of his hand, halfway across the room.",in a room with tables
234、INT. DROP-SHIP - APC,doc_233_chunk_0,Ripley closes her eyes...the point of no return.,
255、EXT. COLONY COMPLEX,doc_254_chunk_1,Ripley stop,
256、INT. APC,doc_255_chunk_0,"Ripley sits in the dark interior, lit by the tactical displays.","Inside a tank, after the crew door closes"
256、INT. APC,doc_255_chunk_0,She hugs herself.,"Inside a tank, after the crew door closes"
256、INT. APC,doc_255_chunk_0,Leaps up.,"Inside a tank, after the crew door closes"
256、INT. APC,doc_255_chunk_0,Hits the door switch.,"Inside a tank, after the crew door closes"
248、INT. APC,doc_247_chunk_0,watching,
230、INT. DROP-SHIP - APC,doc_229_chunk_0,"Ripley, wearing a flight jacket and headset, files into the ship with the hulking troopers.","On a ship, Ripley enters with troopers."
259、INT. CORRIDOR,doc_258_chunk_0,Her expression reveals that Ripley is about to turn and flee.,"Devastated wing, Ripley about to flee."
260、INT. MEDICAL WING,doc_259_chunk_3,"Ripley nods, unable to speak.","Room with a cylinder containing a creature, Burke questions Ripley"
257、EXT. APC - SOUTH LOCK,doc_256_chunk_2,"She jumps back, gasping for breath.",Wierzbowski startles Ripley
261、INT. CORRIDOR,doc_260_chunk_0,Ripley hangs back.,Kitchens (stainless steel labyrinth)
261、INT. CORRIDOR,doc_260_chunk_0,Then realizes there is nothing behind her but darkness.,Kitchens (stainless steel labyrinth)
261、INT. CORRIDOR,doc_260_chunk_0,She catches up to the group.,Kitchens (stainless steel labyrinth)
262、INT. KITCHENS,doc_261_chunk_0,Ripley shuffles forward in the dark.,"Food processing area, moving through darkness"
262、INT. KITCHENS,doc_261_chunk_0,Ripley half climbs the wall.,"Food processing area, moving through darkness"
260、INT. MEDICAL WING,doc_259_chunk_5,Ripley takes a folder from above one of the live specimens.,Inside a room with cylinders and live specimens
260、INT. MEDICAL WING,doc_259_chunk_5,(looking up),Inside a room with cylinders and live specimens
262、INT. KITCHENS,doc_261_chunk_5,"Ripley pushes the hatch open before the child can latch it, and crawls in after her.",Tiny steel chamber
262、INT. KITCHENS,doc_261_chunk_5,Ripley shines her light around in amazement.,Tiny steel chamber
263、INT. OPERATIONS - ON NEWT - MANAGER'S OFFICE,doc_262_chunk_1,"Ripley enters, carrying a coffee mug.",
251、INT. DROP-SHIP - APC,doc_250_chunk_0,Ripley watches Hicks' monitor.,
251、INT. DROP-SHIP - APC,doc_250_chunk_0,(plugs in headset jack),
251、INT. DROP-SHIP - APC,doc_250_chunk_0,TIGHT ON RIPLEY knowing what it is.,
265、INT. OFFICE,doc_264_chunk_2,"Ripley gazes at her, chilled both by the ominous statement and by the situation which could have produced this outlook in a child.",
272、INT. APC,doc_271_chunk_0,Ripley stares at the scene in dread fascination.,
197、INT. CONFERENCE ROOM - ON RIPLEY - GATEWAY,doc_196_chunk_6,"Ripley glances at Burke, silent at the far end of the table.",At a table
197、INT. CONFERENCE ROOM - ON RIPLEY - GATEWAY,doc_196_chunk_6,Her mouth hardens as a bit of the old nail-eating Ripley surfaces.,At a table
263、INT. OPERATIONS - ON NEWT - MANAGER'S OFFICE,doc_262_chunk_4,She pours water from a squeeze bottle onto a small cloth and gently washes the little girl's face.,
263、INT. OPERATIONS - ON NEWT - MANAGER'S OFFICE,doc_262_chunk_4,Ripley smiles.,
262、INT. KITCHENS,doc_261_chunk_8,Ripley's light falls on something amidst the debris...,amidst debris
279、INT. APC,doc_278_chunk_0,"Ripley watches the woman, white knuckled.",
262、INT. KITCHENS,doc_261_chunk_7,"Ripley grabs her, controlling her in a bear hug.",
260、INT. MEDICAL WING,doc_259_chunk_1,transfixed by something,"med lab area, second room"
260、INT. MEDICAL WING,doc_259_chunk_1,"She has entered a second room, part of the med lab area.","med lab area, entering second room"
265、INT. OFFICE,doc_264_chunk_1,"Ripley grins inanely, not wanting to move or speak... nor break the spell.",Meeting Newt and the doll Casey
265、INT. OFFICE,doc_264_chunk_1,"Ripley picks up her tiny limp hand, shaking it formally.",Meeting Newt and the doll Casey
2、INT. HOSPITAL ROOM - TIGHT ON RIPLEY - GATEWAY STATION,doc_1_chunk_1,"Ripley shrugs, not caring.",Gateway station medical area
220、INT. HYPERSLEEP VAULT,doc_219_chunk_5,Ripley notices a strange TATTOO across the back of his left hand...an ALPHA-NUMERIC CODE.,Bishop passes close to Ripley
281、INT. APC,doc_280_chunk_0,"Ripley senses it coming, like a wave at night. Dark, terrifying and inevitable.",
265、INT. OFFICE,doc_264_chunk_4,Ripley smiles grimly at the inadvertently macabre expression.,
22、INT. APARTMENT,doc_21_chunk_1,taking a deep slow breath.,
22、INT. APARTMENT,doc_21_chunk_1,"She punches off before Burke replies, before she can change her mind.",
22、INT. APARTMENT,doc_21_chunk_1,She turns to Jones sitting on the bed and her tone becomes admonishing...,
276、INT. APC,doc_275_chunk_0,"Ripley leans forward suddenly, studying the graphic readout of the STATION GROUND PLAN.","Station, studying ground plan"
28、INT. HYPERSLEEP VAULT,doc_27_chunk_0,Ripley sits up.,"Capsule room, waking from stasis"
28、INT. HYPERSLEEP VAULT,doc_27_chunk_0,Rubs her arms briskly.,"Capsule room, waking from stasis"
262、INT. KITCHENS,doc_261_chunk_6,"Ripley marvels at the child's incredible adaptability, the ability to functions even in this nightmarish environment.","Wrecked colony, child's foraged belongings"
283、INT. APC,doc_282_chunk_0,Ripley watches Frost's monitor go black.,
20、INT. RIPLEY'S APARTMENT - A LITTLE LATER,doc_19_chunk_0,"Ripley paces, very tense.","Break room, discussion about mission return"
20、INT. RIPLEY'S APARTMENT - A LITTLE LATER,doc_19_chunk_0,"she's gut scared, covering it with anger","Break room, discussion about mission return"
265、INT. OFFICE,doc_264_chunk_0,"Ripley is washing Newt's tiny hands with a cloth, pink skin emerging from black grime.",
265、INT. OFFICE,doc_264_chunk_0,Ripley leans closer.,
265、INT. OFFICE,doc_264_chunk_0,Feels like she's breathing on coals.,
285、INT. APC,doc_284_chunk_0,Ripley flinches as another scream comes over the open frequency.,"Battle of phantoms on video screens, screams over open frequency."
285、INT. APC,doc_284_chunk_1,Ripley watches it fall apart.,After Crowe's telemetry cuts off and during Gorman's orders
28、INT. HYPERSLEEP VAULT,doc_27_chunk_4,Ripley steps back as the troopers shuffle past nodding cursory hellos.,"Freezer room, troopers shuffling past"
28、INT. HYPERSLEEP VAULT,doc_27_chunk_4,She feels isolated by the camaraderie of this tightknit group.,"Freezer room, troopers shuffling past"
28、INT. HYPERSLEEP VAULT,doc_27_chunk_3,Ripley scans the group as they shuffle past her to a bank of lockers.,"Bank of lockers, group shuffling past Ripley"
265、INT. OFFICE,doc_264_chunk_5,Ripley rocks her,Breakthrough moment
265、INT. OFFICE,doc_264_chunk_5,tears of suppresses terror and grief and hurt rolling down her face,Breakthrough moment
265、INT. OFFICE,doc_264_chunk_5,Ripley closes her eyes,Breakthrough moment
28、INT. HYPERSLEEP VAULT,doc_27_chunk_6,Ripley notices a strange TATTOO across the back of his left hand...an ALPHA-NUMERIC CODE.,Bishop passes close to Ripley
296、INT. APC,doc_295_chunk_1,"Ripley joins Hicks who is bent over Gorman, checking for a pulse.",
230、INT. DROP-SHIP - APC,doc_229_chunk_3,Ripley nods her thanks to Hicks.,"In the craft, as the craft is about to take off."
230、INT. DROP-SHIP - APC,doc_229_chunk_3,She looks like she's in a gas chamber waiting for the pellet to drop.,"In the craft, as the craft is about to take off."
293、EXT. APC,doc_292_chunk_0,"Ripley works the shifters, pivoting the massive machine.","On ramp after armored vehicle collision with conduit, fire breaking out."
274、INT. APC,doc_273_chunk_0,turning,"wall detail, viewing the bas-relief"
299、INT. APC,doc_298_chunk_5,"Ripley sits behind Newt, putting her arm around her.",
294、INT./EXT. APC 104-,doc_293_chunk_2,Ripley fights the controls,"Inside the APC, during a maneuver that broadsides a control-room out-building"
30、INT. MESS HALL,doc_29_chunk_3,"Ripley spins on Burke, her tone accusing.",
296、INT. APC,doc_295_chunk_2,"Ripley opens Gorman's tunic, revealing a bloodless purple puncture wound.","On the deck, after Gorman's head smacks the deck."
258、INT. CONTROL BLOCK CORRIDOR,doc_257_chunk_0,Ripley catches up with the others as they move into the bowels of the complex.,Moving into the bowels of the complex
258、INT. CONTROL BLOCK CORRIDOR,doc_257_chunk_0,reacting to the fact that she is back in alien country,Moving along the corridor
258、INT. CONTROL BLOCK CORRIDOR,doc_257_chunk_0,She sees the ravaged administration complex.,Moving along the corridor
294、INT./EXT. APC 104-,doc_293_chunk_4,Ripley hits full throttle.,Escaping from the station in the APC.
294、INT./EXT. APC 104-,doc_293_chunk_4,Her grip is white knuckled.,Escaping from the station in the APC.
29、INT. SHOWERS,doc_28_chunk_0,dry off,Car wash
294、INT./EXT. APC 104-,doc_293_chunk_3,Ripley recoils.,
294、INT./EXT. APC 104-,doc_293_chunk_3,She reacts instinctively.,
294、INT./EXT. APC 104-,doc_293_chunk_3,Slams both sets of brakes with all her strength.,
299、INT. APC,doc_298_chunk_3,Ripley stares at his like he's a particularly disagreeable fungus.,
292、INT. APC,doc_291_chunk_1,Ripley jams reverse.,APC moving up ramp
292、INT. APC,doc_291_chunk_1,Nails the throttle.,APC moving up ramp
30、INT. MESS HALL,doc_29_chunk_5,"WHAM! Ripley knocks the plate out of his hand, halfway across the room.","Dining area, after Bishop offers cornbread"
3、EXT. PARK,doc_2_chunk_5,She cries silently.,
3、EXT. PARK,doc_2_chunk_3,"Ripley studies the PHOTOGRAPH, stunned.",
3、EXT. PARK,doc_2_chunk_3,She tries to reconcile the face with the little girl she once knew.,
262、INT. KITCHENS,doc_261_chunk_3,"Ripley moves toward her, reaching slowly under the cabinet.","Inside a room with cabinets, Ripley searching for Newt"
262、INT. KITCHENS,doc_261_chunk_3,Ripley's hand almost reaches her.,"Inside a room with cabinets, Ripley searching for Newt"
262、INT. KITCHENS,doc_261_chunk_3,Ripley scrambles to follow...to keep her in sight.,"Inside a room with cabinets, Ripley searching for Newt"
305、INT. OPERATIONS,doc_304_chunk_2,"Ripley indicates Newt, who salutes Hudson smartly.",
299、INT. APC,doc_298_chunk_2,Ripley faces Burke squarely and she's not pleased.,"Group setting, Burke taking Ripley aside."
30、INT. MESS HALL,doc_29_chunk_2,who pointedly gets up and moves to the far side of the table,"At a table, Ripley moves to the far side after Bishop sits beside her"
303、EXT. APC - LANDSCAPE - STATION,doc_302_chunk_4,"Ripley follows Newt's look to the AP station looming in the twilight, the burning drop-ship wreckage jammed into its basal structure.","Twilight at AP station, observing burning wreckage"
296、INT. APC,doc_295_chunk_3,Ripley and Vasquez lock eyes.,tiny metallic space
296、INT. APC,doc_295_chunk_3,"Ripley doesn't want it to be ""I told you so"" but Vasquez reads it that way.",tiny metallic space
270、INT. APC,doc_269_chunk_0,"Huddles around the screens are Ripley, Burke and Gorman.",Group huddling around screens
31、INT. READY ROOM - TIGHT ON APONE - ARMORY,doc_30_chunk_1,She sets some RECORDING DISKETTES on the table.,"Before the troops, after Gorman nods to Ripley."
303、EXT. APC - LANDSCAPE - STATION,doc_302_chunk_1,She grabs Newt and sprints for cover,On the ship during the engine module crash
3、EXT. PARK,doc_2_chunk_4,"Ripley gazes off, into the pseudo-landscape, into the past.",
263、INT. OPERATIONS - ON NEWT - MANAGER'S OFFICE,doc_262_chunk_2,"Ripley kneels beside Newt, brushing the girl's unkempt hair out of her eyes in a gentle, maternal fashion.",Operations room main floor
263、INT. OPERATIONS - ON NEWT - MANAGER'S OFFICE,doc_262_chunk_2,She wraps the child's hands around the cup. Raises it to her lips for her.,Operations room main floor
311、INT. MED LAB ANNEX - OPERATING ROOM,doc_310_chunk_2,Ripley's expression becomes sober.,
311、INT. MED LAB ANNEX - OPERATING ROOM,doc_310_chunk_2,She brushes damp hair back from the child's pale forehead.,
268、INT. APC,doc_267_chunk_0,Ripley and Newt sit side by side just aft of the driver's cockpit.,"Vehicle interior, traveling"
268、INT. APC,doc_267_chunk_0,Ripley's gaze shifts out the windshield as the processing station looms ahead.,Approaching processing station
3、EXT. PARK,doc_2_chunk_1,Ripley sits on a bench,"Gateway Station Atrium, off medical center"
3、EXT. PARK,doc_2_chunk_1,"Ripley seems healthier now, but still a bit brittle.","Gateway Station Atrium, off medical center"
303、EXT. APC - LANDSCAPE - STATION,doc_302_chunk_2,She nods.,on the planet after the destruction of their fire power
303、EXT. APC - LANDSCAPE - STATION,doc_302_chunk_2,She can't disguise her stricken expression when she looks at Newt,on the planet after the destruction of their fire power
303、EXT. APC - LANDSCAPE - STATION,doc_302_chunk_2,She shrugs with fatalistic acceptance.,on the planet after the destruction of their fire power
313、INT. MED LAB ANNEX,doc_312_chunk_4,She turns away and strides out.,
311、INT. MED LAB ANNEX - OPERATING ROOM,doc_310_chunk_3,Ripley begins pulling blankets up an tucking them in around her tiny body.,
308、INT. SECOND LEVEL CORRIDOR,doc_307_chunk_0,"He and Ripley are covering an air duct opening with a metal plate, welding it in place, showering sparks in the dark corridor.","Dark corridor, welding air duct"
311、INT. MED LAB ANNEX - OPERATING ROOM,doc_310_chunk_1,"This obviously strikes a chord with Ripley, but she feigns cheerfulness.",
311、INT. MED LAB ANNEX - OPERATING ROOM,doc_310_chunk_1,"Ripley lifts the doll's head from Newt's tiny fingers and looks inside. It is, of course, empty.",
311、INT. MED LAB ANNEX - OPERATING ROOM,doc_310_chunk_1,Ripley closes the doll's eyes and hands her back.,
240、INT. HOLD - APC,doc_239_chunk_0,"Stumbling as the ship pitches, Ripley makes her way forward to the MOBILE TACTICAL OPERATIONS BAY (MTOB), a control console lined with monitor screens.","MTOB, Ripley moving to the control console"
240、INT. HOLD - APC,doc_239_chunk_0,She joins Burke watching over Gorman's shoulder as the Lieutenant plays the board like a video director.,"MTOB, Ripley joining Burke and Gorman"
312、INT. MED LAB,doc_311_chunk_1,Ripley points at the stasis cylinders containing the face-hugger specimens.,
311、INT. MED LAB ANNEX - OPERATING ROOM,doc_310_chunk_5,Ripley gazes at her a long time before answering...,Newt offers to fill in
312、INT. MED LAB,doc_311_chunk_0,"Ripley stands over the Lieutenant, who is lying motionless on an examining table.","Medical examination room, Lieutenant lying motionless on examining table"
313、INT. MED LAB ANNEX,doc_312_chunk_2,Ripley snaps.,
313、INT. MED LAB ANNEX,doc_312_chunk_2,"She slams him against the wall, surprising herself and him, her hands gripping his collar.",
290、INT. ALIEN STRUCTURE,doc_289_chunk_0,Ripley hits the floodlights.,"APC moving through smoky, alien-encrusted structure"
290、INT. ALIEN STRUCTURE,doc_289_chunk_0,She homes on the flash of weapons fire ahead.,"APC moving through smoky, alien-encrusted structure"
311、INT. MED LAB ANNEX - OPERATING ROOM,doc_310_chunk_7,"Ripley unsnaps the TRACKER BRACELET given to her by Hicks and puts it on Newt's tiny wrist, cinching it down.",Room with video security camera above door
311、INT. MED LAB ANNEX - OPERATING ROOM,doc_310_chunk_7,Ripley walks away,Room with video security camera above door
306、INT. OPERATIONS,doc_305_chunk_1,(pointing),"Inside the complex, plan discussion"
313、INT. MED LAB ANNEX,doc_312_chunk_3,"She steps back, shaking, and looks at him with utter loathing, as if the depths of human greed are a far more horrific revelation than any alien.",
313、INT. MED LAB ANNEX,doc_312_chunk_0,Ripley and Burke have squared off.,"Observation chamber, confrontation with Burke"
31、INT. READY ROOM - TIGHT ON APONE - ARMORY,doc_30_chunk_4,Ripley locks eyes with Vasquez.,After Ripley's interruption of Hudson and Vasquez's conversation.
296、INT. APC,doc_295_chunk_0,"Ripley, still running on the adrenalin dynamo, spins out of her seat into the aisle.",In a vehicle
296、INT. APC,doc_295_chunk_0,Feeling a tug at her pants leg she looks down.,In a vehicle
296、INT. APC,doc_295_chunk_0,Ripley goes back to the others.,In a vehicle
321、INT. MED LAB,doc_320_chunk_0,Ripley jumps as an ALARM suddenly blares through the complex.,"Complex, alarm blaring"
321、INT. MED LAB,doc_320_chunk_0,"Ripley jumps up, unslinging a FLAMETHROWER from her shoulder in one motion, and sprints for Operations with Vasquez.","Complex, heading to Operations with Vasquez"
319、INT. MED LAB,doc_318_chunk_1,Ripley looks at her watch.,Bishop's time estimate for the duct crawl and antenna patch
30、INT. MESS HALL,doc_29_chunk_0,"Gorman, Burke, Bishop and Ripley sit at another.","Breakfast scene: troopers at one table, Ripley and others at another, waiting for eggs."
314、INT. CORRIDOR,doc_313_chunk_0,Ripley is walking toward operations,"Operations area, alarm sounds"
314、INT. CORRIDOR,doc_313_chunk_0,She breaks into a run.,"Operations area, alarm sounds"
324、INT. OPERATIONS,doc_323_chunk_1,"Ripley repeats the action, not very smoothly.",Weapon training session with Hicks
324、INT. OPERATIONS,doc_323_chunk_1,Her hands are trembling.,Weapon training session with Hicks
324、INT. OPERATIONS,doc_323_chunk_1,She indicates a stout TUBE underneath the slender pulse-rifle barrel.,Weapon training session with Hicks
318、INT. OPERATIONS - MINUTES LATER,doc_317_chunk_2,pacing,
318、INT. OPERATIONS - MINUTES LATER,doc_317_chunk_2,"Ripley is wound up like a dynamo, her mind spinning out",
322、INT. OPERATIONS,doc_321_chunk_6,Ripley hefts the weapon.,
322、INT. OPERATIONS,doc_321_chunk_6,She raises it clumsily.,
315、INT. OPERATIONS,doc_314_chunk_0,Ripley double-times it to Hicks' TACTICAL CONSOLE where Hudson and Vasquez have already gathered.,"Hicks' tactical console, Hudson and Vasquez already gathered"
319、INT. MED LAB,doc_318_chunk_0,Ripley hands it down to him.,Access to subfloor conduits via an acid hole from the colonists' siege.
319、INT. MED LAB,doc_318_chunk_0,"She then hands him a small satchel containing tools and assorted patch cables, a service pistol and a small cutting torch.",Access to subfloor conduits via an acid hole from the colonists' siege.
322、INT. OPERATIONS,doc_321_chunk_0,Ripley runs to the tactical console,"Tactical console area, robot sentries active"
332、INT. OPERATING ROOM,doc_331_chunk_0,Ripley picks up a steel chair and slams it against the observation window.,"Med lab, Ripley attempts to break observation window"
332、INT. OPERATING ROOM,doc_331_chunk_0,She tries again.,"Med lab, Ripley attempts to break observation window"
326、INT. MED LAB - ANNEX,doc_325_chunk_0,"Ripley crosses the deserted lab, passing through the annex to the small O.R. where she left Newt","Deserted lab, moving through annex to small O.R."
330、INT. OPERATING ROOM - TIGHT ON RIPLEY - MED LAB,doc_329_chunk_1,Ripley feels a slow upwelling wave of terror rise through her in that silent frozen moment...the nine unavoidable certainty of a lethal presence.,
330、INT. OPERATING ROOM - TIGHT ON RIPLEY - MED LAB,doc_329_chunk_1,"Unable to move or breathe, she looks around frantically, assessing the situation.",
327、INT. MED LAB - O.R.,doc_326_chunk_1,"Withoutwaking the little girl, she slips her arms around her.","Under the bed, comforting Newt during a nightmare"
327、INT. MED LAB - O.R.,doc_326_chunk_1,Ripley becomes merely the larger of two children huddling together in the darkness under their bed.,"Under the bed, comforting Newt during a nightmare"
327、INT. MED LAB - O.R.,doc_326_chunk_1,Ripley rocks her gently.,"Under the bed, comforting Newt during a nightmare"
325、INT. CORRIDOR,doc_324_chunk_0,"Ripley walking down the corridor, now carrying the newfound friend, the M-41A.","Corridor, Ripley walking with M-41A"
325、INT. CORRIDOR,doc_324_chunk_0,She shoulders by him into the med lab.,"Corridor, Ripley entering med lab"
331、INT. OPERATIONS - TIGHT ON VIDEO MONITOR,doc_330_chunk_0,Ripley waving her arms,"Monitor screen, surreal pantomime"
332、INT. OPERATING ROOM,doc_331_chunk_3,She removes her lighter from a jacket pocket and picks up some papers from the counter.,Room with surgical table
332、INT. OPERATING ROOM,doc_331_chunk_3,Moving cautiously she boosts Newt up onto the SURGICAL TABLE in the center of the room and clambers up after her.,Room with surgical table
311、INT. MED LAB ANNEX - OPERATING ROOM,doc_310_chunk_4,Ripley nods slowly.,Near a bed
311、INT. MED LAB ANNEX - OPERATING ROOM,doc_310_chunk_4,"She turns, reaching for a PORTABLE SPACE HEATER sitting nearby, and slides it closer to the bed.",Near a bed
311、INT. MED LAB ANNEX - OPERATING ROOM,doc_310_chunk_4,She switches it on.,Near a bed
330、INT. OPERATING ROOM - TIGHT ON RIPLEY - MED LAB,doc_329_chunk_2,"Ripley reaches up and, clutching the springs of the underside of the cot, begins to inch it away from the wall.","Room with cot against wall, Ripley moving cot"
330、INT. OPERATING ROOM - TIGHT ON RIPLEY - MED LAB,doc_329_chunk_2,"she cautiously slides herself up between the wall and the edge of the cot, reaching for the rifle she left lying on top of the mattress.","Room with space between wall and cot, Ripley sliding to reach rifle"
312、INT. MED LAB,doc_311_chunk_4,Ripley ponders the ramifications of Bishop's analysis.,
312、INT. MED LAB,doc_311_chunk_4,Ripley feels the fabric of her self-restraint tearing.,
312、INT. MED LAB,doc_311_chunk_4,She slaps the intercom switch.,
334、INT. OPERATING ROOM,doc_333_chunk_7,"Ripley collapses, gagging.",After Hudson kills the alien
311、INT. MED LAB ANNEX - OPERATING ROOM,doc_310_chunk_6,She switches off the light and starts to rise.,"Room, Ripley preparing to leave"
330、INT. OPERATING ROOM - TIGHT ON RIPLEY - MED LAB,doc_329_chunk_0,awakens with a start,"Sleeping area, Ripley awakens and discovers stasis cylinders in the med lab."
330、INT. OPERATING ROOM - TIGHT ON RIPLEY - MED LAB,doc_329_chunk_0,checks her watch,"Sleeping area, Ripley awakens and discovers stasis cylinders in the med lab."
330、INT. OPERATING ROOM - TIGHT ON RIPLEY - MED LAB,doc_329_chunk_0,gently disengages herself from Newt,"Sleeping area, Ripley awakens and discovers stasis cylinders in the med lab."
330、INT. OPERATING ROOM - TIGHT ON RIPLEY - MED LAB,doc_329_chunk_0,sees something and FREEZES,"Sleeping area, Ripley awakens and discovers stasis cylinders in the med lab."
332、INT. OPERATING ROOM,doc_331_chunk_2,"Ripley steadies herself, realizing Newt's terror and the child's dependence on her.",
332、INT. OPERATING ROOM,doc_331_chunk_2,She plays the beam across the ceiling.,
332、INT. OPERATING ROOM,doc_331_chunk_2,Holds on something.,
332、INT. OPERATING ROOM,doc_331_chunk_2,Gets an idea.,
330、INT. OPERATING ROOM - TIGHT ON RIPLEY - MED LAB,doc_329_chunk_6,She pounds on the window.,At a window overlooking an empty lab
330、INT. OPERATING ROOM - TIGHT ON RIPLEY - MED LAB,doc_329_chunk_6,"Ripley whirls, hearing a loathsome scrabblingbehind her.","At the window, hearing a sound behind her"
330、INT. OPERATING ROOM - TIGHT ON RIPLEY - MED LAB,doc_329_chunk_6,She steps in front of the video surveillance camera and waves her arms in a circle.,"At the window, in front of a video surveillance camera"
332、INT. OPERATING ROOM,doc_331_chunk_4,Ripley lights the papers and holds the flaming mass under the temperature sensor of a fire control system SPRINKLER HEAD.,"Inside a complex, fire control system activated."
334、INT. OPERATING ROOM,doc_333_chunk_1,Ripley hurls the CHITTERING creature off of her.,"Room with cabinets, during creature attack"
334、INT. OPERATING ROOM,doc_333_chunk_1,"Ripley scrambles desperately, pulling equipment over on top of herself, clawing across the floor in a frenzy of motion.","Room with cabinets, during creature attack"
334、INT. OPERATING ROOM,doc_333_chunk_1,"She tears at it, but it is incredibly powerful for its size.","Room with cabinets, during creature attack"
313、INT. MED LAB ANNEX,doc_312_chunk_1,stepping on him,
313、INT. MED LAB ANNEX,doc_312_chunk_1,"Ripley's fury is peaking, now that the frustration and rage finally have a target to focus on.",
335、INT. OPERATIONS - ANGLE ON HUDSON,doc_334_chunk_4,Ripley picks up her rifle and thumbs off the safety.,After the power is cut
335、INT. OPERATIONS - ANGLE ON HUDSON,doc_334_chunk_1,"Ripley stands in front of Burke, every fiber of her being accusing him with absolute outrage.",
335、INT. OPERATIONS - ANGLE ON HUDSON,doc_334_chunk_3,"Ripley shakes her head, the rage giving way to a sickened emptiness.",
334、INT. OPERATING ROOM,doc_333_chunk_5,Ripley is losing strength as the tail tightens sickeningly around her throat.,"Inside a room with spider web pattern, during a beast fight"
334、INT. OPERATING ROOM,doc_333_chunk_2,"Ripley has both hands up, forcing the pulsing body back from her face.","Corner of a room, Newt against desk, Ripley fighting creature"
334、INT. OPERATING ROOM,doc_333_chunk_2,"Ripley thrashes about, knocking over equipment, sending instruments CLATTERING.","Corner of a room, Newt against desk, Ripley fighting creature"
334、INT. OPERATING ROOM,doc_333_chunk_0,"Ripley scans the room with her light, her hair plastered to her face, wiping water out of her eyes.",dark room with sprinklers and siren
334、INT. OPERATING ROOM,doc_333_chunk_0,"She looks into its tangle of arms and cables, inches away.",dark room with sprinklers and siren
334、INT. OPERATING ROOM,doc_333_chunk_0,Looks away.,dark room with sprinklers and siren
334、INT. OPERATING ROOM,doc_333_chunk_0,Her eyes snap back.,dark room with sprinklers and siren
334、INT. OPERATING ROOM,doc_333_chunk_0,"She SCREAMS and topples off the table, splashing to the floor.",dark room with sprinklers and siren
337、INT. OPERATIONS,doc_336_chunk_0,Ripley and Hicks share a look...,
335、INT. OPERATIONS - ANGLE ON HUDSON,doc_334_chunk_2,"Ripley glances at the little girl, a frail figure sitting nearby, hugging her knees and watching the proceedings with somber eyes.",
339、INT. OPERATIONS,doc_338_chunk_2,She picks up Vasquez' scanner and aims it the same direction as Hudson's.,"Vasquez welding the door, Hudson reporting proximity"
340、INT. MED LAB CORRIDOR,doc_339_chunk_3,"Ripley is slammed against the door by the recoil, blinded by the flash and deafened by the concussion.",
339、INT. OPERATIONS,doc_338_chunk_6,Ripley scoops up Newt and staggers back.,Room during ceiling explosion and creature attack
339、INT. OPERATIONS,doc_338_chunk_3,"Ripley fiddles with her tracker, adjusting the tuning.","Inside a room, during a tracker reading incident"
339、INT. OPERATIONS,doc_338_chunk_3,"She feels a cold premonitory dread as she angles her tracker upward to the ceiling, almost overhead.","Inside a room, during a tracker reading incident"
339、INT. OPERATIONS,doc_338_chunk_1,Ripley's lights a moment later.,"Room, Vasquez welding door, Hicks and Ripley lighting flamethrowers."
342、INT. CORRIDOR,doc_341_chunk_0,"Stunned, Ripley sees through dissipating smoke the creature rising to advance again.",
342、INT. CORRIDOR,doc_341_chunk_0,Flinching against blast and glare she drills it POINT-BLANK with a BLINDING BURST that carries the M-41A's muzzle right up toward the ceiling.,
308、INT. SECOND LEVEL CORRIDOR,doc_307_chunk_1,"Ripley pauses for a moment, regarding him quizzically.","Hicks offers Ripley the emergency beeper, she pauses quizzically"
308、INT. SECOND LEVEL CORRIDOR,doc_307_chunk_1,She consults a printout of the floor plan.,"After Hudson asks what's next, Ripley consults the floor plan"
324、INT. OPERATIONS,doc_323_chunk_0,Ripley has the stock of the M-41A snugged up to her cheek,Weapon training session with Hicks
324、INT. OPERATIONS,doc_323_chunk_0,is awkwardly trying to keep up with Hicks' instructions,Weapon training session with Hicks
345、INT. MED LAB ANNEX,doc_344_chunk_0,Ripley pulls her back.,"Room under attack, at air vent"
340、INT. MED LAB CORRIDOR,doc_339_chunk_1,"Shaking, Ripley raises her rifle.","Corridor, alien advancing with strobe lighting"
340、INT. MED LAB CORRIDOR,doc_339_chunk_1,She squeezes the trigger.,"Corridor, alien advancing with strobe lighting"
330、INT. OPERATING ROOM - TIGHT ON RIPLEY - MED LAB,doc_329_chunk_4,Ripley heaves Newt across the polished floor and in a frenzied scramble rolls from beneath the cot.,Shadowed room with equipment
330、INT. OPERATING ROOM - TIGHT ON RIPLEY - MED LAB,doc_329_chunk_4,Ripley's eyes flash around the shadowed room where every corner of space between equipment holds lethal promise.,Shadowed room with equipment
339、INT. OPERATIONS,doc_338_chunk_8,She dashes for the corridor.,corridor during alien attack
327、INT. MED LAB - O.R.,doc_326_chunk_0,"Entering the darkened chamber, Ripley looks around.","Darkened chamber, Ripley searching for Newt"
327、INT. MED LAB - O.R.,doc_326_chunk_0,On a hunch she kneels down and peers under the bed.,"Darkened chamber, Ripley searching for Newt"
327、INT. MED LAB - O.R.,doc_326_chunk_0,"Ripley stares at Newt's tiny face, so angelic despite the demons that have chased her through her dreams and the reality between dreams.","Darkened chamber, Ripley searching for Newt"
327、INT. MED LAB - O.R.,doc_326_chunk_0,Ripley lays the rifle on top of the cot and crawls carefully underneath.,"Darkened chamber, Ripley searching for Newt"
347、INT. AIR DUCT,doc_346_chunk_0,"She blinks, seeing something...not sure.",Tunnel
345、INT. MED LAB ANNEX,doc_344_chunk_1,"Ripley trades her rifle for Gorman's flamethrower before he can protest and enters the air shaft, which is a tight fit.",Inside the air shaft
343、INT. MED LAB ANNEX,doc_342_chunk_0,"Ripley sprints across the room, trying the far door.","Room, trying the far door"
345、INT. MED LAB ANNEX,doc_344_chunk_3,"Ripley fires the flamethrower periodically, as they pass side ducts covered by louvered grilles or vertical shafts going to higher or lower levels.","Duct maze, sprinting through narrow connecting ducts"
347、INT. AIR DUCT,doc_346_chunk_2,Ripley sees the glistening apparitions closing in.,
345、INT. MED LAB ANNEX,doc_344_chunk_2,Ripley turns into a larger MAIN DUCT where there is enough room to crab-walk in a low crouch.,"Main duct, Ripley enters a larger section"
345、INT. MED LAB ANNEX,doc_344_chunk_2,"She runs, scraping her back on the ceiling.","Main duct, Ripley runs while scraping her back on the ceiling"
330、INT. OPERATING ROOM - TIGHT ON RIPLEY - MED LAB,doc_329_chunk_5,"Ripley hugs Newt close and heads toward the door, moving as if every object in the room had a million volts running through it.","Inside a room, Ripley is attempting to activate the lights and open the door."
330、INT. OPERATING ROOM - TIGHT ON RIPLEY - MED LAB,doc_329_chunk_5,She reaches the door.,"Inside a room, Ripley is attempting to activate the lights and open the door."
330、INT. OPERATING ROOM - TIGHT ON RIPLEY - MED LAB,doc_329_chunk_5,Hits the wall switch.,"Inside a room, Ripley is attempting to activate the lights and open the door."
330、INT. OPERATING ROOM - TIGHT ON RIPLEY - MED LAB,doc_329_chunk_5,She tries the lights.,"Inside a room, Ripley is attempting to activate the lights and open the door."
330、INT. OPERATING ROOM - TIGHT ON RIPLEY - MED LAB,doc_329_chunk_5,She pounds on the door.,"Inside a room, Ripley is attempting to activate the lights and open the door."
330、INT. OPERATING ROOM - TIGHT ON RIPLEY - MED LAB,doc_329_chunk_5,"She moves to the observation window, glancing frantically over her shoulder.","Inside a room, Ripley is attempting to activate the lights and open the door."
332、INT. OPERATING ROOM,doc_331_chunk_1,"Ripley turns, studying the room.",a room with surgical equipment
332、INT. OPERATING ROOM,doc_331_chunk_1,She fumbles through a clutter of equipment on a counter next to her and finds a SMALL EXAMINATION LIGHT.,a room with surgical equipment
332、INT. OPERATING ROOM,doc_331_chunk_1,Snapping it on she plays the beam over the walls.,a room with surgical equipment
332、INT. OPERATING ROOM,doc_331_chunk_1,"She hears, or thinks she hears, movements.",a room with surgical equipment
348、INT. SERVICE WAY,doc_347_chunk_0,"RUSHING WITH Ripley, Newt and Hicks as a full tilt run.","Service way chase, after a blast"
348、INT. SERVICE WAY,doc_347_chunk_0,it's all Ripley and Hicks can do to keep up.,"Service way chase, after a blast"
349、INT. CHUTE,doc_348_chunk_1,"Ripley reaches for her, dropping her light.","Inside a chute, Newt slips and Ripley reaches for her"
349、INT. CHUTE,doc_348_chunk_1,"Ripley strains, reaching, her hand groping for Newt's.","Inside a chute, Newt slips and Ripley reaches for her"
356、INT. DROP-SHIP,doc_355_chunk_1,"Ripley is stuffing gear rapidly into a satchel, her hands flying.",On the ship during the 17-minute countdown to explosion
349、INT. CHUTE,doc_348_chunk_4,to her headset,
36、INT. LOADING BAY - ANGLE ON BURKE AND GORMAN,doc_35_chunk_0,Ripley watches the drop-ship being loaded.,
347、INT. AIR DUCT,doc_346_chunk_3,Ripley hands her out.,narrow service way
347、INT. AIR DUCT,doc_346_chunk_3,Ripley follows and turns to help Gorman.,narrow service way
353、INT. SERVICE TUNNEL,doc_352_chunk_3,"Galvanized out of her hysteria, Ripley claws at his armor, helping him as much as she can.",Elevator during acid attack
353、INT. SERVICE TUNNEL,doc_352_chunk_3,Ripley supporting Hicks who is doubled over in agony.,"Elevator after stopping, exiting"
351、INT. SERVICE TUNNEL,doc_350_chunk_0,Ripley runs to the grating.,"At a grating in the floor, following the signal to Newt."
351、INT. SERVICE TUNNEL,doc_350_chunk_0,Looking down she sees Newt's tearstreaked face.,"At a grating in the floor, following the signal to Newt."
351、INT. SERVICE TUNNEL,doc_350_chunk_0,Ripley squeezes the child's precious fingertips.,"At a grating in the floor, following the signal to Newt."
361、INT. CATACOMBS,doc_360_chunk_0,Ripley hears the scream and breaks into a run.,
36、INT. LOADING BAY - ANGLE ON BURKE AND GORMAN,doc_35_chunk_4,Ripley spins the wrist servos.,
36、INT. LOADING BAY - ANGLE ON BURKE AND GORMAN,doc_35_chunk_4,She raises it deftly.,
353、INT. SERVICE TUNNEL,doc_352_chunk_1,"She struggles furiously, trying to tear out of his grip.","Tunnel, after Hicks pulls Ripley away from a hole"
353、INT. SERVICE TUNNEL,doc_352_chunk_1,Ripley is irrational. Hysterical.,"Tunnel, after Hicks pulls Ripley away from a hole"
357、INT. FREIGHT ELEVATOR,doc_356_chunk_0,"Ripley stands facing the doors, watching the landings go by.",Elevator descent
334、INT. OPERATING ROOM,doc_333_chunk_4,she whips her head from side to side,Attack by chittering creature
334、INT. OPERATING ROOM,doc_333_chunk_4,she has crossed tightly over her face,Attack by chittering creature
362、INT. EGG CHAMBER,doc_361_chunk_5,"Ripley lays about her with the flamethrower, igniting",
36、INT. LOADING BAY - ANGLE ON BURKE AND GORMAN,doc_35_chunk_1,Ripley looks around as Frost wheels a rack of incomprehensible equipment toward her.,"Ship, APC being raised into ship's belly"
36、INT. LOADING BAY - ANGLE ON BURKE AND GORMAN,doc_35_chunk_1,"Ripley jumps aside, nodding apologetically.","Ship, APC being raised into ship's belly"
359、INT. CATACOMB,doc_358_chunk_2,"She recovers, then recognizes the face sealed in the wall.","Carter Burke sealed in wall, Ripley recovers from being grabbed"
359、INT. CATACOMB,doc_358_chunk_2,She looks at him.,"Carter Burke sealed in wall, Ripley recovers from being grabbed"
358、INT. CORRIDOR,doc_357_chunk_0,"Ripley moves out of the lift, knuckles white on the rifle.","Corridor with alien excrescence, leading to bio-mechanoid catacomb"
358、INT. CORRIDOR,doc_357_chunk_0,"Her eyes dart, straining to penetrate the lethal gloom.","Corridor with alien excrescence, leading to bio-mechanoid catacomb"
358、INT. CORRIDOR,doc_357_chunk_0,"She enters the maze, darting glances at Hick's LOCATOR, taped to the top of her kludge weapon.",Bio-mechanoid catacomb
359、INT. CATACOMB,doc_358_chunk_0,"Ripley blinks sweat out of her eyes, moving through the swirling steam of the alien maze.",alien maze
359、INT. CATACOMB,doc_358_chunk_0,She approaches an intersecting tunnel.,alien maze
359、INT. CATACOMB,doc_358_chunk_0,"She spins, firing the flamethrower.",alien maze
359、INT. CATACOMB,doc_358_chunk_0,She whirls back.,alien maze
359、INT. CATACOMB,doc_358_chunk_0,"Moves forward, trembling and adrenalized.",alien maze
362、INT. EGG CHAMBER,doc_361_chunk_2,"Ripley retreats, ducking under a glistening cylindrical mass.",Chamber
359、INT. CATACOMB,doc_358_chunk_3,Ripley moves ahead.,in the station
322、INT. OPERATIONS,doc_321_chunk_4,"Ripley sighs and picks up a cup of cold coffee, draining it in one gulp.","Inside a base, after Hicks assigns perimeter duty to Vasquez and Hudson"
322、INT. OPERATIONS,doc_321_chunk_4,Ripley shrugs.,"Inside a base, after Hicks assigns perimeter duty to Vasquez and Hudson"
322、INT. OPERATIONS,doc_321_chunk_4,"She seems soul weary, drained by the nerve-wracking tension.","Inside a base, after Hicks assigns perimeter duty to Vasquez and Hudson"
36、INT. LOADING BAY - ANGLE ON BURKE AND GORMAN,doc_35_chunk_2,Ripley approaches him,Apone and Hicks standing together
366、INT. SECOND LEVEL,doc_365_chunk_0,struggles up through a narrow hatch,In a narrow hatch with a grille floor
366、INT. SECOND LEVEL,doc_365_chunk_0,dives aside,In a narrow hatch with a grille floor
366、INT. SECOND LEVEL,doc_365_chunk_0,Looking down through the grille,In a narrow hatch with a grille floor
366、INT. SECOND LEVEL,doc_365_chunk_0,"scrambles up, running",In a narrow hatch with a grille floor
340、INT. MED LAB CORRIDOR,doc_339_chunk_0,Ripley slams into the door.,"Med lab door, Burke locks the door"
340、INT. MED LAB CORRIDOR,doc_339_chunk_0,Tries the latch.,"Med lab door, Burke locks the door"
340、INT. MED LAB CORRIDOR,doc_339_chunk_0,Hears it LOCK from the far side.,"Med lab door, Burke locks the door"
367、INT. STAIRWELL,doc_366_chunk_0,Ripley reaches an open-grid emergency stairwell and sprints upward.,Emergency stairwell during the station's death throes
370、EXT. LANDING PLATFORM,doc_369_chunk_1,"Ripley turns, backing away from the doors toward the railing.","Platform, lift rising"
370、EXT. LANDING PLATFORM,doc_369_chunk_1,Ripley stares transfixed as the lift stops.,"Platform, lift stopping"
349、INT. CHUTE,doc_348_chunk_0,"Ripley looks up the angle shaft, seeing light at the top...an exterior vent hood.","Inside an angle shaft, Ripley is climbing."
349、INT. CHUTE,doc_348_chunk_0,"Ripley enters, bracing her feet on perilously narrow side ribs in the shaft.","Inside an angle shaft, Ripley is climbing."
349、INT. CHUTE,doc_348_chunk_0,She looks down.,"Inside an angle shaft, Ripley is climbing."
349、INT. CHUTE,doc_348_chunk_0,"She starts to climb with Next behind/below her, and Hicks, just emerging from the side duct.","Inside an angle shaft, Ripley is climbing."
376、INT. CARGO LOCK - DROP-SHIP,doc_375_chunk_0,"Ripley turns to him, stopping partway down the ramp.","On the ramp, during Bishop's conversation about circling"
376、INT. CARGO LOCK - DROP-SHIP,doc_375_chunk_0,She puts her hand on his shoulder.,"On the ramp, during Bishop's conversation about circling"
376、INT. CARGO LOCK - DROP-SHIP,doc_375_chunk_3,"Ripley moves with nightmarish slowness herself, staring hypnotized...terrified to break and run.",
376、INT. CARGO LOCK - DROP-SHIP,doc_375_chunk_3,"She lowers Newt to the deck, never taking her eyes off the creature.",on the deck
370、EXT. LANDING PLATFORM,doc_369_chunk_3,Ripley leaps for the loading boom projecting down from the cargo bay,"Cargo bay, escape sequence"
349、INT. CHUTE,doc_348_chunk_2,Ripley looks Hicks in the eye.,"Forked chute, Ripley descending the left shaft after Newt."
349、INT. CHUTE,doc_348_chunk_2,And kicks free...sliding down the chute after Newt.,"Forked chute, Ripley descending the left shaft after Newt."
349、INT. CHUTE,doc_348_chunk_2,"Ripley slams her feet into the side-ribs, bracing herself in a controlled descent.","Forked chute, Ripley descending the left shaft after Newt."
353、INT. SERVICE TUNNEL,doc_352_chunk_0,"Ripley panics, hearing screaming below, then splashing.",Breaking through a grating to access water
353、INT. SERVICE TUNNEL,doc_352_chunk_0,"She and Hicks kick desperately at the grating, smashing it down.",Breaking through a grating to access water
353、INT. SERVICE TUNNEL,doc_352_chunk_0,Heedless of the cherry-hot edges Ripley lunges into the hole with her light.,Breaking through a grating to access water
356、INT. DROP-SHIP,doc_355_chunk_0,Ripley finishes winding tape around a bulky object and drops the roll.,Inside the drop-ship
356、INT. DROP-SHIP,doc_355_chunk_0,"She has crudely fastened a M-assault rifle together, side by side, with a flamethrower.",Inside the drop-ship
356、INT. DROP-SHIP,doc_355_chunk_0,"Her movements are curt, precise...determined.",Inside the drop-ship
356、INT. DROP-SHIP,doc_355_chunk_0,"She works rapidly, snatching magazines, grenades, belts and other gear from the fully stocked ordnance racks of the drop-ship.",Inside the drop-ship
38、INT. DROP-SHIP - APC,doc_37_chunk_1,Ripley watches him working his way toward her.,"Aisle, Hudson approaching Ripley"
356、INT. DROP-SHIP,doc_355_chunk_2,"She hefts the hybrid weapon, grabs the satchel and spins to the door controls.","On the ship, preparing to leave"
356、INT. DROP-SHIP,doc_355_chunk_2,Ripley grabs his hand.,Sharing a moment with Hicks before departure
356、INT. DROP-SHIP,doc_355_chunk_2,"Ripley runs down the ramp, crossing the platform to the open doors of a LARGE FREIGHT ELEVATOR.",Running to the freight elevator to depart
377、INT. DARK CHAMBER,doc_376_chunk_0,"Ripley moves ferret-quick among dark, unrecognizable machines.","Among dark, unrecognizable machines"
377、INT. DARK CHAMBER,doc_376_chunk_0,her feet going into stirruplike mechanisms.,"Among dark, unrecognizable machines"
377、INT. DARK CHAMBER,doc_376_chunk_0,Velcro straps fastened over them.,"Among dark, unrecognizable machines"
377、INT. DARK CHAMBER,doc_376_chunk_0,Fingers stabbing buttons in a sequence.,"Among dark, unrecognizable machines"
377、INT. DARK CHAMBER,doc_376_chunk_0,Her hand closing on a complex grip-control.,"Among dark, unrecognizable machines"
376、INT. CARGO LOCK - DROP-SHIP,doc_375_chunk_4,"Ripley waves her arms, decoying.",Alien chase scene
376、INT. CARGO LOCK - DROP-SHIP,doc_375_chunk_4,"Ripley spins, sprinting, as the creature leaps for her.",Alien chase scene
376、INT. CARGO LOCK - DROP-SHIP,doc_375_chunk_4,She clears a door.,Alien chase scene
376、INT. CARGO LOCK - DROP-SHIP,doc_375_chunk_4,Hits the switch.,Alien chase scene
380、INT. CARGO LOCK,doc_379_chunk_4,Ripley hits a switch.,"rectangular pit, vertical loading airlock"
357、INT. FREIGHT ELEVATOR,doc_356_chunk_1,Ripley removes her jacket and dons a battle harness directly over her T-shirt.,
357、INT. FREIGHT ELEVATOR,doc_356_chunk_1,"Her hair is matted, and she glistens with sweat.",
357、INT. FREIGHT ELEVATOR,doc_356_chunk_1,Her eyes burn with a determination that holds the gut-panic in check.,
357、INT. FREIGHT ELEVATOR,doc_356_chunk_1,She checks her weapon.,
357、INT. FREIGHT ELEVATOR,doc_356_chunk_1,Attaches a BANDOLIER OF GRENADES to her harness.,
357、INT. FREIGHT ELEVATOR,doc_356_chunk_1,Primes the flamethrower.,
357、INT. FREIGHT ELEVATOR,doc_356_chunk_1,Checks the rifle's magazine.,
357、INT. FREIGHT ELEVATOR,doc_356_chunk_1,"Racks the bolt, chambering the first round.",
357、INT. FREIGHT ELEVATOR,doc_356_chunk_1,She checks the MARKING FLARES jammed in the thigh pockets of her jump pants.,
357、INT. FREIGHT ELEVATOR,doc_356_chunk_1,"She drops an unprimed grenade, trembling, forcing herself to be strong.",
380、INT. CARGO LOCK,doc_379_chunk_1,"child and that primal, murderous rage surges through her now, banishing all fear.",
38、INT. DROP-SHIP - APC,doc_37_chunk_0,"Ripley, wearing a flight jacket and headset, files into the ship with the hulking troopers.","On the ship, preparing for rapid deployment"
362、INT. EGG CHAMBER,doc_361_chunk_3,Ripley realizes she ducked under part of it a moment before.,among pipes and conduits
42、INT. DROP-SHIP - APC,doc_41_chunk_0,Ripley closes her eyes,
380、INT. CARGO LOCK,doc_379_chunk_2,Ripley parries with radical swipes of the steel forks.,Cavernous chamber: battle with the Queen
380、INT. CARGO LOCK,doc_379_chunk_2,"Ripley closes the forks, crushing two of the creature's limbs.",Cavernous chamber: battle with the Queen
380、INT. CARGO LOCK,doc_379_chunk_2,She lifts it off the ground.,Cavernous chamber: battle with the Queen
36、INT. LOADING BAY - ANGLE ON BURKE AND GORMAN,doc_35_chunk_3,Ripley's finger punches it on,"Equipment bay, Ripley activates the power loader"
36、INT. LOADING BAY - ANGLE ON BURKE AND GORMAN,doc_35_chunk_3,She takes a step,"Equipment bay, Ripley activates the power loader"
383、INT. LOADING LOCK,doc_382_chunk_0,"She locks her arms around a ladder rung, feels them almost torn out of their shoulder sockets",
383、INT. LOADING LOCK,doc_382_chunk_1,"With all her strength Ripley fights the blasting air, crawling over the lip of the inner doorway.",
383、INT. LOADING LOCK,doc_382_chunk_1,She releases the OVERRIDE from a second panel.,
383、INT. LOADING LOCK,doc_382_chunk_1,"She lies on her back, drained of all strength.",
383、INT. LOADING LOCK,doc_382_chunk_1,Gasping for breath.,
383、INT. LOADING LOCK,doc_382_chunk_1,"Weakly she turns her head, seeing Bishop still holding Newt by the arm.",
383、INT. LOADING LOCK,doc_382_chunk_1,Ripley hugs her desperately.,
4、INT. CORRIDOR - GATEWAY,doc_3_chunk_0,Ripley emerges,Emerging from elevator and moving down corridor
48、INT. HOLD - APC,doc_47_chunk_2,Ripley watches the AP station loom on the exterior screens.,Inside a spacecraft during mission preparation
38、INT. DROP-SHIP - APC,doc_37_chunk_2,Ripley nods her thanks to Hicks.,"In the craft, during the conversation with Hicks and Hudson, before the craft lurches."
38、INT. DROP-SHIP - APC,doc_37_chunk_2,She looks like she's in a gas chamber waiting for the pellet to drop.,"In the craft, as the craft lurches and Burke says 'Here we go'."
384、INT. CORRIDOR,doc_383_chunk_0,"Ripley limps along the corridor, carrying Newt on her hip.",Ship corridor
5、INT. CONFERENCE ROOM - ON RIPLEY - GATEWAY,doc_4_chunk_5,losing it,
362、INT. EGG CHAMBER,doc_361_chunk_0,"Ripley runs in just as it is tensing to leap, and FIRES, blasting it with a burst from the assault rifle.",
362、INT. EGG CHAMBER,doc_361_chunk_0,Firing from the hip she drills it with two controlled bursts which catapult it back.,
362、INT. EGG CHAMBER,doc_361_chunk_0,"She steps toward it, FIRING AGAIN.",
362、INT. EGG CHAMBER,doc_361_chunk_0,Her expression is murderous.,
362、INT. EGG CHAMBER,doc_361_chunk_0,AND AGAIN.,
375、INT. DROP-SHIP,doc_374_chunk_0,she kneels beside a comatose Hicks,Beside comatose Hicks
375、INT. DROP-SHIP,doc_374_chunk_0,"Ripley nods and, picking up Newt, precedes Bishop down the aisle to the loading ramp",Moving down the aisle to the loading ramp
50、INT. HOLD - APC,doc_49_chunk_1,Ripley turns as Vasquez squeezes past her.,"Military operation, Vasquez squeezing past Ripley"
5、INT. CONFERENCE ROOM - ON RIPLEY - GATEWAY,doc_4_chunk_6,Ripley grits her teeth in frustration.,During a conversation about the LV-426 incident
370、EXT. LANDING PLATFORM,doc_369_chunk_0,"Ripley, with Newt still clinging to her, slams through the door opening onto the platform.",Platform
370、EXT. LANDING PLATFORM,doc_369_chunk_0,"Her shouts become inarticulate screams of hatred, outrage at the final betrayal.",Platform
370、EXT. LANDING PLATFORM,doc_369_chunk_0,She scans the sky.,Platform
5、INT. CONFERENCE ROOM - ON RIPLEY - GATEWAY,doc_4_chunk_4,Ripley sense the noose tightening.,In a meeting with Van Leuwen and ECA Rep
5、INT. CONFERENCE ROOM - ON RIPLEY - GATEWAY,doc_4_chunk_4,"Ripley glares at the ECA Rep, a woman on the ungenerous side of fifty.",In a meeting with Van Leuwen and ECA Rep
56、INT. APC,doc_55_chunk_0,Ripley et al watching.,
6、INT. CORRIDOR,doc_5_chunk_0,Ripley kicks the wall next to Burke who is getting coffee and donuts at a vending machine.,At a vending machine
5、INT. CONFERENCE ROOM - ON RIPLEY - GATEWAY,doc_4_chunk_7,"Ripley glances at Burke, silent at the far end of the table.",At a table
5、INT. CONFERENCE ROOM - ON RIPLEY - GATEWAY,doc_4_chunk_7,Her mouth hardens as a bit of the old nail-eating Ripley surfaces.,At a table
371、INT./EXT. DROP-SHIP - STATION 186-,doc_370_chunk_0,"Ripley leaps into a seat with Newt, cradling her.",Drop-ship taking off from the exploding station
371、INT./EXT. DROP-SHIP - STATION 186-,doc_370_chunk_0,Ripley slams her seat harness latches home.,Drop-ship taking off from the exploding station
371、INT./EXT. DROP-SHIP - STATION 186-,doc_370_chunk_0,Ripley is slammed back in her seat.,Drop-ship taking off from the exploding station
371、INT./EXT. DROP-SHIP - STATION 186-,doc_370_chunk_0,Ripley and Newt see everything shake into a blur.,Drop-ship taking off from the exploding station
5、INT. CONFERENCE ROOM - ON RIPLEY - GATEWAY,doc_4_chunk_10,"Ripley stares him down, glowering at the board.","Video call with Dallas, Ripley confronts Van Leuwen."
5、INT. CONFERENCE ROOM - ON RIPLEY - GATEWAY,doc_4_chunk_10,"Ripley turns sharply away, trembling with frustration and anger.","Video call with Dallas, Ripley confronts Van Leuwen."
354、EXT. LANDING FIELD,doc_353_chunk_0,Ripley and Hicks stumble out of a doorway in the colony building behind him.,"Colony building exterior, drop-ship landing in hurricane"
354、EXT. LANDING FIELD,doc_353_chunk_0,"Ripley shouts, her words barely audible over the wind.","Colony building exterior, drop-ship landing in hurricane"
5、INT. CONFERENCE ROOM - ON RIPLEY - GATEWAY,doc_4_chunk_9,"louder, stepping on him",
54、INT. APC,doc_53_chunk_0,Ripley watches as the bobbing images reveal the empty colony building.,Viewing colony building images
68、INT. MEDICAL WING,doc_67_chunk_5,Ripley takes a folder from above one of the live specimens.,"Room with cylinders holding live specimens, reviewing medical charts."
68、INT. MEDICAL WING,doc_67_chunk_5,(looking up),"Room with cylinders holding live specimens, reviewing medical charts."
63、EXT. COLONY COMPLEX,doc_62_chunk_1,Ripley stop,Burke looks back to see Ripley stop
64、INT. APC,doc_63_chunk_0,"Ripley sits in the dark interior, lit by the tactical displays.",Inside a tank
64、INT. APC,doc_63_chunk_0,She hugs herself.,Inside a tank
64、INT. APC,doc_63_chunk_0,Leaps up.,Inside a tank
64、INT. APC,doc_63_chunk_0,Hits the door switch.,Inside a tank
65、EXT. APC - SOUTH LOCK,doc_64_chunk_2,"She jumps back, gasping for breath.",A face appears at Ripley's shoulder.
67、INT. CORRIDOR,doc_66_chunk_0,Her expression reveals that Ripley is about to turn and flee.,"Devastated wing, troopers' pack lights on"
68、INT. MEDICAL WING,doc_67_chunk_1,TIGHT ON RIPLEY transfixed by something.,"med lab area, second room"
68、INT. MEDICAL WING,doc_67_chunk_1,"She has entered a second room, part of the med lab area.","med lab area, second room"
362、INT. EGG CHAMBER,doc_361_chunk_1,"Ripley runs to Newt and begins tearing at the fresh resinous cocoon material, freeing the child.",among the eggs
362、INT. EGG CHAMBER,doc_361_chunk_1,Ripley picks up her weapon.,among the eggs
365、INT. CATACOMBS - CORRIDOR 178-,doc_364_chunk_0,"Ripley uses the flamethrower ahead of her, firing bursts of pulse-rifle fire down side corridors at indistinct shapes and shadows.",side corridors
365、INT. CATACOMBS - CORRIDOR 178-,doc_364_chunk_0,She slams the control for the other cage and hears the sound of the LIFT MOTOR'S WHINE as it begins its slow descent from several levels up.,freight elevators
70、INT. KITCHENS,doc_69_chunk_0,Ripley shuffles forward in the dark.,"Food processing area, moving in the dark."
70、INT. KITCHENS,doc_69_chunk_0,Ripley half climbs the wall.,"Food processing area, moving in the dark."
69、INT. CORRIDOR,doc_68_chunk_0,Ripley hangs back.,"Inside the kitchens (stainless steel labyrinth), group turning into the area."
69、INT. CORRIDOR,doc_68_chunk_0,Then realizes there is nothing behind her but darkness.,"Inside the kitchens (stainless steel labyrinth), group turning into the area."
69、INT. CORRIDOR,doc_68_chunk_0,She catches up to the group.,"Inside the kitchens (stainless steel labyrinth), group turning into the area."
73、INT. OFFICE,doc_72_chunk_1,"Ripley picks up her tiny limp hand, shaking it formally.",
70、INT. KITCHENS,doc_69_chunk_3,"Ripley moves toward her, reaching slowly under the cabinet.",
70、INT. KITCHENS,doc_69_chunk_3,Ripley's hand almost reaches her.,
70、INT. KITCHENS,doc_69_chunk_3,Ripley scrambles to follow...to keep her in sight.,
80、INT. APC,doc_79_chunk_0,Ripley stares at the scene in dread fascination.,
68、INT. MEDICAL WING,doc_67_chunk_3,"Ripley nods, unable to speak.",
73、INT. OFFICE,doc_72_chunk_2,"Ripley gazes at her, chilled both by the ominous statement and by the situation which could have produced this outlook in a child.",
45、INT. HOLD - APC,doc_44_chunk_0,Ripley looks accusingly at Burke.,On the ship during the bucking
70、INT. KITCHENS,doc_69_chunk_6,"Ripley marvels at the child's incredible adaptability, the ability to functions even in this nightmarish environment.",Space in wrecked colony
71、INT. OPERATIONS - ON NEWT - MANAGER'S OFFICE,doc_70_chunk_4,She pours water from a squeeze bottle onto a small cloth and gently washes the little girl's face.,
71、INT. OPERATIONS - ON NEWT - MANAGER'S OFFICE,doc_70_chunk_4,Ripley smiles.,
71、INT. OPERATIONS - ON NEWT - MANAGER'S OFFICE,doc_70_chunk_1,"Ripley enters, carrying a coffee mug.","Room with Newt, during medical discussion"
87、INT. APC,doc_86_chunk_0,"Ripley watches the woman, white knuckled.",
369、INT. STAIRWELL,doc_368_chunk_0,"Ripley stumbles, smashing her knees against the metals stairs.",in a station stairwell
369、INT. STAIRWELL,doc_368_chunk_0,As she rises she hears the LIFT MOTORS start up.,in a station stairwell
369、INT. STAIRWELL,doc_368_chunk_0,Looking down through the lattice work of the station she sees the life cage start ominously upward.,in a station stairwell
369、INT. STAIRWELL,doc_368_chunk_0,She knows there is only one explanation for that.,in a station stairwell
369、INT. STAIRWELL,doc_368_chunk_0,"She runs on, the stairwell becoming a crazy whirl around her.",in a station stairwell
70、INT. KITCHENS,doc_69_chunk_7,"Ripley grabs her, controlling her in a bear hug.","Near a hatch, as Newt dives for the hatch"
73、INT. OFFICE,doc_72_chunk_4,Ripley smiles grimly at the inadvertently macabre expression.,
70、INT. KITCHENS,doc_69_chunk_8,Ripley's light falls on something amidst the debris,amidst debris
70、INT. KITCHENS,doc_69_chunk_5,"Ripley pushes the hatch open before the child can latch it, and crawls in after her.","Tiny steel chamber, entering after Newt"
70、INT. KITCHENS,doc_69_chunk_5,Ripley shines her light around in amazement.,"Tiny steel chamber, Newt in cul-de-sac"
89、INT. APC,doc_88_chunk_0,"Ripley senses it coming, like a wave at night. Dark, terrifying and inevitable.",
76、INT. APC,doc_75_chunk_0,Ripley and Newt sit side by side just aft of the driver's cockpit.,"Inside a heavily sprung vehicle, with troopers and Wierzbowski"
76、INT. APC,doc_75_chunk_0,Ripley's gaze shifts out the windshield as the processing station looms ahead.,"Inside the vehicle, approaching the processing station"
91、INT. APC,doc_90_chunk_0,Ripley watches Frost's monitor go black.,
93、INT. APC,doc_92_chunk_0,Ripley flinches as another scream comes over the open frequency.,Battle of phantoms on video screens
73、INT. OFFICE,doc_72_chunk_0,"Ripley is washing Newt's tiny hands with a cloth, pink skin emerging from black grime.",
73、INT. OFFICE,doc_72_chunk_0,Ripley leans closer.,
73、INT. OFFICE,doc_72_chunk_0,Feels like she's breathing on coals.,
73、INT. OFFICE,doc_72_chunk_0,"Ripley grins inanely, not wanting to move or speak... nor break the spell.",
84、INT. APC,doc_83_chunk_0,"Ripley leans forward suddenly, studying the graphic readout of the STATION GROUND PLAN.","Station, during a ground plan discussion"
8、INT. CORRIDOR,doc_7_chunk_1,Ripley holds the door from closing.,Elevator
8、INT. CORRIDOR,doc_7_chunk_1,Ripley slams it back.,Elevator
93、INT. APC,doc_92_chunk_1,Ripley watches it fall apart.,
8、INT. CORRIDOR,doc_7_chunk_2,"Ripley's hand slides off the door, strengthless.",Inside the elevator
8、INT. CORRIDOR,doc_7_chunk_2,TIGHT ON HER FROM INSIDE the elevator as the doors close like fate on her lost expression.,"Inside the elevator, doors closing"
73、INT. OFFICE,doc_72_chunk_5,Ripley rocks her,
73、INT. OFFICE,doc_72_chunk_5,tears of suppresses terror and grief and hurt rolling down her face,
73、INT. OFFICE,doc_72_chunk_5,"Ripley closes her eyes, hoping that this promise can be kept.",
98、INT. ALIEN STRUCTURE,doc_97_chunk_0,Ripley hits the floodlights.,Inside a smoky structure with alien-encrustation.
98、INT. ALIEN STRUCTURE,doc_97_chunk_0,She homes on the flash of weapons fire ahead.,Inside a smoky structure with alien-encrustation.
82、INT. APC,doc_81_chunk_0,turning,Viewing colony remains on video
100、INT. APC,doc_99_chunk_1,Ripley jams reverse.,"APC on ramp, claws appearing at door"
100、INT. APC,doc_99_chunk_1,Nails the throttle.,"APC on ramp, claws appearing at door"
65、EXT. APC - SOUTH LOCK,doc_64_chunk_0,Ripley emerges.,"Exterior of the ship, in the howling wind."
65、EXT. APC - SOUTH LOCK,doc_64_chunk_0,She walks to the exterior lock door-controls and studies them.,"Exterior of the ship, in the howling wind."
65、EXT. APC - SOUTH LOCK,doc_64_chunk_0,She punches some unfamiliar buttons.,"Exterior of the ship, in the howling wind."
65、EXT. APC - SOUTH LOCK,doc_64_chunk_0,"She looks really nervous, alone in the howling wind.","Exterior of the ship, in the howling wind."
65、EXT. APC - SOUTH LOCK,doc_64_chunk_0,She hits another button.,"Exterior of the ship, in the howling wind."
65、EXT. APC - SOUTH LOCK,doc_64_chunk_0,she relaxes a little.,"Exterior of the ship, in the howling wind."
65、EXT. APC - SOUTH LOCK,doc_64_chunk_0,Glances behind her.,"Exterior of the ship, in the howling wind."
95、INT. APC,doc_94_chunk_0,TIGHT ON RIPLEY as she struggles with a decision.,Inside the APC
95、INT. APC,doc_94_chunk_0,"She's terrified...of what she knows she's about to do. But more than that, she's furious.",Inside the APC
95、INT. APC,doc_94_chunk_0,Shouldering past a paralyzed Gorman she runs up the aisle of the APC.,Inside the APC
95、INT. APC,doc_94_chunk_0,Ripley jumps into the driver's seat of the APC. Takes a deep breath. Starts slapping switches.,Inside the APC
95、INT. APC,doc_94_chunk_0,She slams the tractor into gear.,Inside the APC
71、INT. OPERATIONS - ON NEWT - MANAGER'S OFFICE,doc_70_chunk_2,"Ripley kneels beside Newt, brushing the girl's unkempt hair out of her eyes in a gentle, maternal fashion.","Operations room main floor, Ripley comforting Newt"
71、INT. OPERATIONS - ON NEWT - MANAGER'S OFFICE,doc_70_chunk_2,She wraps the child's hands around the cup. Raises it to her lips for her.,"Operations room main floor, Ripley comforting Newt"
