doc_title,chunk_id,text,scene_context
104、INT. SCHOOL COUNSELOR'S OFFICE - 2:30 THAT DAY,doc_103_chunk_1,,
101、INT. JACKIE'S VOLVO STATION WAGON - EARLY MORNING,doc_100_chunk_4,I hate to say goodbye.,
"105、EXT. SCHOOL, ENGLEWOOD, NEW JERSEY - MOMENTS LATER",doc_104_chunk_1,Easy enough.,
113、INT. JACKIE'S KITCHEN - MORNING,doc_112_chunk_2,What did you do?,
104、INT. SCHOOL COUNSELOR'S OFFICE - 2:30 THAT DAY,doc_103_chunk_3,Excuse him. He never learned how to turn the darn thing off.,
104、INT. SCHOOL COUNSELOR'S OFFICE - 2:30 THAT DAY,doc_103_chunk_8,"You tried that last week and we were
on hold forty-five minutes...",
107、INT. JACKIE'S HOME - NIGHT,doc_106_chunk_3,Thank you Ben.,"In the kitchen, after Ben hits Jackie with his magic wand; Jackie speaks to Ben."
113、INT. JACKIE'S KITCHEN - MORNING,doc_112_chunk_8,You got to hell!,"Scene: In a room, Jackie responds to Rachel's complaint about a schedule and then storms out."
101、INT. JACKIE'S VOLVO STATION WAGON - EARLY MORNING,doc_100_chunk_3,Lava's hateable. I never thought of that.,
101、INT. JACKIE'S VOLVO STATION WAGON - EARLY MORNING,doc_100_chunk_3,Excellent point.,
113、INT. JACKIE'S KITCHEN - MORNING,doc_112_chunk_5,I'm sure that didn't upset her.,
113、INT. JACKIE'S KITCHEN - MORNING,doc_112_chunk_5,Everyone in our family takes showers.,
118、EXT. JACKIE'S HOUSE - DAY,doc_117_chunk_2,"Don't tell me. Another machine ate
another
message? Boy, there's a
lot",
118、EXT. JACKIE'S HOUSE - DAY,doc_117_chunk_3,"Think twice. Before you
ever
pull
that again.",Phone conversation where Jackie speaks to Rachel before hanging up.
118、EXT. JACKIE'S HOUSE - DAY,doc_117_chunk_0,You paged us?,"Jackie is on her cellular phone, speaking to Luke while herding kids toward a circus tent."
101、INT. JACKIE'S VOLVO STATION WAGON - EARLY MORNING,doc_100_chunk_1,I noticed a whopping pile of laundry sitting on the washer -- perhaps Rachel's underpants are in there -- Now where are your lunches?,"Scene: In a house, Jackie speaks to Ben and Annabelle while preparing their lunches."
113、INT. JACKIE'S KITCHEN - MORNING,doc_112_chunk_7,Oh and I don't because I have a children?! The problem is you're too self-involved to ever be a mother.,Scene or location not specified: Jackie argues with Rachel about motherhood and self-involvement.
12、INT. JACKIE'S HOME - NIGHT,doc_11_chunk_3,"Annabelle, daddy and I will always be there. That's one time always is always. You",
12、INT. JACKIE'S HOME - NIGHT,doc_11_chunk_4,Thank you Ben.,"In the kitchen, after Ben hits Jackie with his magic wand; Jackie speaks to Ben."
104、INT. SCHOOL COUNSELOR'S OFFICE - 2:30 THAT DAY,doc_103_chunk_6,Thank you Luke.,"Scene: In a meeting with Mrs. Franklin and Luke, Jackie expresses gratitude before leaving."
104、INT. SCHOOL COUNSELOR'S OFFICE - 2:30 THAT DAY,doc_103_chunk_6,Jackie?,"Scene: In a meeting with Mrs. Franklin and Luke, Jackie is addressed as they get up to leave."
113、INT. JACKIE'S KITCHEN - MORNING,doc_112_chunk_0,How do you hold down a job? It's 8:10. You were supposed to be here at 7:00. She's missed her sunrise Groom'n Ride.,"Scene: At home, Jackie confronts Rachel about being late, mentioning a missed riding lesson for Annabelle."
113、INT. JACKIE'S KITCHEN - MORNING,doc_112_chunk_1,We don't have any coffee.,Scene: Jackie responds to Rachel's request for coffee.
113、INT. JACKIE'S KITCHEN - MORNING,doc_112_chunk_1,What happened with Annabelle? Has nothing I said gotten through to you?,Scene: Jackie confronts Rachel about Annabelle after Annabelle rushes past.
123、INT. POLICE STATION - DAY,doc_122_chunk_0,Ben! Oh my Ben! Are you alright?,Police station: Jackie speaks to Ben after finding him sitting with two policemen.
107、INT. JACKIE'S HOME - NIGHT,doc_106_chunk_1,"Look if the truth is you don't feel like talking about this right now that's fine.
But don't look me in the eye with a big smile on your face and lie to me.
Cause there are only so many lies you're allowed to tell before it starts showing on your face. You wind up looking like...",
124、INT. AUDITORIUM - THAT EVENING,doc_123_chunk_1,Shhhhhh!,"Scene: Jackie is with Rachel and Ben, likely in a theater or performance setting; she hushes Rachel during a performance by children on stage."
113、INT. JACKIE'S KITCHEN - MORNING,doc_112_chunk_4,"a ridiculously expensive and inappropriate item, which her father and I have already told her she is far too young to own. But you apparently want to buy her forgiveness, with...",
113、INT. JACKIE'S KITCHEN - MORNING,doc_112_chunk_4,"How much time have you got? Let's
start with this morning.
Why
did she
run
from this room?",
125、EXT. AUDITORIUM FOYER - NIGHT,doc_124_chunk_4,I am not here to make it easier for you. These are my children. They don't want to,
12、INT. JACKIE'S HOME - NIGHT,doc_11_chunk_1,"Look if the truth is you don't feel like talking about this right now that's fine.
But don't look me in the eye with a big smile on your face and lie to me.
Cause there are only so many lies you're allowed to tell before it starts showing on your face. You wind up looking like...",
125、EXT. AUDITORIUM FOYER - NIGHT,doc_124_chunk_1,"See? No one's laughing at you. Your friends want you to join them, Anna-belle. Corn is a very important part of the Harvest Produce.",
101、INT. JACKIE'S VOLVO STATION WAGON - EARLY MORNING,doc_100_chunk_0,it's really not so bad Annabelle -- Red and Blue make purple.,"Scene: Driving in Englewood, New Jersey; Jackie is speaking to Annabelle about colors."
101、INT. JACKIE'S VOLVO STATION WAGON - EARLY MORNING,doc_100_chunk_0,"I know you don't, but if you had, chromatically you are in the purple family.","Scene: Driving in Englewood, New Jersey; Jackie is speaking to Annabelle about colors."
127、EXT. JACKIE'S HOUSE - NIGHT,doc_126_chunk_2,And I'm supposed to care.,
125、EXT. AUDITORIUM FOYER - NIGHT,doc_124_chunk_0,Annabelle doesn't really want to talk to you right now.,"Scene: Jackie speaks to Luke and Rachel as Annabelle becomes upset and starts to cry, with Ben observing nearby."
104、INT. SCHOOL COUNSELOR'S OFFICE - 2:30 THAT DAY,doc_103_chunk_2,Mrs. Franklin we're not --,
104、INT. SCHOOL COUNSELOR'S OFFICE - 2:30 THAT DAY,doc_103_chunk_2,Remarried. There is no move.,
104、INT. SCHOOL COUNSELOR'S OFFICE - 2:30 THAT DAY,doc_103_chunk_2,Are you here?,
104、INT. SCHOOL COUNSELOR'S OFFICE - 2:30 THAT DAY,doc_103_chunk_2,Because you don't really seem here.,
104、INT. SCHOOL COUNSELOR'S OFFICE - 2:30 THAT DAY,doc_103_chunk_2,Something's up wi...,
104、INT. SCHOOL COUNSELOR'S OFFICE - 2:30 THAT DAY,doc_103_chunk_5,"This man would walk thru fire for
Annabelle, gladly, any day of the week.","Scene or location not specified: Jackie speaks during a conversation about Annabelle's needs, defending Mr. Harrison's commitment to her."
104、INT. SCHOOL COUNSELOR'S OFFICE - 2:30 THAT DAY,doc_103_chunk_5,"Except for last Thursday when Rachel
forgot to pick them up --","Scene or location not specified: Jackie continues speaking about an incident involving Rachel and Annabelle, in the context of a discussion about care and responsibility."
113、INT. JACKIE'S KITCHEN - MORNING,doc_112_chunk_6,Did you or Luke talk to her about it afterwards?,
113、INT. JACKIE'S KITCHEN - MORNING,doc_112_chunk_6,You mean for you. A 10-year-old girl is coping with the fact that her father is never coming back to live with his family. She sees her father naked with another woman for the first time. And you think it's best for her if everyone pretends it didn't happen? (turning away) This isn't going to work out.,
12、INT. JACKIE'S HOME - NIGHT,doc_11_chunk_2,"Well, he's not president anymore, so why be petty.",
12、INT. JACKIE'S HOME - NIGHT,doc_11_chunk_2,It happens.,
12、INT. JACKIE'S HOME - NIGHT,doc_11_chunk_2,That will never happen.,
12、INT. JACKIE'S HOME - NIGHT,doc_11_chunk_2,Seven of clubs. Nobody's mad we just want to talk about it.,
126、EXT. NORTH VALE STABLES - DAY,doc_125_chunk_0,"Lord Nelson, Napoleon's troops. I fear for the women and the property values.","Scene: Riding horses through a Fall landscape, Jackie speaks to her children, pointing out groundskeepers in the distance and imagining them as enemy troops."
118、EXT. JACKIE'S HOUSE - DAY,doc_117_chunk_1,"Just outside the big top, we'realmo...",
118、EXT. JACKIE'S HOUSE - DAY,doc_117_chunk_1,"At the Big Apple Circus, it's the
only big top I know. I
said
I'd
get 'em back tonight...",
118、EXT. JACKIE'S HOUSE - DAY,doc_117_chunk_1,"...until the plan changed, when
Jessie's mom gave us these tickets.
What, Rachel. 'forgot' I told her?",
130、INT. RADIOLOGY LAB - AFTERNOON,doc_129_chunk_0,Wait...what time is it?,"Scene: In a sterile room after an MRI procedure, Jackie speaks to a technician."
125、EXT. AUDITORIUM FOYER - NIGHT,doc_124_chunk_5,"A court
order
is gonna say that
woman
is
never
alone
with my children! Ever
again
! Do you HEAR that?","Scene: Confrontation with Luke, discussing custody and ensuring the other woman is never alone with her children."
126、EXT. NORTH VALE STABLES - DAY,doc_125_chunk_1,"No, that's your fault. It's her fault for not watching over my precious son, as if it were her priority. Which means, the most important job.",Scene with Ben and Jackie; Jackie speaks to Ben about Rachel's responsibility for not watching over him.
"105、EXT. SCHOOL, ENGLEWOOD, NEW JERSEY - MOMENTS LATER",doc_104_chunk_0,I'm worried.,"Scene: Exiting a suburban school, walking to the parking area; Jackie is speaking with Luke about concerns, possibly related to parenting or scheduling."
"105、EXT. SCHOOL, ENGLEWOOD, NEW JERSEY - MOMENTS LATER",doc_104_chunk_0,"Luke, I need to switch next Friday for Thursday, so why don't you take the weekend... (pointedly) ...that way you'll be there, and I'll pick up Monday, Tuesday, and Wednesday.","Scene: Exiting a suburban school, walking to the parking area; Jackie is speaking with Luke about switching days, likely related to child custody or shared responsibilities."
127、EXT. JACKIE'S HOUSE - NIGHT,doc_126_chunk_4,"One last chance, don't make me regret it...",
127、EXT. JACKIE'S HOUSE - NIGHT,doc_126_chunk_4,"...or you will, too.",
125、EXT. AUDITORIUM FOYER - NIGHT,doc_124_chunk_3,Not to me.,Scene: A conversation with Luke and Rachel present; topic involves a child wandering off and broken promises in their relationship.
125、EXT. AUDITORIUM FOYER - NIGHT,doc_124_chunk_3,"We've broken a lot of promises, haven't we Luke?",Scene: A conversation with Luke and Rachel present; topic involves broken promises in their relationship.
132、INT. JACKIE'S BATHROOM - NIGHT,doc_131_chunk_2,So why are you asking me?,
132、INT. JACKIE'S BATHROOM - NIGHT,doc_131_chunk_2,"Same here, huh?",
127、EXT. JACKIE'S HOUSE - NIGHT,doc_126_chunk_0,"You know, you can come inside the house.","Jackie is on the porch of her house, speaking to Luke who is on the front lawn."
127、EXT. JACKIE'S HOUSE - NIGHT,doc_126_chunk_0,Called him. We set an ap...,"Jackie is speaking to Luke on the front lawn, discussing a lawyer appointment."
104、INT. SCHOOL COUNSELOR'S OFFICE - 2:30 THAT DAY,doc_103_chunk_4,"Since our divorce Luke has seen a number of different women in three short years and without a lot of warning for the kids, he's now living with a woman half his age --","Scene involving Jackie and Luke discussing Luke's relationships after their divorce, focusing on his new partner Rachel."
104、INT. SCHOOL COUNSELOR'S OFFICE - 2:30 THAT DAY,doc_103_chunk_4,We're not discussing your age.,"Scene involving Jackie and Luke discussing Luke's relationships after their divorce, focusing on his new partner Rachel."
104、INT. SCHOOL COUNSELOR'S OFFICE - 2:30 THAT DAY,doc_103_chunk_4,"They want to be with you Luke, they go to your house to be with their father.",Scene involving Jackie and Luke discussing their children's visits to Luke's home.
132、INT. JACKIE'S BATHROOM - NIGHT,doc_131_chunk_0,"Oh, I'm waiting on some news, that's all. Say. Can I ask you why you never asked me something you probably asked Daddy anyway?",Scene: Jackie is brushing Annabelle's hair; she is speaking to Annabelle about a personal question she never asked.
133、INT. RACHEL'S DARKROOM - MORNING,doc_132_chunk_2,So why did y,
133、INT. RACHEL'S DARKROOM - MORNING,doc_132_chunk_2,I have an appointment this afternoon. I need someone to take them to the park.,
107、INT. JACKIE'S HOME - NIGHT,doc_106_chunk_0,Well Daddy and I were thinking that sometimes people tell a story about what they wish would happen.,"Scene: At home, Jackie is setting the table while Annabelle records with her video camera; conversation is about Annabelle's statements and possible wishes."
107、INT. JACKIE'S HOME - NIGHT,doc_106_chunk_0,Well you're telling your teachers and your friends --,"Scene: At home, Jackie is setting the table while Annabelle records with her video camera; conversation is about Annabelle's statements to others."
107、INT. JACKIE'S HOME - NIGHT,doc_106_chunk_0,Maybe you're upset that Rachel moved in.,"Scene: At home, Jackie is setting the table while Annabelle records with her video camera; conversation is about Annabelle's feelings regarding Rachel moving in."
135、INT. DOCTOR'S OFFICE - AFTERNOON,doc_134_chunk_1,"But the other time. You said you got
it all. So you could be wrong again.
One time, you say one thing, then...",
134、INT. STUDIO CORRIDOR - MORNING,doc_133_chunk_2,If I can ever repay your kindness. It would be my great pleasure.,
134、INT. STUDIO CORRIDOR - MORNING,doc_133_chunk_2,and your Ms. Kelly? A remarkable young woman.,
125、EXT. AUDITORIUM FOYER - NIGHT,doc_124_chunk_2,You listen carefully because I am only going to say this once. That woman has nothing more to do with my children.,"Scene: Confrontation with Luke, discussing the involvement of another woman in their children's lives."
125、EXT. AUDITORIUM FOYER - NIGHT,doc_124_chunk_2,Do you realize what could have happened to your son today? How lucky we are the police found him before some lunatic did? He could have been...,"Scene: Confrontation with Luke, reacting to their son being found by the police after going missing."
107、INT. JACKIE'S HOME - NIGHT,doc_106_chunk_2,"Well, he's not president anymore, so why be petty.",
107、INT. JACKIE'S HOME - NIGHT,doc_106_chunk_2,It happens.,
107、INT. JACKIE'S HOME - NIGHT,doc_106_chunk_2,That will never happen.,Jackie speaks to Annabelle about a concern regarding someone loving Rachel more than them.
107、INT. JACKIE'S HOME - NIGHT,doc_106_chunk_2,Seven of clubs. Nobody's mad we just want to talk about it.,Scene with Annabelle and Ben; Jackie responds after picking a card and reassures Annabelle.
107、INT. JACKIE'S HOME - NIGHT,doc_106_chunk_2,"Annabelle, daddy and I will always be there. That's one time always is always. You","Jackie speaks to Annabelle, reassuring her about their constant presence and love."
135、INT. DOCTOR'S OFFICE - AFTERNOON,doc_134_chunk_0,I don't even know what that means. Spread. That is very unclear.,"Scene: Jackie is sitting with her hands in her lap, reacting to a female voice off-screen who informs her about cells found in her lymph nodes."
12、INT. JACKIE'S HOME - NIGHT,doc_11_chunk_0,Well Daddy and I were thinking that sometimes people tell a story about what they wish would happen.,"Scene: At home, Jackie is setting the table while Annabelle records with a video camera; conversation is about Annabelle's statements and possible wishes."
12、INT. JACKIE'S HOME - NIGHT,doc_11_chunk_0,Well you're telling your teachers and your friends --,"Scene: At home, Jackie is setting the table while Annabelle records with a video camera; conversation is about Annabelle's statements to others."
12、INT. JACKIE'S HOME - NIGHT,doc_11_chunk_0,Maybe you're upset that Rachel moved in.,"Scene: At home, Jackie is setting the table while Annabelle records with a video camera; conversation is about Annabelle's feelings regarding Rachel moving in."
127、EXT. JACKIE'S HOUSE - NIGHT,doc_126_chunk_1,"You're saying, don't make the kids a football, don't put them through a war. But I'm doing this for their well-being.",Scene or location not specified: Jackie speaks with Luke about custody of the children and her motivations.
127、EXT. JACKIE'S HOUSE - NIGHT,doc_126_chunk_1,"Slugs. Have faster learning curves. Trees, even.",Scene or location not specified: Jackie responds to Luke's comments about Rachel's learning curve.
138、INT. FRENCH RESTAURANT - NIGHT,doc_137_chunk_3,Just not to me.,"Scene: At a restaurant, Jackie responds to Luke's statement about commitment during a tense dinner conversation."
136、INT. JACKIE'S BATHROOM - DUSK,doc_135_chunk_0,Because it's quiet. And he wants to talk.,Scene: Jackie is getting dressed in front of a mirror while Annabelle questions her about going to a French restaurant; Annabelle is trying on Jackie's jewelry.
138、INT. FRENCH RESTAURANT - NIGHT,doc_137_chunk_1,"Annabelle showed me the new dress.
She's amazing in it.","Scene: At a restaurant, Jackie speaks to Luke after the waiter leaves, discussing Annabelle's new dress."
134、INT. STUDIO CORRIDOR - MORNING,doc_133_chunk_1,I'd hate to think what might have happened.,
134、INT. STUDIO CORRIDOR - MORNING,doc_133_chunk_1,"She told me that you were so supportive, even at great inconvenience to your business, and...",
134、INT. STUDIO CORRIDOR - MORNING,doc_133_chunk_1,It's wonderful to see a successful man. With that sense of priorities.,
133、INT. RACHEL'S DARKROOM - MORNING,doc_132_chunk_0,"I'm sorry. Look, I'm not real comfortable being here, but...","Scene: Jackie enters a room where Rachel is present, leaving the door open. Jackie speaks to Rachel about feeling uncomfortable being there."
133、INT. RACHEL'S DARKROOM - MORNING,doc_132_chunk_0,I overhead what you told Annabelle. The lie.,"Scene: Jackie confronts Rachel after overhearing a conversation with Annabelle, accusing her of lying."
134、INT. STUDIO CORRIDOR - MORNING,doc_133_chunk_0,"Mr. Samuels? Forgive the intrusion,
I'm Jacqueline Harrison, and...","Scene: Duncan's office, Jackie speaks to Mr. Samuels in front of a client."
134、INT. STUDIO CORRIDOR - MORNING,doc_133_chunk_0,"...well, I just wanted to thank you.
For your generosity.","Scene: Duncan's office, Jackie speaks to Mr. Samuels in front of a client."
139、INT. RACHEL'S AND LUKE'S LIVING ROOM - THAT NIGHT,doc_138_chunk_3,Daddy and I tried hard. We really did.,"Scene: In a room, Jackie speaks to Ben during a family argument about their relationship."
146、EXT. JACKIE'S HOUSE - DAY,doc_145_chunk_2,Well. It's for you.,
133、INT. RACHEL'S DARKROOM - MORNING,doc_132_chunk_3,However many. It's not enough.,
133、INT. RACHEL'S DARKROOM - MORNING,doc_132_chunk_3,"Fine, forget it.",
133、INT. RACHEL'S DARKROOM - MORNING,doc_132_chunk_3,"Bandaids for cuts. Bandaids for new shoe blisters. Packet of Wash n Dri's. Kleenex. Sugar free lollipops, potty seat covers for public restrooms...",
138、INT. FRENCH RESTAURANT - NIGHT,doc_137_chunk_2,Tell me exactly how you're different from three years ago? The music sounds kind of the same from where I'm sitting.,"Scene: Jackie confronts Luke about his decision to marry Rachel; they are in a room together, discussing his past and present commitments."
132、INT. JACKIE'S BATHROOM - NIGHT,doc_131_chunk_1,Daddy was washing Rachel. In the shower. What did you think that was about?,
132、INT. JACKIE'S BATHROOM - NIGHT,doc_131_chunk_1,"Well, not exactly s...",
132、INT. JACKIE'S BATHROOM - NIGHT,doc_131_chunk_1,Scream.,
132、INT. JACKIE'S BATHROOM - NIGHT,doc_131_chunk_1,How would you know sh...,
132、INT. JACKIE'S BATHROOM - NIGHT,doc_131_chunk_1,...why do you think?,
127、EXT. JACKIE'S HOUSE - NIGHT,doc_126_chunk_3,Like you cared about me three years ago?,"Scene context not specified: Jackie speaks to Luke, referencing past events and their relationship."
127、EXT. JACKIE'S HOUSE - NIGHT,doc_126_chunk_3,"Maybe you should talk to your daughter, about why. She seems to have missed that part.","Scene context not specified: Jackie speaks to Luke, suggesting he talk to his daughter about an unmentioned issue."
127、EXT. JACKIE'S HOUSE - NIGHT,doc_126_chunk_3,Forget I said that.,"Scene context not specified: Jackie speaks softly to Luke, retracting her previous statement."
117、INT. SCHOOL HALLWAY,doc_116_chunk_0,Machines do not EAT message.,Scene: Confrontation with Rachel; Jackie expresses anger over a broken promise to her child.
117、INT. SCHOOL HALLWAY,doc_116_chunk_0,"Of all the
cheap
excuses. To break a
child's heart.
The jury is in. There is no appeal.",Scene: Confrontation with Rachel; Jackie condemns Rachel for hurting her daughter.
117、INT. SCHOOL HALLWAY,doc_116_chunk_0,"Don't worry, sweetie, there's still
the Harvest Pageant. And you are
the
lead
vegetable...",Scene: Comforting her daughter after the confrontation; topic is the Harvest Pageant.
117、INT. SCHOOL HALLWAY,doc_116_chunk_0,"And nothing. And
no
one
. Can
keep me away.",Scene: After comforting her daughter; Jackie asserts her determination to attend the event.
139、INT. RACHEL'S AND LUKE'S LIVING ROOM - THAT NIGHT,doc_138_chunk_1,Look she's upset --,"Scene or location not specified; Jackie speaks during a tense moment involving Luke, Ben, and Annabelle, addressing the situation with Annabelle's camera."
133、INT. RACHEL'S DARKROOM - MORNING,doc_132_chunk_1,"I didn't need you to take the blame
for me, I'm quite...",
133、INT. RACHEL'S DARKROOM - MORNING,doc_132_chunk_1,"You're not terribly good at taking
care of h...",
133、INT. RACHEL'S DARKROOM - MORNING,doc_132_chunk_1,"Those are
my
children you're
practicing on. They deserve
first-
rate care. Every minute. Of every
night. And every day.",
141、INT. LIVING ROOM - CONTINUOUS,doc_140_chunk_2,That happens. To families.,
141、INT. LIVING ROOM - CONTINUOUS,doc_140_chunk_2,I'm counting on it.,
149、INT. HOSPITAL ROOM - NEW YORK - DUSK,doc_148_chunk_5,That I do. Always will.,
135、INT. DOCTOR'S OFFICE - AFTERNOON,doc_134_chunk_2,"People beat it, don't they? All the time.","Scene: In a small, neatly kept office, Jackie speaks with Dr. Sweikert, discussing the possibility of overcoming her illness."
135、INT. DOCTOR'S OFFICE - AFTERNOON,doc_134_chunk_2,So we'll...radiate some more?,"Scene: In a small, neatly kept office, Jackie speaks with Dr. Sweikert, discussing the next steps in her treatment."
135、INT. DOCTOR'S OFFICE - AFTERNOON,doc_134_chunk_4,Why would his worry? Or my children's worry. Or anyone's worry. Help the sit...,Scene involving Dr. Sweikert; Jackie discusses not sharing her worries with others.
135、INT. DOCTOR'S OFFICE - AFTERNOON,doc_134_chunk_4,"You don't burden others needlessly. That's how I was raised, Doctor.",Scene involving Dr. Sweikert; Jackie explains her reluctance to share burdens.
133、INT. RACHEL'S DARKROOM - MORNING,doc_132_chunk_4,Ben likes to be read to. Do you know Dr. Seuss...?,
133、INT. RACHEL'S DARKROOM - MORNING,doc_132_chunk_4,Do you have a word limit you need to hit every day or can I finish?,
133、INT. RACHEL'S DARKROOM - MORNING,doc_132_chunk_4,Here's their schedule for this afternoon. I'll meet you at the park at five. All I ask is that they're alive when I get there.,
133、INT. RACHEL'S DARKROOM - MORNING,doc_132_chunk_4,Thank you.,
139、INT. RACHEL'S AND LUKE'S LIVING ROOM - THAT NIGHT,doc_138_chunk_0,The great thing about life is that things keep changing.,"Scene: Sitting on a couch with Luke, looking towards the children; discussing life changes."
139、INT. RACHEL'S AND LUKE'S LIVING ROOM - THAT NIGHT,doc_138_chunk_0,And we all went through that together?,"Scene: Sitting on a couch with Luke, referring to the past divorce and family experience."
141、INT. LIVING ROOM - CONTINUOUS,doc_140_chunk_0,Annabelle...Rachel's not taking my place as your mother -- it's just Daddy's chance to be happy again. Isn't that what we all want for each other?,
141、INT. LIVING ROOM - CONTINUOUS,doc_140_chunk_0,Come. Sit.,
151、INT. SUPERMARKET MANAGER'S STATION - DAY,doc_150_chunk_2,You got that right.,
146、EXT. JACKIE'S HOUSE - DAY,doc_145_chunk_3,"Just because. Just because I love
you. Go ahead...",
146、EXT. JACKIE'S HOUSE - DAY,doc_145_chunk_3,"Hey. At least it's not an editing
machine.",
146、EXT. JACKIE'S HOUSE - DAY,doc_145_chunk_1,"It's okay, it's twenty minutes. The horse'll be there.",
146、EXT. JACKIE'S HOUSE - DAY,doc_145_chunk_1,That is so pretty. You usually only see that color in people's teeth.,
135、INT. DOCTOR'S OFFICE - AFTERNOON,doc_134_chunk_3,I guess a no-hair day beats a bad-hair day.,"Scene: In a medical office, Jackie speaks with Dr. Sweikert after receiving treatment news."
135、INT. DOCTOR'S OFFICE - AFTERNOON,doc_134_chunk_3,"I have to get dressed. My ex-husband has asked me to dinner. God knows why, he was very mysteri...","Scene: In a medical office, Jackie speaks with Dr. Sweikert while preparing to leave for a dinner with her ex-husband."
126、EXT. NORTH VALE STABLES - DAY,doc_125_chunk_2,"Ben, mommies work too. They work very hard. Mommy works harder as a mom than she did when she was working. I just don't get paid.","Scene: At home, Jackie is speaking with her son Ben about mothers working, in response to Ben's comment about Rachel's job."
126、EXT. NORTH VALE STABLES - DAY,doc_125_chunk_2,People like Rachel who only think about themselves often do make a lot of money.,"Scene: At home, Jackie is speaking with her son Ben about Rachel and money."
126、EXT. NORTH VALE STABLES - DAY,doc_125_chunk_2,Yes...if you like big hair...,"Scene: At home, Jackie responds to Ben saying he thinks Rachel is pretty."
126、EXT. NORTH VALE STABLES - DAY,doc_125_chunk_2,What honey?,"Scene: At home, Jackie responds to Ben calling her attention."
150、INT. SUPERMARKET - DAY,doc_149_chunk_0,Thursday's fine...,"Scene in a grocery store; Jackie is shopping with her son Ben, who is asking her questions about family roles and names."
152、EXT. SOCCER FIELD - 3 O'CLOCK PRACTICE,doc_151_chunk_5,"Let's...hold up for a bit. It may not happen. Our secret, okay? A little strange.",
152、EXT. SOCCER FIELD - 3 O'CLOCK PRACTICE,doc_151_chunk_4,"make some trips into the city. Sometimes, overnight.","Scene: Jackie is speaking with Rachel, discussing work arrangements and the need to travel to the city, possibly overnight."
149、INT. HOSPITAL ROOM - NEW YORK - DUSK,doc_148_chunk_2,"You'll be up to your armpits in meatballs, I'm flying them in from Sweden.",
149、INT. HOSPITAL ROOM - NEW YORK - DUSK,doc_148_chunk_2,"Not a lot, sweetie. It's a country. Like Canada. Only smaller.",
151、INT. SUPERMARKET MANAGER'S STATION - DAY,doc_150_chunk_1,YYYAAAAAAAHHH!,
151、INT. SUPERMARKET MANAGER'S STATION - DAY,doc_150_chunk_1,"ARE YOU CRAZY, YOU COULD SUFFOCATE IN THERE!!!",
149、INT. HOSPITAL ROOM - NEW YORK - DUSK,doc_148_chunk_6,"I'm fine, ba...",
149、INT. HOSPITAL ROOM - NEW YORK - DUSK,doc_148_chunk_6,Nope.,
149、INT. HOSPITAL ROOM - NEW YORK - DUSK,doc_148_chunk_6,We can only have two.,
146、EXT. JACKIE'S HOUSE - DAY,doc_145_chunk_4,I hope it's the right kind.,Scene: Jackie gives Annabelle a video editor as a gift; Annabelle is emotional and hugs her.
146、EXT. JACKIE'S HOUSE - DAY,doc_145_chunk_4,"Well, I thought. You know, why wait?",Scene: Jackie explains her reasoning for giving Annabelle the gift immediately.
138、INT. FRENCH RESTAURANT - NIGHT,doc_137_chunk_4,To make it easier for them or you?,
138、INT. FRENCH RESTAURANT - NIGHT,doc_137_chunk_4,You can't be an 'us' just when you want to. You can't play that card when it's convenient.,
138、INT. FRENCH RESTAURANT - NIGHT,doc_137_chunk_4,WE are over.,
138、INT. FRENCH RESTAURANT - NIGHT,doc_137_chunk_4,No. You think this is going to help the kids then you do it. You're on your own.,
157、INT. JACKIE'S KITCHEN - NIGHT,doc_156_chunk_3,Nobody likes a snoop.,
153、INT. EMERGENCY ROOM - DAY,doc_152_chunk_3,It is. It's about time.,Scene: Jackie is present while Rachel and Ben sing softly; she speaks to Luke after he comments on the moment.
136、INT. JACKIE'S BATHROOM - DUSK,doc_135_chunk_1,Probably you -- your brother -- school -- The solar system...The usual...,Scene: Jackie is applying mascara while speaking to Annabelle about the topic of a conversation.
136、INT. JACKIE'S BATHROOM - DUSK,doc_135_chunk_1,I'm a little tired and it's just a pick-me-up.,Scene: Jackie pauses briefly and responds to Annabelle's question about why she is wearing mascara.
136、INT. JACKIE'S BATHROOM - DUSK,doc_135_chunk_1,"Well Daddy and I are just friends now, and that's no reason not to wear mascara...Or blush. You look pale.","Scene: Jackie speaks to Annabelle, explaining her relationship with Daddy and commenting on Annabelle's appearance."
149、INT. HOSPITAL ROOM - NEW YORK - DUSK,doc_148_chunk_4,"Do me a favor? Eat it, and then give me a secret report, okay? Pay particular attention to whether it's chewy and if it tastes more like chocolate or soup.",
149、INT. HOSPITAL ROOM - NEW YORK - DUSK,doc_148_chunk_4,"Hey, that's a world-class laugh you got there. Can I all you sometime? If I fell blue.",
157、INT. JACKIE'S KITCHEN - NIGHT,doc_156_chunk_10,"I exercise, I eat the healthiest foods, you live on pork rinds and Ho-Ho's, and I've got cancer!",
149、INT. HOSPITAL ROOM - NEW YORK - DUSK,doc_148_chunk_1,"Hey, good-lookin', I was just thinking about calling y...","Phone conversation with Ben, taking place on a Thursday; Jackie mentions picking him up the next day for spaghetti."
149、INT. HOSPITAL ROOM - NEW YORK - DUSK,doc_148_chunk_1,"Honey, this is Thursday. I pick you up tomorrow, and we do big spaghetti.",Phone conversation with Ben; discussing meal plans and pickup schedule.
157、INT. JACKIE'S KITCHEN - NIGHT,doc_156_chunk_2,My boss.,
157、INT. JACKIE'S KITCHEN - NIGHT,doc_156_chunk_2,You WHAT?,
149、INT. HOSPITAL ROOM - NEW YORK - DUSK,doc_148_chunk_3,"I'm somewhere, thinking of you. And meatballs. And you know what?",
149、INT. HOSPITAL ROOM - NEW YORK - DUSK,doc_148_chunk_3,"Of course, you do. Being magic. Then you know I've got a flu bug, and I turn green and barf profusely when I even think about food. So, all the more meatballs for you. But you know what.",
153、INT. EMERGENCY ROOM - DAY,doc_152_chunk_6,"You know what happens to spaghetti
when it waits around for you too
long?",
153、INT. EMERGENCY ROOM - DAY,doc_152_chunk_6,Pray. We never find out.,
147、EXT. NORTH VALE STABLES - DAY,doc_146_chunk_0,Like a big sister.,Scene: Riding together; Jackie responds to Annabelle's comment about someone being knowledgeable and youthful.
147、EXT. NORTH VALE STABLES - DAY,doc_146_chunk_0,I bet.,Scene: Riding together; Jackie responds to Annabelle's comment about someone being cool when you get to know her.
147、EXT. NORTH VALE STABLES - DAY,doc_146_chunk_0,Secret's safe with me.,Scene: Riding together; Jackie responds to Annabelle's request to keep a secret.
159、INT. BAR - EVENING,doc_158_chunk_2,My compliments. On your learning curve.,
152、EXT. SOCCER FIELD - 3 O'CLOCK PRACTICE,doc_151_chunk_2,Anxiety.,
152、EXT. SOCCER FIELD - 3 O'CLOCK PRACTICE,doc_151_chunk_2,She was angry at herself.,
152、EXT. SOCCER FIELD - 3 O'CLOCK PRACTICE,doc_151_chunk_2,Yes?,
152、EXT. SOCCER FIELD - 3 O'CLOCK PRACTICE,doc_151_chunk_2,"I'll keep it in mind, and use it against you.","Scene context not specified: Jackie speaks to Rachel during a game, responding to Rachel's observation about hair-twisting."
157、INT. JACKIE'S KITCHEN - NIGHT,doc_156_chunk_5,Did I hear the word...,
157、INT. JACKIE'S KITCHEN - NIGHT,doc_156_chunk_5,Then let him talks to me. We don't need you to solve our prob...,
157、INT. JACKIE'S KITCHEN - NIGHT,doc_156_chunk_6,Really. By what right? Six months of part-time screw-ups?,Scene: Confrontation with Rachel about her relationship with the kids; topic centers on parental rights and emotional attachment.
157、INT. JACKIE'S KITCHEN - NIGHT,doc_156_chunk_13,Drink your tea while I go vomit.,
157、INT. JACKIE'S KITCHEN - NIGHT,doc_156_chunk_13,"You love my kids, that's a start. (nods) We'll work on it.",
162、INT. JACKIE'S BEDROOM - NIGHT,doc_161_chunk_3,And...?,
157、INT. JACKIE'S KITCHEN - NIGHT,doc_156_chunk_8,"Charlie Drummond used to be a colleague at Random House. I'm crashing at her place, while I take some new protein injections my oncologist recommended. I can only get them in San Francisco.",
152、EXT. SOCCER FIELD - 3 O'CLOCK PRACTICE,doc_151_chunk_1,Pushing her hair over her eyes. Means she's avoiding a confrontation.,"Scene: Jackie observes Annabelle and speaks to Rachel about her behavior, interpreting body language."
152、EXT. SOCCER FIELD - 3 O'CLOCK PRACTICE,doc_151_chunk_1,"If she's twirling it, she's playing something out in her mind. If she's stopped combing it, she might be depressed...","Scene: Jackie continues explaining Annabelle's hair-related behaviors to Rachel, interpreting emotional states."
151、INT. SUPERMARKET MANAGER'S STATION - DAY,doc_150_chunk_0,I looked away for one second... Just one second...he's...he's...,Scene at a store front near the Bakery; Jackie is speaking with a Policeman and Store Manager about her missing son.
151、INT. SUPERMARKET MANAGER'S STATION - DAY,doc_150_chunk_0,He's my son! He looks like his father! His name is Ben -- he answers to Harry --,Scene at a store front near the Bakery; Jackie is speaking with a Policeman and Store Manager about her missing son.
160、INT. JACKIE'S KITCHEN - NIGHT,doc_159_chunk_4,"We make mistakes. And we forgive each other. Because we love each other, very m...",
159、INT. BAR - EVENING,doc_158_chunk_0,I thought a phone call was inappropriate.,
159、INT. BAR - EVENING,doc_158_chunk_0,"I could have taken you to that restaurant, but it would have been a waste of money.",
164、INT. ELEMENTARY SCHOOL COMMON ROOM - NIGHT,doc_163_chunk_3,"Oh, my God.",
164、INT. ELEMENTARY SCHOOL COMMON ROOM - NIGHT,doc_163_chunk_4,She's devastated.,
157、INT. JACKIE'S KITCHEN - NIGHT,doc_156_chunk_1,"Okay, what is this? If you want to dump Luke on me, no sale. You're stuck with him.","Scene: Jackie confronts someone, likely Rachel, about taking care of Luke."
157、INT. JACKIE'S KITCHEN - NIGHT,doc_156_chunk_1,I don't know wh...,"Scene: Jackie reacts in shock after Rachel reveals she knows a secret, possibly about tickets and a note from a new boss."
162、INT. JACKIE'S BEDROOM - NIGHT,doc_161_chunk_1,"I'm not deaf, y'know.","Scene: In a bedroom, Jackie responds to Annabelle while in bed with Ben and Annabelle present."
164、INT. ELEMENTARY SCHOOL COMMON ROOM - NIGHT,doc_163_chunk_2,"...going out, yeh. I had kids of my own, once.",
165、INT. JACKIE'S KITCHEN - DAY,doc_164_chunk_3,Nope.,
153、INT. EMERGENCY ROOM - DAY,doc_152_chunk_4,Stop. You're making me insecure.,"Scene: In a room, Jackie is speaking with Luke during a personal conversation about her."
153、INT. EMERGENCY ROOM - DAY,doc_152_chunk_4,It's temporary.,"Scene: In a room, Jackie responds to Luke commenting on her changed hair."
153、INT. EMERGENCY ROOM - DAY,doc_152_chunk_4,Not the term I'd use.,"Scene: In a room, Jackie responds to Luke's joke about a mid-life crisis."
165、INT. JACKIE'S KITCHEN - DAY,doc_164_chunk_4,Maybe.,
157、INT. JACKIE'S KITCHEN - NIGHT,doc_156_chunk_7,"Sure, I could. If I was looking for one.",Scene: Conversation with Rachel about publishing houses in New York; topic involves Jackie's job search or career plans.
157、INT. JACKIE'S KITCHEN - NIGHT,doc_156_chunk_7,"You're a moron, kid. You guessed the wrong secret.",Scene: Conversation with Rachel; topic involves revealing a secret or correcting a misunderstanding.
164、INT. ELEMENTARY SCHOOL COMMON ROOM - NIGHT,doc_163_chunk_5,And you said...?,Scene: Conversation with Rachel about a girl seeking advice; topic involves what Rachel told the girl to do.
141、INT. LIVING ROOM - CONTINUOUS,doc_140_chunk_1,But we do have a choice. To make it better. Instead of worse.,Scene or location unspecified: Jackie speaks to Annabelle about making life better despite difficulties.
141、INT. LIVING ROOM - CONTINUOUS,doc_140_chunk_1,Like seeing the good side of Rachel. So she'll see the good side of us.,Scene or location unspecified: Jackie speaks to Annabelle about mutual understanding with Rachel.
141、INT. LIVING ROOM - CONTINUOUS,doc_140_chunk_1,Because I'm looking ahead. And you know what I see...?,"Scene or location unspecified: Jackie speaks to Annabelle, indicating a vision for the future."
141、INT. LIVING ROOM - CONTINUOUS,doc_140_chunk_1,Time will come. When we all need to be there. For each other.,Scene or location unspecified: Jackie speaks to Annabelle about future unity and support.
153、INT. EMERGENCY ROOM - DAY,doc_152_chunk_5,"Never stand between that kid and
a meatball.",
153、INT. EMERGENCY ROOM - DAY,doc_152_chunk_5,"Yeh, better I should forcefeed
him burnt lamb and...couscous,
was it she made him? Boy, kids
go wild for that.",
153、INT. EMERGENCY ROOM - DAY,doc_152_chunk_5,"I'll drop him at Tucker's party
Saturday, if one of you guys can
pick him up. I have to go into
the City.",
162、INT. JACKIE'S BEDROOM - NIGHT,doc_161_chunk_0,I can't hear you.,"Scene: In a darkened bedroom, Jackie is watching a video with Ben while eating popcorn; Annabelle enters and speaks to her from across the room."
162、INT. JACKIE'S BEDROOM - NIGHT,doc_161_chunk_0,,
160、INT. JACKIE'S KITCHEN - NIGHT,doc_159_chunk_1,"Mommy's sick, guys.","Scene: Jackie is speaking to her children, Annabelle and Ben, after shutting off Annabelle's camera."
160、INT. JACKIE'S KITCHEN - NIGHT,doc_159_chunk_1,I have cancer. Do you know what that is?,"Scene: Jackie is speaking to her children, Annabelle and Ben, explaining her illness."
157、INT. JACKIE'S KITCHEN - NIGHT,doc_156_chunk_11,You are marrying the greatest guy who walks this earth. Who I have loved from my heart for twelve years! Listening?,
157、INT. JACKIE'S KITCHEN - NIGHT,doc_156_chunk_11,And you walk in. You smile that smile. You move that boy. And he's yours for free.,
157、INT. JACKIE'S KITCHEN - NIGHT,doc_156_chunk_11,And you. Love my kids. How fucking touching.,
157、INT. JACKIE'S KITCHEN - NIGHT,doc_156_chunk_11,They came out of my body!,
160、INT. JACKIE'S KITCHEN - NIGHT,doc_159_chunk_2,Grammy had a different kind. There are lots of kinds. Hers was very bad.,
160、INT. JACKIE'S KITCHEN - NIGHT,doc_159_chunk_2,"Actually, I'm getting better already.",
160、INT. JACKIE'S KITCHEN - NIGHT,doc_159_chunk_2,"I had a lot of treatments, and they weren't any fun, but the tests show the cancer got smaller.",
165、INT. JACKIE'S KITCHEN - DAY,doc_164_chunk_6,"Tucker, is something wr...",
165、INT. JACKIE'S KITCHEN - DAY,doc_164_chunk_6,Why? Uh.,
157、INT. JACKIE'S KITCHEN - NIGHT,doc_156_chunk_4,"I'd have thought this was the answer to your prayers. Lose the witch, and her two brats, in one swoop. Problems solved.","Scene: Jackie speaks to Rachel, suggesting a solution involving Luke's children; Rachel is visibly upset."
157、INT. JACKIE'S KITCHEN - NIGHT,doc_156_chunk_4,"Bi-coastal parenting. Happens every day. Luke gets the kids every other summer, every other holiday, it's not ideal, but people make it work, and...","Scene: Jackie continues speaking to Rachel, proposing a shared custody arrangement for Luke's children."
160、INT. JACKIE'S KITCHEN - NIGHT,doc_159_chunk_3,"I'm still sick, but I'm better.",
160、INT. JACKIE'S KITCHEN - NIGHT,doc_159_chunk_3,That's right. And you're mad.,
160、INT. JACKIE'S KITCHEN - NIGHT,doc_159_chunk_3,"I know how scared I get when you're sick. So I waited to tell you. Until it was getting smaller. I thought that was best, maybe I was wr...",
165、INT. JACKIE'S KITCHEN - DAY,doc_164_chunk_1,I could help with the debate.,
165、INT. JACKIE'S KITCHEN - DAY,doc_164_chunk_1,Actually. I could only help him.,
165、INT. JACKIE'S KITCHEN - DAY,doc_164_chunk_1,You don't like his friends.,
152、EXT. SOCCER FIELD - 3 O'CLOCK PRACTICE,doc_151_chunk_3,"Not great. Plus, I've got things on my mind. You know. Things.","Scene or location unspecified: Jackie speaks to Rachel while not turning to face her, indicating preoccupation."
152、EXT. SOCCER FIELD - 3 O'CLOCK PRACTICE,doc_151_chunk_3,"Yeh, that does tend to make me sick to my stomach. Actually, I'm, uh... Thinking. Deciding if this is the time to say...","Scene or location unspecified: Jackie responds to Rachel's question about whether she is seeing someone, with sarcasm and hesitation."
152、EXT. SOCCER FIELD - 3 O'CLOCK PRACTICE,doc_151_chunk_3,...thinking of going back to Random House. On a part-time basis.,"Scene or location unspecified: Jackie continues her previous thought, revealing she is considering returning to work at Random House part-time."
164、INT. ELEMENTARY SCHOOL COMMON ROOM - NIGHT,doc_163_chunk_1,Small world.,
164、INT. ELEMENTARY SCHOOL COMMON ROOM - NIGHT,doc_163_chunk_1,You're a cross-dresser.,
164、INT. ELEMENTARY SCHOOL COMMON ROOM - NIGHT,doc_163_chunk_1,She hasn't mentioned this.,
164、INT. ELEMENTARY SCHOOL COMMON ROOM - NIGHT,doc_163_chunk_1,Moi?,
162、INT. JACKIE'S BEDROOM - NIGHT,doc_161_chunk_2,In the still...still of the ni-ight...I held you...held you so ti-ight...,
162、INT. JACKIE'S BEDROOM - NIGHT,doc_161_chunk_2,Sugar. I was slow dancing to that song before Rachel was even born.,
162、INT. JACKIE'S BEDROOM - NIGHT,doc_161_chunk_2,Does she have a tattoo? The butterfly. Just below her navel.,
168、EXT. NORTH VALE STABLES - NIGHT,doc_167_chunk_3,Promise.,"Scene: Jackie is holding Annabelle, who is in her mother's arms; Jackie speaks softly, likely in response to Annabelle's statement."
168、EXT. NORTH VALE STABLES - NIGHT,doc_167_chunk_0,"Hold tight, sweetheart.","Scene: On a horse under a full moon, Jackie is riding with Annabelle; she speaks to Annabelle as they begin moving toward the hills."
170、INT. JACKIE'S FRONT DOOR - DUSK,doc_169_chunk_4,Can't complain.,"Scene: In a bedroom, Jackie responds to Rachel's question about her day while standing near her open chest of drawers."
165、INT. JACKIE'S KITCHEN - DAY,doc_164_chunk_0,"Well, did you really think you'd meet someone at eleven that you'd spend the rest of your life with?","Kitchen, Jackie is peeling hardboiled eggs with Annabelle, discussing Annabelle's relationship."
165、INT. JACKIE'S KITCHEN - DAY,doc_164_chunk_0,What's Thursd...,"Kitchen, Jackie is interrupted while asking about Thursday, in conversation with Annabelle about a debate."
172、INT. ANNABELLE'S ROOM - MOMENTS LATER,doc_171_chunk_6,You use your words.,
171、INT. LUKE AND RACHEL'S DEN - NIGHT,doc_170_chunk_6,"It's covered, okay? I appreciate your concern. Can I talk to her? And real quiet...",
171、INT. LUKE AND RACHEL'S DEN - NIGHT,doc_170_chunk_4,Hi. How's the vitamins up there? Having big fun?,"Hospital room in Montreal; Jackie is speaking on the phone, likely to Rachel, during a rainy evening."
176、INT. JACKIE'S HOME - DAY,doc_175_chunk_2,...go to the park. In the worst way.,
168、EXT. NORTH VALE STABLES - NIGHT,doc_167_chunk_2,"I'm never, never going to forget this.",
168、EXT. NORTH VALE STABLES - NIGHT,doc_167_chunk_2,"You're old enough to learn the loophole. You can say 'never, never'. If you mean it enough. To say it twice.",
159、INT. BAR - EVENING,doc_158_chunk_1,I know. I wouldn't know what to say. If it were you.,"Scene context not specified: Jackie speaks to Luke, expressing empathy about a painful situation."
159、INT. BAR - EVENING,doc_158_chunk_1,Walk in the park. And thanks for the 'we'.,"Scene context not specified: Jackie responds to Luke's reassurance that they will win something, possibly a battle or challenge."
159、INT. BAR - EVENING,doc_158_chunk_1,I live or I die. Looks straight in his eyes. We don't need the bullshit. Not us.,"Scene context not specified: Jackie speaks honestly and directly to Luke about her fate, rejecting false hope or pretense."
165、INT. JACKIE'S KITCHEN - DAY,doc_164_chunk_5,"Oh, yeh.",
165、INT. JACKIE'S KITCHEN - DAY,doc_164_chunk_5,How many devilled eggs can you eat?,Scene takes place at a table; Jackie is speaking to Annabelle about food.
165、INT. JACKIE'S KITCHEN - DAY,doc_164_chunk_5,"We can always go to the store, if w...",Scene takes place at a table; Jackie is speaking to Annabelle before being interrupted.
157、INT. JACKIE'S KITCHEN - NIGHT,doc_156_chunk_9,"Life's a trade-off. You get cancer, your hair falls out, but you do get to smoke dope.",Scene context not specified: Jackie speaks to Rachel about her illness and treatment.
157、INT. JACKIE'S KITCHEN - NIGHT,doc_156_chunk_9,No such luck. I'm beating the shit out of this. Pardon my French.,Scene context not specified: Jackie responds to Rachel's assertion that she is not dying.
157、INT. JACKIE'S KITCHEN - NIGHT,doc_156_chunk_9,How the hell would you know?,Scene context not specified: Jackie challenges Rachel's confidence in her recovery.
157、INT. JACKIE'S KITCHEN - NIGHT,doc_156_chunk_9,How would you know anything?,Scene context not specified: Jackie sharply questions Rachel's understanding of her situation.
166、EXT. YARD - DAY,doc_165_chunk_1,BEEEENNNNNN!,"Scene at the top of an evergreen tree; Jackie is looking up and screaming, likely to Ben who is crouched at the top of the tree."
166、EXT. YARD - DAY,doc_165_chunk_1,Don't move!,"Scene at the top of an evergreen tree; Jackie is speaking to Ben, who is crouched at the top of the swaying tree."
162、INT. JACKIE'S BEDROOM - NIGHT,doc_161_chunk_4,She is but an arriviste.,
162、INT. JACKIE'S BEDROOM - NIGHT,doc_161_chunk_4,"A newcomer. She's still got a
thing or two to learn.",
162、INT. JACKIE'S BEDROOM - NIGHT,doc_161_chunk_4,I held you...held you so ti-ight...,
162、INT. JACKIE'S BEDROOM - NIGHT,doc_161_chunk_4,"You sing lead, you've got the voice...","Speaking to Annabelle, suggesting she sing lead."
162、INT. JACKIE'S BEDROOM - NIGHT,doc_161_chunk_4,The stud and I will doo-wop.,"Speaking to Annabelle and Ben, explaining their role in the singing."
175、INT. NEWARK AIRPORT - DAY,doc_174_chunk_0,It's a miracle! I can walk!,"Arrival gate at an airport, Jackie speaks to her children (Annabelle, Ben, and Rachel) after surprising them by standing from a wheelchair."
165、INT. JACKIE'S KITCHEN - DAY,doc_164_chunk_2,"You wouldn't kiss him, huh?",
165、INT. JACKIE'S KITCHEN - DAY,doc_164_chunk_2,Good girl.,
165、INT. JACKIE'S KITCHEN - DAY,doc_164_chunk_2,And what do you do wh...,
165、INT. JACKIE'S KITCHEN - DAY,doc_164_chunk_2,You have to ignore him.,
165、INT. JACKIE'S KITCHEN - DAY,doc_164_chunk_2,"He's not even there. You don't see him, you don't hear him, you're just too much of a woman to bother with little boys.",
167、INT. BEN'S BEDROOM - NIGHT,doc_166_chunk_0,God...I will do anything...I will go through any amount of pain you give me. If you'll just let me see them grow up.,"Scene: In a bedroom doorway, Jackie whispers a prayer while watching her sleeping son."
167、INT. BEN'S BEDROOM - NIGHT,doc_166_chunk_0,Is that asking so damn much?,"Scene: In a bedroom doorway, Jackie speaks quietly after her prayer, still watching her son."
177、EXT. PARK - DAY,doc_176_chunk_10,Is that what he told you?,
177、EXT. PARK - DAY,doc_176_chunk_10,"Well, he got that part right.",
171、INT. LUKE AND RACHEL'S DEN - NIGHT,doc_170_chunk_5,Eat your heart out. Is Annabelle there?,
171、INT. LUKE AND RACHEL'S DEN - NIGHT,doc_170_chunk_5,How's she doing with Brad?,
171、INT. LUKE AND RACHEL'S DEN - NIGHT,doc_170_chunk_5,"Thanks, but it's under control.",
157、INT. JACKIE'S KITCHEN - NIGHT,doc_156_chunk_12,"I have given them more love and more care every fifteen minutes of their lives, than you could manage in the next fifty years!","Scene: At a table, Jackie confronts Rachel, expressing her deep devotion to her children and her superiority over Rachel."
157、INT. JACKIE'S KITCHEN - NIGHT,doc_156_chunk_12,"Ironic, huh?","Scene: At a table, Jackie confronts Rachel, expressing her deep devotion to her children and her superiority over Rachel."
157、INT. JACKIE'S KITCHEN - NIGHT,doc_156_chunk_12,"Ironic, that I'm gonna need you.","Scene: At a table, Jackie confronts Rachel, but her intensity softens as she reveals her vulnerability and dependence on Rachel."
157、INT. JACKIE'S KITCHEN - NIGHT,doc_156_chunk_12,To be a little less. Undeserving.,"Scene: At a table, Jackie confronts Rachel, but her intensity softens as she reveals her vulnerability and dependence on Rachel."
177、EXT. PARK - DAY,doc_176_chunk_7,"Ben was born in two hours, went",
177、EXT. PARK - DAY,doc_176_chunk_4,"That's motherhood. That's the job, with or without a career. I'm telling you the biggest gift",
176、INT. JACKIE'S HOME - DAY,doc_175_chunk_1,Okay. These are good.,
176、INT. JACKIE'S HOME - DAY,doc_175_chunk_1,"I've got a lot of medicine in me, sweetie. And I'm a little wobbly for driving or running ar...",
177、EXT. PARK - DAY,doc_176_chunk_6,Feeling the pressure?,Scene with Rachel and Jackie; Jackie speaks to Rachel after Rachel gives advice and shares a personal anecdote.
"179、EXT. CAR POOL LINE, ELEMENTARY SCHOOL - DAY",doc_178_chunk_1,"He looks familiar. Did he do a
Calvin Klein ad?",
170、INT. JACKIE'S FRONT DOOR - DUSK,doc_169_chunk_5,"It's a mess, right now. That's
my project when I get back.",
170、INT. JACKIE'S FRONT DOOR - DUSK,doc_169_chunk_5,"See, I'm not going to Houston,
after all.
Like you obviously figured out.",
170、INT. JACKIE'S FRONT DOOR - DUSK,doc_169_chunk_5,"There's this clinic in Montreal.
We've studied their process, we
like their success rate...",
180、EXT. JACKIE'S YARD - DAY,doc_179_chunk_2,Actually. They'll want Annabelle's mother.,
177、EXT. PARK - DAY,doc_176_chunk_1,I'm thinking. Do I know you well enough to really chew you out?,
177、EXT. PARK - DAY,doc_176_chunk_1,"Have you lost your
mind
?! You fought
years
for that job! And you
quit
??",
"179、EXT. CAR POOL LINE, ELEMENTARY SCHOOL - DAY",doc_178_chunk_0,Who in the world is he?,"Scene: By the car, Jackie is speaking to Rachel, noticing a boy across the way who is talking with Annabelle."
18、INT. JACKIE'S KITCHEN - MORNING,doc_17_chunk_2,What did you do?,
170、INT. JACKIE'S FRONT DOOR - DUSK,doc_169_chunk_6,"They combine some compounds that have been getting results in France, with vitamin injections. Seems to activate the chemo...",
170、INT. JACKIE'S FRONT DOOR - DUSK,doc_169_chunk_6,"It's promising, this one. We're upbeat.",
170、INT. JACKIE'S FRONT DOOR - DUSK,doc_169_chunk_6,I really look like shit.,
170、INT. JACKIE'S FRONT DOOR - DUSK,doc_169_chunk_6,"Yeh, that's bull. I'm going for serene, they say some actually get there.",
177、EXT. PARK - DAY,doc_176_chunk_0,Serene means you accept.,"Scene in a park under a starkly bare tree, Jackie is speaking to Rachel about emotional acceptance."
177、EXT. PARK - DAY,doc_176_chunk_0,Part of me hasn't quit yet.,"Scene in a park under a starkly bare tree, Jackie continues speaking to Rachel about her inner struggle."
177、EXT. PARK - DAY,doc_176_chunk_2,"You mean, after I'm dead? Do you?",
177、EXT. PARK - DAY,doc_176_chunk_2,Juggle it! Move the darkroom into your house. You've got that room downstairs with the treadmill Luke never uses anyway. Don't lose your confidence. Don't lose your edge.,
166、EXT. YARD - DAY,doc_165_chunk_5,Ben. God doesn't like visitors.,"Scene: Jackie speaks to Ben, explaining a belief about God."
166、EXT. YARD - DAY,doc_165_chunk_5,"Ask her, she's a heroic Fireperson.","Scene: Jackie directs Ben to ask Jessica, who is present, about being a Fireperson."
166、EXT. YARD - DAY,doc_165_chunk_5,"That's right, Ben. That's why Firemen
have giant ladders and climb up
and down poles. They're like...
messengers... carrier pigeons...
between heaven and earth.","Scene: Jackie explains to Ben the symbolic role of Firemen, with Jessica present."
180、EXT. JACKIE'S YARD - DAY,doc_179_chunk_7,You've turned her into you. And I may not get another chance. To turn her back.,
18、INT. JACKIE'S KITCHEN - MORNING,doc_17_chunk_5,I'm sure that didn't upset her. Everyone in our family takes showers.,
177、EXT. PARK - DAY,doc_176_chunk_8,"Somehow, his blanket always looked like a cape, even the nurse said that. He loves to hear that story, over and over. How he was born a magician.",
177、EXT. PARK - DAY,doc_176_chunk_8,Took 28 hours. She just wasn't sure about entering this world.,
172、INT. ANNABELLE'S ROOM - MOMENTS LATER,doc_171_chunk_4,I've been thinking about our little Brad problem? And I think it's time we move to Plan B...,"Scene at clinic window: Jackie speaks on the phone, discussing a plan regarding Brad with Annabelle."
172、INT. ANNABELLE'S ROOM - MOMENTS LATER,doc_171_chunk_4,"I know. I know how rough life can be. And how unfair. So here's what we do. Tomorrow, on the lunch yard, you walk straight up to that little jerk...",Scene at clinic window: Jackie comforts Annabelle and gives instructions on confronting Brad in the lunch yard.
177、EXT. PARK - DAY,doc_176_chunk_9,"The doctor wanted to go in and get her, but I knew she'd come in her own time.",
177、EXT. PARK - DAY,doc_176_chunk_9,That's who she is. Don't let anybody rush her.,
177、EXT. PARK - DAY,doc_176_chunk_9,What?,
170、INT. JACKIE'S FRONT DOOR - DUSK,doc_169_chunk_7,"You try to center on the big issues, y'know. What it's all about. What this whole trip has meant. But then, the really big issues keep swamping y...",Scene: Jackie sits on the floor and begins reflecting on big life issues while Rachel is present.
170、INT. JACKIE'S FRONT DOOR - DUSK,doc_169_chunk_7,"You don't have any pot, I s'pose?",Scene: Jackie asks Rachel for pot after receiving cigarettes and matches from her.
170、INT. JACKIE'S FRONT DOOR - DUSK,doc_169_chunk_7,The primo stuff is great for pain.,"Scene: Jackie comments on the quality of marijuana for pain relief, speaking to Rachel."
18、INT. JACKIE'S KITCHEN - MORNING,doc_17_chunk_8,You got to hell!,"Scene: In a room, Jackie responds to Rachel's complaint about a schedule and then storms out."
180、EXT. JACKIE'S YARD - DAY,doc_179_chunk_3,You are defending what you did?,
180、EXT. JACKIE'S YARD - DAY,doc_179_chunk_3,You put filth in my child's mouth.,
180、EXT. JACKIE'S YARD - DAY,doc_179_chunk_3,You had her lie about that... that fancy-boy model!,
166、EXT. YARD - DAY,doc_165_chunk_4,"Ben! Mommy's so glad to see you -- Now
stop climbing!","Scene where Ben is climbing a tree and branches are snapping; Jackie is speaking to her son Ben, urging him to stop."
166、EXT. YARD - DAY,doc_165_chunk_4,Ben listen to me...,"Scene where Ben continues climbing despite Jackie's warning; Jackie is speaking to her son Ben, trying to get his attention."
166、EXT. YARD - DAY,doc_165_chunk_4,Where Ben?,"Scene where Ben says he has to get somewhere; Jackie is speaking to her son Ben, asking where he needs to go."
166、EXT. YARD - DAY,doc_165_chunk_4,Ben where do you have to get to?,"Scene where Ben says he has to get somewhere before Jackie; Jackie is speaking to her son Ben, seeking clarification on his destination."
177、EXT. PARK - DAY,doc_176_chunk_3,"Yes. I made the choice that was right for me. And I don't regret it. But even for me, there were days when I felt so lost, so invisible. And then I'd hate myself for the kids not being enough.",
177、EXT. PARK - DAY,doc_176_chunk_3,"I know you, huh? The car pools, the measles, the PTA. It's not gonna be enough for you in the long run. You have to think long term.",
166、EXT. YARD - DAY,doc_165_chunk_2,"I don't care if you're a dwarf, so long as you do your job.","Scene: In the sky on a crane, Jackie speaks to Jessica, the Firewoman, while being transported to rescue Ben."
166、EXT. YARD - DAY,doc_165_chunk_2,BEN! I'M COMING! STAY THERE! MOMMY'S COMING!,"Scene: In the sky on a crane, Jackie shouts to her son Ben while being lifted towards him."
166、EXT. YARD - DAY,doc_165_chunk_2,That's absolutely out of the question.,"Scene: In the sky on a crane, Jackie responds to Jessica's request to loosen her grip."
166、EXT. YARD - DAY,doc_165_chunk_2,BEN! I'M HERE!,"Scene: In the sky on a crane, Jackie shouts to her son Ben as she reaches him."
18、INT. JACKIE'S KITCHEN - MORNING,doc_17_chunk_7,Oh and I don't because I have a children?! The problem is you're too self-involved to ever be a mother.,Scene or location not specified: Jackie argues with Rachel about motherhood and self-involvement.
18、INT. JACKIE'S KITCHEN - MORNING,doc_17_chunk_0,How do you hold down a job? It's 8:10. You were supposed to be here at 7:00. She's missed her sunrise Groom'n Ride.,"Scene or location unspecified: Jackie confronts Rachel about being late, mentioning a missed riding lesson for Annabelle."
184、INT. JACKIE'S BEDROOM,doc_183_chunk_0,,
182、INT. BAR - NIGHT,doc_181_chunk_5,Trade you a smoke. For a secret.,"Scene: In a public place, Jackie speaks to Rachel during an emotional conversation about regret and ability."
182、INT. BAR - NIGHT,doc_181_chunk_3,"No, there isn't.",
182、INT. BAR - NIGHT,doc_181_chunk_3,What do you see? Down that road.,
180、EXT. JACKIE'S YARD - DAY,doc_179_chunk_9,"You
are gonna be taking Ben's training
wheels off.
You
are the one my little
girl will confess her first
love
to.
You will see them
married
, you will
play with their
babies
, you fucking
BITCH, I hate your GUTS!",
167、INT. BEN'S BEDROOM - NIGHT,doc_166_chunk_1,Annabelle...wake up honey...,"Scene: In Annabelle's bedroom at night, Jackie wakes her daughter. Topic: Waking Annabelle up."
167、INT. BEN'S BEDROOM - NIGHT,doc_166_chunk_1,Nothing sweetheart.,"Scene: In Annabelle's bedroom at night, Jackie reassures her daughter. Topic: Reassuring Annabelle that nothing is wrong."
167、INT. BEN'S BEDROOM - NIGHT,doc_166_chunk_1,I got Ginny Weintraub to come stay with Ben.,"Scene: In Annabelle's bedroom at night, Jackie speaks to Annabelle. Topic: Arranging for someone to stay with Ben."
167、INT. BEN'S BEDROOM - NIGHT,doc_166_chunk_1,How'd you like to go someplace special with me? Right now.,"Scene: In Annabelle's bedroom at night, Jackie speaks to Annabelle. Topic: Inviting Annabelle to go somewhere special immediately."
182、INT. BAR - NIGHT,doc_181_chunk_10,And your fear is. She'll be thinking. I wish Mom were here.,
182、INT. BAR - NIGHT,doc_181_chunk_10,And mine is. She won't.,
18、INT. JACKIE'S KITCHEN - MORNING,doc_17_chunk_1,We don't have any coffee.,"Scene: In a house or shared space, Jackie responds to Rachel's request for coffee."
18、INT. JACKIE'S KITCHEN - MORNING,doc_17_chunk_1,What happened with Annabelle? Has nothing I said gotten through to you?,"Scene: In a house or shared space, Jackie confronts Rachel about Annabelle's behavior."
180、EXT. JACKIE'S YARD - DAY,doc_179_chunk_8,"You've got a point there, for a change. Oh, yes you do.",
180、EXT. JACKIE'S YARD - DAY,doc_179_chunk_8,"You didn't get morning sickness for seven months, you didn't breast feed till your nipples fell off, you didn't spend every minute of every day thinking and planning and knowing that your decisions were shaping the people",
180、EXT. JACKIE'S YARD - DAY,doc_179_chunk_6,"Well, that's what parenting is about, little girl. They are pleading to know how they are supposed to do it. And you sure as hell showed her.",
180、EXT. JACKIE'S YARD - DAY,doc_179_chunk_6,And there will come another moment. When the stakes are really there. And she will look back on this. And remember how good it felt. How easy it was.,
182、INT. BAR - NIGHT,doc_181_chunk_6,"You know, I lost Ben awhile back? In a supermarket.",
182、INT. BAR - NIGHT,doc_181_chunk_6,I lost him. I was panicked.,
18、INT. JACKIE'S KITCHEN - MORNING,doc_17_chunk_4,"a ridiculously expensive and inappropriate item, which her father and I have already told her she is far too young to own. But you apparently want to buy her forgiveness, with...",
18、INT. JACKIE'S KITCHEN - MORNING,doc_17_chunk_4,How much time have you got? Let's start with this morning. Why did she run from this room?,
170、INT. JACKIE'S FRONT DOOR - DUSK,doc_169_chunk_8,"So. She ignores this little Kovitsky
punk, takes the high moral ground...","Scene: Jackie is speaking to Rachel, discussing someone's response to a person referred to as a 'Kovitsky punk'."
170、INT. JACKIE'S FRONT DOOR - DUSK,doc_169_chunk_8,"He's relentless. A
major
asshole.","Scene: Jackie continues speaking to Rachel, describing someone negatively."
170、INT. JACKIE'S FRONT DOOR - DUSK,doc_169_chunk_8,What else? Keep on keepin' on.,Scene: Jackie responds to Rachel's question about what was said.
170、INT. JACKIE'S FRONT DOOR - DUSK,doc_169_chunk_8,"She has to stick with it. Have
the patience, the guts, to ignore
the pain. You disagree?","Scene: Jackie speaks to Rachel, emphasizing the need for perseverance and emotional strength, questioning Rachel's opinion."
190、INT. BALLROOM - NIGHT,doc_189_chunk_1,You're not gonna talk,
182、INT. BAR - NIGHT,doc_181_chunk_1,Thanks for coming out.,
182、INT. BAR - NIGHT,doc_181_chunk_1,Luke called. He says you're checking out. Of the Heartbreak Hotel.,
182、INT. BAR - NIGHT,doc_181_chunk_1,"She likes a Stolie, no ice.",
182、INT. BAR - NIGHT,doc_181_chunk_1,What's this about? Because we fought?,
184、INT. JACKIE'S BEDROOM,doc_183_chunk_5,So what do you think we're gonna talk about?,
184、INT. JACKIE'S BEDROOM,doc_183_chunk_5,The secret of it. That only magicians. Can ever understand.,
182、INT. BAR - NIGHT,doc_181_chunk_11,Now that's enough fear for either one of us to kill the other. And no jury in the world would convict.,
182、INT. BAR - NIGHT,doc_181_chunk_11,"We're guilty, girl. Of being human. And we can't forgive ourselves.",
182、INT. BAR - NIGHT,doc_181_chunk_11,But I forgive you.,
18、INT. JACKIE'S KITCHEN - MORNING,doc_17_chunk_6,Did you or Luke talk to her about it afterwards?,
18、INT. JACKIE'S KITCHEN - MORNING,doc_17_chunk_6,You mean for you. A 10-year-old girl is coping with the fact that her father is never coming back to live with his family. She sees her father naked with another woman for the first time. And you think it's best for her if everyone pretends it didn't happen? (turning away) This isn't going to work out.,
184、INT. JACKIE'S BEDROOM,doc_183_chunk_4,"Oh, look at this.",
184、INT. JACKIE'S BEDROOM,doc_183_chunk_4,That's you and me. Our first photo as a couple.,
184、INT. JACKIE'S BEDROOM,doc_183_chunk_4,This,
186、INT. JACKIE'S BEDROOM,doc_185_chunk_1,"There's an amazing thing when a woman has a daughter. One day you look up, and you see...a sister. Someone. You can say. Anything to. Anything.",
23、EXT. JACKIE'S HOUSE - DAY,doc_22_chunk_0,You paged us?,"Jackie is on her cellular phone, speaking to Luke while herding kids toward a circus tent."
23、EXT. JACKIE'S HOUSE - DAY,doc_22_chunk_2,"Don't tell me. Another machine ate
another
message? Boy, there's a
lot",
182、INT. BAR - NIGHT,doc_181_chunk_4,"Come on, a wuss like me? The stiff
who wouldn't help her own daughter
fight back?","Scene in which Jackie is speaking with Rachel about personal guilt or regret, possibly in a restaurant or public setting where a waitress has just served them."
182、INT. BAR - NIGHT,doc_181_chunk_4,"Well, maybe you weren't.","Continuation of the conversation with Rachel, responding to Rachel's admission of possibly being wrong about Jackie's past actions."
28、INT. POLICE STATION - DAY,doc_27_chunk_0,Ben! Oh my Ben! Are you alright?,Police station: Jackie speaks to Ben after finding him sitting with two policemen.
23、EXT. JACKIE'S HOUSE - DAY,doc_22_chunk_3,"Think twice. Before you
ever
pull
that again.","Phone conversation; Jackie speaks to Rachel, warning her after a prior incident."
29、INT. AUDITORIUM - THAT EVENING,doc_28_chunk_1,Shhhhhh!,"Scene: Jackie is with Rachel and Ben, likely in a theater or performance setting; she hushes Rachel during a performance by children."
182、INT. BAR - NIGHT,doc_181_chunk_7,I was running around like a chicken with my head chopped off. Doing my imitation of you.,Scene involving Jackie and Rachel; Jackie describes her frantic behavior while recounting a past event.
182、INT. BAR - NIGHT,doc_181_chunk_7,"He only remembers I found him. My point is, telling you this story would have been the kindest, most helpful thing I could ever have done for you.",Scene involving Jackie and Rachel; Jackie explains her reasoning for sharing a personal story.
180、EXT. JACKIE'S YARD - DAY,doc_179_chunk_5,Mine. Is a little different. Right there. At the swing. In her face.,
180、EXT. JACKIE'S YARD - DAY,doc_179_chunk_5,"See, in that crisis, I saw an opportunity. For some real growth.",
180、EXT. JACKIE'S YARD - DAY,doc_179_chunk_5,Shut the fuck up. I didn't go behind your back. The one scored.,"Speaking to Rachel, defending her actions during a confrontation."
180、EXT. JACKIE'S YARD - DAY,doc_179_chunk_5,"Doing the right thing. Knowing who you are, inside. Not caving to peer pressure, or lowering yourself to that level, steering your own course...","Speaking to Rachel, reflecting on personal integrity and choices."
30、EXT. AUDITORIUM FOYER - NIGHT,doc_29_chunk_0,Annabelle doesn't really want to talk to you right now.,"Scene: Jackie speaks to Luke and Rachel as Annabelle becomes upset and starts to cry, with Ben observing."
180、EXT. JACKIE'S YARD - DAY,doc_179_chunk_1,"Now we're going to have a fight, you and I.",Scene: Confrontation between Jackie and Rachel; topic is an impending fight.
180、EXT. JACKIE'S YARD - DAY,doc_179_chunk_1,And I'm going to win.,Scene: Confrontation between Jackie and Rachel; topic is Jackie's confidence in winning the fight.
180、EXT. JACKIE'S YARD - DAY,doc_179_chunk_1,"Now, 'limp dick', I know. What. Is 'snowballing'?",Scene: Jackie interrogating Rachel; topic is the meaning of 'snowballing'.
180、EXT. JACKIE'S YARD - DAY,doc_179_chunk_1,"Because there'll be, oh, 20 or mothers phoning me in the next hour or so. And they'll b...",Scene: Jackie speaking to Rachel; topic is mothers calling her about an issue.
30、EXT. AUDITORIUM FOYER - NIGHT,doc_29_chunk_4,I am not here to make it easier for you. These are my children. They don't want to,
184、INT. JACKIE'S BEDROOM,doc_183_chunk_1,Just want to be a little sharper. For a few minutes. A few minutes.,
184、INT. JACKIE'S BEDROOM,doc_183_chunk_1,"Some things to say. To the kids, huh?",
184、INT. JACKIE'S BEDROOM,doc_183_chunk_1,"Then, bring in the presents. We'll have big fun.",
184、INT. JACKIE'S BEDROOM,doc_183_chunk_1,Just sit me up. Nice and tall. Bring Benjamin first.,
32、EXT. JACKIE'S HOUSE - NIGHT,doc_31_chunk_2,And I'm supposed to care.,
30、EXT. AUDITORIUM FOYER - NIGHT,doc_29_chunk_1,"See? No one's laughing at you. Your friends want you to join them, Anna-belle. Corn is a very important part of the Harvest Produce. Now Ben, walk your sister over to the Yams.",
186、INT. JACKIE'S BEDROOM,doc_185_chunk_2,"I wrote a whole lot of letters. To each of you. And the envelope says when to open it. Like, which birthday. Or...when you get your driver's permit. First time you see Rome. Things like that. Things like that.",
186、INT. JACKIE'S BEDROOM,doc_185_chunk_2,"Keep Ben's for awhile, okay? Until he's old enough to not open them all at once.",
184、INT. JACKIE'S BEDROOM,doc_183_chunk_7,"The world.
Thinks
I'm gone. But
only the magician. Knows better.","Scene: Inside the secret, Jackie speaks to Ben about her presence being unknown to the world but known to the magician."
184、INT. JACKIE'S BEDROOM,doc_183_chunk_7,"Right here. Right here.
Inside
the magician. Shhhh.","Scene: Jackie whispers to Ben, revealing her presence inside the magician, as she places their hands over his heart."
186、INT. JACKIE'S BEDROOM,doc_185_chunk_4,What you're grown-up enough to know. Is that people. Can do two things at once. Okay?,
186、INT. JACKIE'S BEDROOM,doc_185_chunk_4,You can miss me. And. Take me with you.,
186、INT. JACKIE'S BEDROOM,doc_185_chunk_4,When you're in trouble. Have me there. When you fall in love. Have me there. You can.,
31、EXT. NORTH VALE STABLES - DAY,doc_30_chunk_1,"No, that's your fault. It's her fault for not watching over my precious son, as if it were her priority. Which means, the most important job.",
31、EXT. NORTH VALE STABLES - DAY,doc_30_chunk_0,"Lord Nelson, Napoleon's troops. I fear for the women and the property values.","Scene: Riding horses through a Fall landscape, Jackie speaks to her children, pointing out groundskeepers in the distance and imagining them as enemy troops."
180、EXT. JACKIE'S YARD - DAY,doc_179_chunk_4,So you became the hero. And I became the schmuck.,Scene: Confrontation between Jackie and Rachel; topic involves blame and differing approaches to handling a child's pain.
180、EXT. JACKIE'S YARD - DAY,doc_179_chunk_4,You taught my child that I am some limp dick loser. Who didn't care about her pain.,Scene: Confrontation between Jackie and Rachel; topic involves blame and differing approaches to handling a child's pain.
180、EXT. JACKIE'S YARD - DAY,doc_179_chunk_4,You think I didn't have some dirty words for that little putz? You think I couldn't figure out some low blows?,Scene: Confrontation between Jackie and Rachel; topic involves justification of actions and emotional defense.
180、EXT. JACKIE'S YARD - DAY,doc_179_chunk_4,"Well, maybe your version of growing up is 'Just win, baby'.",Scene: Confrontation between Jackie and Rachel; topic involves conflicting values and parenting philosophies.
35、INT. RADIOLOGY LAB - AFTERNOON,doc_34_chunk_0,Wait...what time is it?,"Scene: In a sterile room after an MRI procedure, Jackie speaks to a technician."
186、INT. JACKIE'S BEDROOM,doc_185_chunk_5,"That's how we go on, you know. Forever. Because someone takes us along.",
186、INT. JACKIE'S BEDROOM,doc_185_chunk_5,On your wedding night. When your babies are born. I want to be there. Will you take me?,
186、INT. JACKIE'S BEDROOM,doc_185_chunk_5,You made my life wonderful. You.,
186、INT. JACKIE'S BEDROOM,doc_185_chunk_5,"Take that with you, too.",
30、EXT. AUDITORIUM FOYER - NIGHT,doc_29_chunk_5,"A court
order
is gonna say that
woman
is
never
alone
with my children! Ever
again
! Do you HEAR that?","Scene where Jackie confronts Luke, poking his chest, about a court order preventing another woman from being alone with her children."
32、EXT. JACKIE'S HOUSE - NIGHT,doc_31_chunk_4,"One last chance, don't make me regret it...",
32、EXT. JACKIE'S HOUSE - NIGHT,doc_31_chunk_4,"...or you will, too.",
186、INT. JACKIE'S BEDROOM,doc_185_chunk_3,Are you afraid for me? Where I'm going.,Scene or location not specified: Jackie speaks with Annabelle about her impending departure.
186、INT. JACKIE'S BEDROOM,doc_185_chunk_3,Don't be. I'm going. Where we all go. Now how can that be bad.,Scene or location not specified: Jackie reassures Annabelle about her destination.
186、INT. JACKIE'S BEDROOM,doc_185_chunk_3,Good. That's very good.,Scene or location not specified: Jackie responds to Annabelle expressing she will miss her.
23、EXT. JACKIE'S HOUSE - DAY,doc_22_chunk_1,"Just outside the big top, we'realmo...",
23、EXT. JACKIE'S HOUSE - DAY,doc_22_chunk_1,"At the Big Apple Circus, it's the
only big top I know. I
said
I'd
get 'em back tonight...",
23、EXT. JACKIE'S HOUSE - DAY,doc_22_chunk_1,"...until the plan changed, when
Jessie's mom gave us these tickets.
What, Rachel. 'forgot' I told her?",
186、INT. JACKIE'S BEDROOM,doc_185_chunk_0,Don't. Take me with you.,"Scene: A private moment between mother and daughter, Jackie pleads with Annabelle not to leave."
186、INT. JACKIE'S BEDROOM,doc_185_chunk_0,Thank God. I got to see you. Grown up.,"Scene: A private moment between mother and daughter, Jackie expresses relief and emotion upon seeing Annabelle."
186、INT. JACKIE'S BEDROOM,doc_185_chunk_0,Let me be the judge of that.,"Scene: A private moment between mother and daughter, Jackie gently responds to Annabelle's claim that she hasn't grown up."
182、INT. BAR - NIGHT,doc_181_chunk_8,Why didn't I?,"Scene: In a tense conversation with Rachel, Jackie reflects on their past relationship."
182、INT. BAR - NIGHT,doc_181_chunk_8,We were competing. Even then. Yes we were.,"Scene: In a tense conversation with Rachel, Jackie reflects on their past relationship."
182、INT. BAR - NIGHT,doc_181_chunk_8,Instead of being partners. Watching each other's back. Seeing things were covered.,"Scene: In a tense conversation with Rachel, Jackie reflects on their past relationship."
182、INT. BAR - NIGHT,doc_181_chunk_8,"You're not scared you'll think you don't measure up. You're scared they'll think it. That's the JFK thing, yeh?","Scene: In a tense conversation with Rachel, Jackie reflects on their past relationship and public perception."
32、EXT. JACKIE'S HOUSE - NIGHT,doc_31_chunk_0,"You know, you can come inside the house.","Jackie is on the porch of her house, speaking to Luke who is on the front lawn."
32、EXT. JACKIE'S HOUSE - NIGHT,doc_31_chunk_0,Called him. We set an ap...,"Jackie is speaking to Luke on the front lawn, discussing a lawyer appointment."
184、INT. JACKIE'S BEDROOM,doc_183_chunk_6,"See, when we die. Our body goes away. Our body. But we ...we are not our body, are we?",
184、INT. JACKIE'S BEDROOM,doc_183_chunk_6,He doesn't know. Maybe he thought we were. If a soldier loses his legs in a war. Is he the same guy? Sure he is. But you can still see him. Half. Of him. This is so fucking hard. But her eyes stay dry. Dying. Is where the whole body goes away. So you can't see any of it. But,
184、INT. JACKIE'S BEDROOM,doc_183_chunk_6,What do magicians know? Leans forward. Here's the secret...,
184、INT. JACKIE'S BEDROOM,doc_183_chunk_8,"Always. Always. And you won't hear a voice. But in here. You'll know. What I'm saying. Yes, you will.",
184、INT. JACKIE'S BEDROOM,doc_183_chunk_8,"No, it isn't. Because it isn't everything. And we want every-thing, don't we?",
184、INT. JACKIE'S BEDROOM,doc_183_chunk_8,But God does let us keep the one best thing we have together. The one best thing we've always had. Know what it is?,
184、INT. JACKIE'S BEDROOM,doc_183_chunk_8,I love you. And you love me. It's worth a lot. Will you keep it?,
38、INT. RACHEL'S DARKROOM - MORNING,doc_37_chunk_2,So why did y,
38、INT. RACHEL'S DARKROOM - MORNING,doc_37_chunk_2,I have an appointment this after-noon. I need someone to take them to the park.,
182、INT. BAR - NIGHT,doc_181_chunk_9,What do I have that you don't?,"Scene: Conversation between Jackie and Rachel, discussing their roles and relationships; location not specified."
182、INT. BAR - NIGHT,doc_181_chunk_9,You're the hip and fresh.,"Scene: Conversation between Jackie and Rachel, discussing their roles and relationships; location not specified."
182、INT. BAR - NIGHT,doc_181_chunk_9,You'll learn.,"Scene: Conversation between Jackie and Rachel, discussing their roles and relationships; location not specified."
182、INT. BAR - NIGHT,doc_181_chunk_9,I have their past.,"Scene: Conversation between Jackie and Rachel, discussing their roles and relationships; location not specified."
182、INT. BAR - NIGHT,doc_181_chunk_9,You. Have their future.,"Scene: Conversation between Jackie and Rachel, discussing their roles and relationships; location not specified."
30、EXT. AUDITORIUM FOYER - NIGHT,doc_29_chunk_2,You listen carefully because I am only going to say this once. That woman has nothing more to do with my children.,"Scene: Confrontation with Luke, discussing the involvement of another woman in their children's lives."
30、EXT. AUDITORIUM FOYER - NIGHT,doc_29_chunk_2,Do you realize what could have happened to your son today? How lucky we are the police found him before some lunatic did? He could have been...,"Scene: Confrontation with Luke, reacting to their son being found by the police after going missing."
37、INT. JACKIE'S BATHROOM - NIGHT,doc_36_chunk_0,"Oh, I'm waiting on some news, that's all. Say. Can I ask you why you never asked me something you probably asked Daddy anyway?","Scene: Jackie is brushing Annabelle's hair; they are in a private, quiet setting, possibly a bedroom or bathroom. Jackie speaks to Annabelle while reflecting on personal matters."
40、INT. DOCTOR'S OFFICE - AFTERNOON,doc_39_chunk_4,Why would his worry? Or my children's worry. Or anyone's worry. Help the sit...,
40、INT. DOCTOR'S OFFICE - AFTERNOON,doc_39_chunk_1,"But the other time. You said you got
it all. So you could be wrong again.
One time, you say one thing, then...",
39、INT. STUDIO CORRIDOR - MORNING,doc_38_chunk_2,If I can ever repay your kindness. It would be my great pleasure.,
39、INT. STUDIO CORRIDOR - MORNING,doc_38_chunk_2,and your Ms. Kelly? A remarkable young woman.,
32、EXT. JACKIE'S HOUSE - NIGHT,doc_31_chunk_1,"You're saying, don't make the kids a football, don't put them through a war. But I'm doing this for their well-being.",Scene or location not specified: Jackie speaks with Luke about custody of the children and her motivations.
32、EXT. JACKIE'S HOUSE - NIGHT,doc_31_chunk_1,"Slugs. Have faster learning curves. Trees, even.","Scene or location not specified: Jackie continues the conversation with Luke, expressing frustration, likely about Rachel."
37、INT. JACKIE'S BATHROOM - NIGHT,doc_36_chunk_2,So why are you asking me?,"Scene: Jackie is speaking with Annabelle, who has just asked her a question about a topic she enjoys discussing."
37、INT. JACKIE'S BATHROOM - NIGHT,doc_36_chunk_2,"Same here, huh?","Scene: Jackie murmurs to Annabelle, possibly in response to shared feelings, while kissing her daughter's head."
44、INT. RACHEL'S AND LUKE'S LIVING ROOM - THAT NIGHT,doc_43_chunk_1,Look she's upset --,
40、INT. DOCTOR'S OFFICE - AFTERNOON,doc_39_chunk_0,I don't even know what that means. Spread. That is very unclear.,"Scene: Jackie is sitting with her hands in her lap, reacting to a female voice off-screen who has just delivered medical news about cancer cells found in her lymph nodes."
30、EXT. AUDITORIUM FOYER - NIGHT,doc_29_chunk_3,Not to me.,"Scene: Conversation with Luke, reacting to the idea of something happening to a child."
30、EXT. AUDITORIUM FOYER - NIGHT,doc_29_chunk_3,I'm not gonna wait around to see the next one. I'm not gonna watch my kids fall through the cracks of this arrangement. I'm seeing a lawyer.,"Scene: Conversation with Luke, discussing relationship issues and custody concerns."
30、EXT. AUDITORIUM FOYER - NIGHT,doc_29_chunk_3,"We've broken a lot of promises, haven't we Luke?","Scene: Conversation with Luke, reflecting on broken promises in their relationship."
40、INT. DOCTOR'S OFFICE - AFTERNOON,doc_39_chunk_5,"You don't burden others needlessly. That's how I was raised, Doctor.","Scene: In a medical or private setting, Jackie speaks with Dr. Sweikert about a personal matter."
31、EXT. NORTH VALE STABLES - DAY,doc_30_chunk_2,People like Rachel who only think about themselves often do make a lot of money.,"Scene: At home, Jackie is speaking with her son Ben about Rachel, discussing money and self-centered people."
31、EXT. NORTH VALE STABLES - DAY,doc_30_chunk_2,Yes...if you like big hair...,"Scene: At home, Jackie responds to her son Ben's comment about Rachel being pretty."
31、EXT. NORTH VALE STABLES - DAY,doc_30_chunk_2,What honey?,"Scene: At home, Jackie is speaking with her son Ben, who is seeking reassurance or guidance."
43、INT. FRENCH RESTAURANT - NIGHT,doc_42_chunk_3,Just not to me.,"Scene: At a restaurant during a tense conversation with Luke, discussing commitment and its implications on their relationship and children."
43、INT. FRENCH RESTAURANT - NIGHT,doc_42_chunk_1,"Annabelle showed me the new dress.
She's amazing in it.","Scene: At a restaurant, Jackie speaks to Luke after the waiter leaves, discussing Annabelle's new dress."
38、INT. RACHEL'S DARKROOM - MORNING,doc_37_chunk_0,"I'm sorry. Look, I'm not real comfortable being here, but...","Scene: Jackie enters a room where Rachel is present, leaving the door open; Jackie expresses discomfort about being there."
38、INT. RACHEL'S DARKROOM - MORNING,doc_37_chunk_0,I overhead what you told Annabelle. The lie.,Scene: Jackie confronts Rachel about overhearing a lie she told Annabelle; both have unreadable expressions.
38、INT. RACHEL'S DARKROOM - MORNING,doc_37_chunk_1,"I didn't need you to take the blame for me, I'm quite...",
38、INT. RACHEL'S DARKROOM - MORNING,doc_37_chunk_1,You're not terribly good at taking care of h...,
38、INT. RACHEL'S DARKROOM - MORNING,doc_37_chunk_1,Those are my children you're practicing on. They deserve first-rate care. Every minute. Of every night. And every day.,
40、INT. DOCTOR'S OFFICE - AFTERNOON,doc_39_chunk_2,But we can beat it.,
40、INT. DOCTOR'S OFFICE - AFTERNOON,doc_39_chunk_2,"People beat it, don't they? All the time.","Scene in a small, neatly kept office; Jackie is speaking with Dr. Sweikert about beating an illness."
32、EXT. JACKIE'S HOUSE - NIGHT,doc_31_chunk_3,Like you cared about me three years ago?,"Scene context not specified: Jackie speaks to Luke, referencing past events and their relationship."
32、EXT. JACKIE'S HOUSE - NIGHT,doc_31_chunk_3,"Maybe you should talk to your daughter, about why. She seems to have missed that part.","Scene context not specified: Jackie speaks to Luke, suggesting he talk to his daughter about an unmentioned issue."
32、EXT. JACKIE'S HOUSE - NIGHT,doc_31_chunk_3,Forget I said that.,Scene context not specified: Jackie softly retracts her previous statement while speaking to Luke.
39、INT. STUDIO CORRIDOR - MORNING,doc_38_chunk_1,I'd hate to think what might have happened.,
39、INT. STUDIO CORRIDOR - MORNING,doc_38_chunk_1,"She told me that you were so supportive, even at great inconvenience to your business, and...",
39、INT. STUDIO CORRIDOR - MORNING,doc_38_chunk_1,It's wonderful to see a successful man. With that sense of priorities.,
38、INT. RACHEL'S DARKROOM - MORNING,doc_37_chunk_3,However many. It's not enough.,
38、INT. RACHEL'S DARKROOM - MORNING,doc_37_chunk_3,"Fine, forget it.",
38、INT. RACHEL'S DARKROOM - MORNING,doc_37_chunk_3,"Bandaids for cuts. Bandaids for new shoe blisters. Packet of Wash n Dri's. Kleenex. Sugar free lollipops, potty seat covers for public restrooms...",
51、EXT. JACKIE'S HOUSE - DAY,doc_50_chunk_2,Well. It's for you.,
37、INT. JACKIE'S BATHROOM - NIGHT,doc_36_chunk_1,Daddy was washing Rachel. In the shower. What did you think that was about?,
37、INT. JACKIE'S BATHROOM - NIGHT,doc_36_chunk_1,"Well, not exactly s...",
37、INT. JACKIE'S BATHROOM - NIGHT,doc_36_chunk_1,Scream.,
37、INT. JACKIE'S BATHROOM - NIGHT,doc_36_chunk_1,How would you know sh...,
37、INT. JACKIE'S BATHROOM - NIGHT,doc_36_chunk_1,...why do you think?,
39、INT. STUDIO CORRIDOR - MORNING,doc_38_chunk_0,"Mr. Samuels? Forgive the intrusion,
I'm Jacqueline Harrison, and...","Scene: Duncan's office, Jackie speaks to Mr. Samuels in front of a client, introducing herself."
39、INT. STUDIO CORRIDOR - MORNING,doc_38_chunk_0,"...well, I just wanted to thank you.
For your generosity.","Scene: Duncan's office, Jackie speaks to Mr. Samuels, expressing gratitude."
22、INT. SCHOOL HALLWAY,doc_21_chunk_0,Machines do not EAT message.,Scene: Confrontation with Rachel; Jackie expresses anger over a broken promise.
22、INT. SCHOOL HALLWAY,doc_21_chunk_0,"Of all the
cheap
excuses. To break a
child's heart.
The jury is in. There is no appeal.",Scene: Confrontation with Rachel; Jackie condemns Rachel for hurting her child.
22、INT. SCHOOL HALLWAY,doc_21_chunk_0,"Don't worry, sweetie, there's still
the Harvest Pageant. And you are
the
lead
vegetable...",Scene: Comforting her daughter after the confrontation; topic is the Harvest Pageant.
22、INT. SCHOOL HALLWAY,doc_21_chunk_0,"And nothing. And
no
one
. Can
keep me away.",Scene: Final statement of determination after the confrontation; speaking in front of Luke and Rachel.
44、INT. RACHEL'S AND LUKE'S LIVING ROOM - THAT NIGHT,doc_43_chunk_3,Daddy and I tried hard. We really did.,"Scene: In a room, Jackie speaks to Ben during a family argument about their relationship and efforts to stay together."
43、INT. FRENCH RESTAURANT - NIGHT,doc_42_chunk_2,"Tell me exactly how you're different
from three years ago? The music
sounds kind of the same from where
I'm sitting.",Scene: Jackie speaks to Luke after he announces his intention to marry Rachel; the conversation centers on his personal growth and past behavior.
46、INT. LIVING ROOM - CONTINUOUS,doc_45_chunk_2,That happens. To families.,
46、INT. LIVING ROOM - CONTINUOUS,doc_45_chunk_2,I'm counting on it.,
54、INT. HOSPITAL ROOM - NEW YORK - DUSK,doc_53_chunk_5,That I do. Always will.,
56、INT. SUPERMARKET MANAGER'S STATION - DAY,doc_55_chunk_2,You got that right.,
46、INT. LIVING ROOM - CONTINUOUS,doc_45_chunk_0,Annabelle...Rachel's not taking my place as your mother -- it's just Daddy's chance to be happy again. Isn't that what we all want for each other?,
46、INT. LIVING ROOM - CONTINUOUS,doc_45_chunk_0,Come. Sit.,
38、INT. RACHEL'S DARKROOM - MORNING,doc_37_chunk_4,Ben likes to be read to. Do you know Dr. Seuss...?,
38、INT. RACHEL'S DARKROOM - MORNING,doc_37_chunk_4,Do you have a word limit you need to hit every day or can I finish?,
38、INT. RACHEL'S DARKROOM - MORNING,doc_37_chunk_4,Here's their schedule for this afternoon. I'll meet you at the park at five. All I ask is that they're alive when I get there.,
38、INT. RACHEL'S DARKROOM - MORNING,doc_37_chunk_4,Thank you.,
51、EXT. JACKIE'S HOUSE - DAY,doc_50_chunk_3,"Just because. Just because I love
you. Go ahead...",
51、EXT. JACKIE'S HOUSE - DAY,doc_50_chunk_3,"Hey. At least it's not an editing
machine.",
57、EXT. SOCCER FIELD - 3 O'CLOCK PRACTICE,doc_56_chunk_4,"make some trips into the city. Sometimes, overnight.",
51、EXT. JACKIE'S HOUSE - DAY,doc_50_chunk_1,"It's okay, it's twenty minutes. The horse'll be there.",
51、EXT. JACKIE'S HOUSE - DAY,doc_50_chunk_1,That is so pretty. You usually only see that color in people's teeth.,
44、INT. RACHEL'S AND LUKE'S LIVING ROOM - THAT NIGHT,doc_43_chunk_0,The great thing about life is that things keep changing.,"Scene: Sitting on a couch with Luke, looking towards the children; discussing life changes."
44、INT. RACHEL'S AND LUKE'S LIVING ROOM - THAT NIGHT,doc_43_chunk_0,And we all went through that together?,"Scene: Sitting on a couch with Luke, referring to the past divorce; speaking in the context of family history."
40、INT. DOCTOR'S OFFICE - AFTERNOON,doc_39_chunk_3,So we'll...radiate some more?,
40、INT. DOCTOR'S OFFICE - AFTERNOON,doc_39_chunk_3,"That's necessary, huh?",
40、INT. DOCTOR'S OFFICE - AFTERNOON,doc_39_chunk_3,I guess a no-hair day beats a bad-hair day.,
40、INT. DOCTOR'S OFFICE - AFTERNOON,doc_39_chunk_3,"I have to get dressed. My ex-husband has asked me to dinner. God knows why, he was very mysteri...",
55、INT. SUPERMARKET - DAY,doc_54_chunk_0,Thursday's fine...,"Scene in a grocery store; Jackie is shopping with her son Ben, who is asking her questions about family roles and names."
57、EXT. SOCCER FIELD - 3 O'CLOCK PRACTICE,doc_56_chunk_5,"Let's...hold up for a bit. It may not happen. Our secret, okay? A little strange.",
56、INT. SUPERMARKET MANAGER'S STATION - DAY,doc_55_chunk_1,YYYAAAAAAAHHH!,
56、INT. SUPERMARKET MANAGER'S STATION - DAY,doc_55_chunk_1,"ARE YOU CRAZY, YOU COULD SUFFOCATE IN THERE!!!",
54、INT. HOSPITAL ROOM - NEW YORK - DUSK,doc_53_chunk_6,"I'm fine, ba...",
54、INT. HOSPITAL ROOM - NEW YORK - DUSK,doc_53_chunk_6,Nope.,
54、INT. HOSPITAL ROOM - NEW YORK - DUSK,doc_53_chunk_6,We can only have two.,
6、INT. JACKIE'S VOLVO STATION WAGON - EARLY MORNING,doc_5_chunk_4,I hate to say goodbye.,
54、INT. HOSPITAL ROOM - NEW YORK - DUSK,doc_53_chunk_2,"You'll be up to your armpits in
meatballs, I'm flying them in
from Sweden.",
54、INT. HOSPITAL ROOM - NEW YORK - DUSK,doc_53_chunk_2,"Not a lot, sweetie. It's a country.
Like Canada. Only smaller.",
43、INT. FRENCH RESTAURANT - NIGHT,doc_42_chunk_4,To make it easier for them or you?,
43、INT. FRENCH RESTAURANT - NIGHT,doc_42_chunk_4,You can't be an 'us' just when you want to. You can't play that card when it's convenient.,
43、INT. FRENCH RESTAURANT - NIGHT,doc_42_chunk_4,WE are over.,
43、INT. FRENCH RESTAURANT - NIGHT,doc_42_chunk_4,No. You think this is going to help the kids then you do it. You're on your own.,
58、INT. EMERGENCY ROOM - DAY,doc_57_chunk_3,It is. It's about time.,Scene: Jackie is present while Rachel and Ben are singing; she responds to Luke's comment about the moment being nice.
6、INT. JACKIE'S VOLVO STATION WAGON - EARLY MORNING,doc_5_chunk_3,Lava's hateable. I never thought of that.,
6、INT. JACKIE'S VOLVO STATION WAGON - EARLY MORNING,doc_5_chunk_3,Excellent point.,
58、INT. EMERGENCY ROOM - DAY,doc_57_chunk_6,"You know what happens to spaghetti
when it waits around for you too
long?",
58、INT. EMERGENCY ROOM - DAY,doc_57_chunk_6,Pray. We never find out.,
54、INT. HOSPITAL ROOM - NEW YORK - DUSK,doc_53_chunk_3,"I'm somewhere, thinking of you. And meatballs. And you know what?",
54、INT. HOSPITAL ROOM - NEW YORK - DUSK,doc_53_chunk_3,"Of course, you do. Being magic. Then you know I've got a flu bug, and I turn green and barf profusely when I even think about food. So, all the more meatballs for you. But you know what.",
57、EXT. SOCCER FIELD - 3 O'CLOCK PRACTICE,doc_56_chunk_2,Anxiety.,
57、EXT. SOCCER FIELD - 3 O'CLOCK PRACTICE,doc_56_chunk_2,She was angry at herself.,
57、EXT. SOCCER FIELD - 3 O'CLOCK PRACTICE,doc_56_chunk_2,Yes?,
57、EXT. SOCCER FIELD - 3 O'CLOCK PRACTICE,doc_56_chunk_2,"I'll keep it in mind, and use it against you.","Scene: Playing a game, Jackie responds to Rachel's observation about hair twisting."
62、INT. JACKIE'S KITCHEN - NIGHT,doc_61_chunk_2,My boss.,
62、INT. JACKIE'S KITCHEN - NIGHT,doc_61_chunk_2,You WHAT?,
54、INT. HOSPITAL ROOM - NEW YORK - DUSK,doc_53_chunk_1,"Hey, good-lookin', I was just
thinking about calling y...","Phone conversation, scene not numbered: Jackie speaks to Ben from a distance, initiating a personal call."
54、INT. HOSPITAL ROOM - NEW YORK - DUSK,doc_53_chunk_1,"Honey, this is Thursday. I pick you
up tomorrow, and we do
big
spaghetti.","Phone conversation, scene not numbered: Jackie clarifies plans with Ben about picking him up and having spaghetti."
52、EXT. NORTH VALE STABLES - DAY,doc_51_chunk_0,Like a big sister.,Scene: Riding together; Jackie responds to Annabelle's comment about someone being knowledgeable and youthful.
52、EXT. NORTH VALE STABLES - DAY,doc_51_chunk_0,I bet.,Scene: Riding together; Jackie responds to Annabelle's comment about someone being cool when you get to know her.
52、EXT. NORTH VALE STABLES - DAY,doc_51_chunk_0,Secret's safe with me.,Scene: Riding together; Jackie responds to Annabelle's request to keep a secret.
6、INT. JACKIE'S VOLVO STATION WAGON - EARLY MORNING,doc_5_chunk_1,I noticed a whopping pile of laundry sitting on the washer -- perhaps Rachel's underpants are in there -- Now where are your lunches?,"Scene: Jackie is speaking to Ben and Annabelle in a kitchen or similar setting, addressing laundry and preparing their lunches."
51、EXT. JACKIE'S HOUSE - DAY,doc_50_chunk_4,I hope it's the right kind.,"Scene: Jackie gives Annabelle a video editor as a gift; Annabelle is emotional and hugs her. Jackie speaks to Annabelle and possibly Rachel, expressing hope that the gift is the right one."
51、EXT. JACKIE'S HOUSE - DAY,doc_50_chunk_4,"Well, I thought. You know, why wait?","Scene: Jackie gives Annabelle a video editor as a gift; Annabelle is emotional and hugs her. Jackie responds to Annabelle's reaction, explaining her reasoning for giving the gift."
62、INT. JACKIE'S KITCHEN - NIGHT,doc_61_chunk_5,Really. By what right? Six months of part-time screw-ups?,"Scene: Jackie confronts Rachel about her relationship with the kids, challenging her claim to them."
41、INT. JACKIE'S BATHROOM - DUSK,doc_40_chunk_1,Because it's quiet. And he wants to talk.,
41、INT. JACKIE'S BATHROOM - DUSK,doc_40_chunk_1,Probably you -- your brother -- school -- The solar system...The usual...,Scene: Jackie is applying mascara while talking to Annabelle about topics she might discuss with someone.
41、INT. JACKIE'S BATHROOM - DUSK,doc_40_chunk_1,I'm a little tired and it's just a pick-me-up.,Scene: Jackie is applying mascara and explaining to Annabelle why she is wearing makeup.
41、INT. JACKIE'S BATHROOM - DUSK,doc_40_chunk_1,"Well Daddy and I are just friends now, and that's no reason not to wear mascara...","Scene: Jackie responds to Annabelle's comment about wearing mascara, clarifying her relationship with Daddy."
62、INT. JACKIE'S KITCHEN - NIGHT,doc_61_chunk_12,Drink your tea while I go vomit.,
62、INT. JACKIE'S KITCHEN - NIGHT,doc_61_chunk_12,"You love my kids, that's a start. (nods) We'll work on it.",
56、INT. SUPERMARKET MANAGER'S STATION - DAY,doc_55_chunk_0,I looked away for one second... Just one second...he's...he's...,Scene at a store front near the Bakery; Jackie is speaking with a Policeman and Store Manager about her missing son.
56、INT. SUPERMARKET MANAGER'S STATION - DAY,doc_55_chunk_0,He's my son! He looks like his father! His name is Ben -- he answers to Harry --,Scene at a store front near the Bakery; Jackie is speaking with a Policeman and Store Manager about her missing son.
62、INT. JACKIE'S KITCHEN - NIGHT,doc_61_chunk_9,"I exercise, I eat the healthiest foods, you live on pork rinds and Ho-Ho's, and I've got cancer!",
57、EXT. SOCCER FIELD - 3 O'CLOCK PRACTICE,doc_56_chunk_1,Pushing her hair over her eyes. Means she's avoiding a confrontation.,"Scene: Jackie observes Annabelle and speaks to Rachel about her behavior, interpreting body language."
57、EXT. SOCCER FIELD - 3 O'CLOCK PRACTICE,doc_56_chunk_1,"If she's twirling it, she's playing something out in her mind. If she's stopped combing it, she might be depressed...","Scene: Jackie continues explaining Annabelle's hair-related behaviors to Rachel, interpreting emotional states."
62、INT. JACKIE'S KITCHEN - NIGHT,doc_61_chunk_7,"Charlie Drummond used to be a colleague at Random House. I'm crashing at her place, while I take some new protein injections my oncologist recommended. I can only get them in San Francisco.",
62、INT. JACKIE'S KITCHEN - NIGHT,doc_61_chunk_3,Nobody likes a snoop.,
62、INT. JACKIE'S KITCHEN - NIGHT,doc_61_chunk_3,"I'd have thought this was the answer to your prayers. Lose the witch, and her two brats, in one swoop. Problems solved.",
64、INT. BAR - EVENING,doc_63_chunk_2,I live or I die.,
64、INT. BAR - EVENING,doc_63_chunk_2,My compliments. On your learning curve.,
67、INT. JACKIE'S BEDROOM - NIGHT,doc_66_chunk_3,And...?,
64、INT. BAR - EVENING,doc_63_chunk_0,I thought a phone call was inappropriate.,
64、INT. BAR - EVENING,doc_63_chunk_0,"I could have taken you to that restaurant, but it would have been a waste of money.",
67、INT. JACKIE'S BEDROOM - NIGHT,doc_66_chunk_1,"I'm not deaf, y'know.",
6、INT. JACKIE'S VOLVO STATION WAGON - EARLY MORNING,doc_5_chunk_0,it's really not so bad Annabelle -- Red and Blue make purple.,"Scene: Driving in Englewood, New Jersey; Jackie is speaking to Annabelle about colors."
6、INT. JACKIE'S VOLVO STATION WAGON - EARLY MORNING,doc_5_chunk_0,"I know you don't, but if you had, chromatically you are in the purple family.","Scene: Driving in Englewood, New Jersey; Jackie is speaking to Annabelle about colors."
54、INT. HOSPITAL ROOM - NEW YORK - DUSK,doc_53_chunk_4,"Do me a favor? Eat it, and then
give me a secret report, okay? Pay particular attention to whether it's
chewy and if it tastes more like
chocolate or soup.",Scene involving a meal; Jackie speaks to Ben about eating lamb and giving her feedback on its texture and taste.
54、INT. HOSPITAL ROOM - NEW YORK - DUSK,doc_53_chunk_4,"Hey, that's a world-class laugh
you got there. Can I all you
sometime? If I fell blue.",Jackie speaks to Ben after hearing him laugh; she comments on his laugh and expresses a desire to call him when she feels sad.
58、INT. EMERGENCY ROOM - DAY,doc_57_chunk_4,Stop. You're making me insecure.,"Scene: In a room, Jackie is speaking with Luke during a personal conversation about her."
58、INT. EMERGENCY ROOM - DAY,doc_57_chunk_4,It's temporary.,"Scene: In a room, Jackie responds to Luke commenting on her changed hair."
58、INT. EMERGENCY ROOM - DAY,doc_57_chunk_4,Not the term I'd use.,"Scene: In a room, Jackie responds to Luke's joke about a mid-life crisis."
69、INT. ELEMENTARY SCHOOL COMMON ROOM - NIGHT,doc_68_chunk_3,"Oh, my God.",
69、INT. ELEMENTARY SCHOOL COMMON ROOM - NIGHT,doc_68_chunk_4,She's devastated.,
70、INT. JACKIE'S KITCHEN - DAY,doc_69_chunk_3,Nope.,
58、INT. EMERGENCY ROOM - DAY,doc_57_chunk_5,"Never stand between that kid and
a meatball.",
58、INT. EMERGENCY ROOM - DAY,doc_57_chunk_5,"Yeh, better I should forcefeed
him burnt lamb and...couscous,
was it she made him? Boy, kids
go wild for that.",
58、INT. EMERGENCY ROOM - DAY,doc_57_chunk_5,"I'll drop him at Tucker's party
Saturday, if one of you guys can
pick him up. I have to go into
the City.",
46、INT. LIVING ROOM - CONTINUOUS,doc_45_chunk_1,But we do have a choice. To make it better. Instead of worse.,Scene or location unspecified: Jackie speaks to Annabelle about making life better despite difficulties.
46、INT. LIVING ROOM - CONTINUOUS,doc_45_chunk_1,Like seeing the good side of Rachel. So she'll see the good side of us.,"Scene or location unspecified: Jackie continues speaking to Annabelle, suggesting a positive approach toward Rachel."
46、INT. LIVING ROOM - CONTINUOUS,doc_45_chunk_1,Because I'm looking ahead. And you know what I see...?,"Scene or location unspecified: Jackie speaks to Annabelle, indicating she has a vision for the future."
46、INT. LIVING ROOM - CONTINUOUS,doc_45_chunk_1,Time will come. When we all need to be there. For each other.,Scene or location unspecified: Jackie speaks to Annabelle about future mutual support.
69、INT. ELEMENTARY SCHOOL COMMON ROOM - NIGHT,doc_68_chunk_2,"...going out, yeh. I had kids of my own, once.",
62、INT. JACKIE'S KITCHEN - NIGHT,doc_61_chunk_6,"Sure, I could. If I was looking for one.","Scene: Jackie is speaking to Rachel about publishing houses in New York, clarifying that she is not seeking one."
62、INT. JACKIE'S KITCHEN - NIGHT,doc_61_chunk_6,"You're a moron, kid. You guessed the wrong secret.","Scene: Jackie is speaking to Rachel, expressing frustration and revealing that Rachel misunderstood something important."
70、INT. JACKIE'S KITCHEN - DAY,doc_69_chunk_4,Maybe.,
62、INT. JACKIE'S KITCHEN - NIGHT,doc_61_chunk_1,"Okay, what is this? If you want to dump Luke on me, no sale. You're stuck with him.","Scene: Jackie confronts someone, likely Rachel, about taking care of Luke; the conversation takes place before Jackie sits down."
62、INT. JACKIE'S KITCHEN - NIGHT,doc_61_chunk_1,I don't know wh...,Scene: Jackie reacts in shock after Rachel reveals she knows a secret; they are discussing hidden tickets and a note from Jackie's new boss.
67、INT. JACKIE'S BEDROOM - NIGHT,doc_66_chunk_0,I can't hear you.,"In a bedroom, Jackie is speaking to Annabelle while watching a video with Ben."
67、INT. JACKIE'S BEDROOM - NIGHT,doc_66_chunk_0,,
65、INT. JACKIE'S KITCHEN - NIGHT,doc_64_chunk_4,"We make mistakes. And we forgive each other. Because we love each other, very m...","Scene: At a family table, Jackie speaks to her daughter Annabelle and son Ben during a tense argument about trust and family."
62、INT. JACKIE'S KITCHEN - NIGHT,doc_61_chunk_11,"I have given them more love and more care every fifteen minutes of their lives, than you could manage in the next fifty years!",
62、INT. JACKIE'S KITCHEN - NIGHT,doc_61_chunk_11,"Ironic, huh?",
62、INT. JACKIE'S KITCHEN - NIGHT,doc_61_chunk_11,"Ironic, that I'm gonna need you.",
62、INT. JACKIE'S KITCHEN - NIGHT,doc_61_chunk_11,To be a little less. Undeserving.,
64、INT. BAR - EVENING,doc_63_chunk_1,"I know. I wouldn't know what to
say. If it were you.","Scene unspecified: Jackie speaks softly to Luke, acknowledging emotional difficulty."
64、INT. BAR - EVENING,doc_63_chunk_1,"Walk in the park. And thanks for
the 'we'.","Scene unspecified: Jackie responds to Luke's reassurance about winning, with sarcasm and acknowledgment."
62、INT. JACKIE'S KITCHEN - NIGHT,doc_61_chunk_10,You are marrying the greatest guy who walks this earth. Who I have loved from my heart for twelve years! Listening?,
62、INT. JACKIE'S KITCHEN - NIGHT,doc_61_chunk_10,And you walk in. You smile that smile. You move that boy. And he's yours for free.,
62、INT. JACKIE'S KITCHEN - NIGHT,doc_61_chunk_10,And you. Love my kids. How fucking touching.,
62、INT. JACKIE'S KITCHEN - NIGHT,doc_61_chunk_10,They came out of my body!,
65、INT. JACKIE'S KITCHEN - NIGHT,doc_64_chunk_1,"Mommy's sick, guys.","Scene: Jackie is speaking to her children, Annabelle and Ben, after shutting off Annabelle's camera."
65、INT. JACKIE'S KITCHEN - NIGHT,doc_64_chunk_1,I have cancer. Do you know what that is?,"Scene: Jackie is speaking to her children, Annabelle and Ben, explaining her illness."
70、INT. JACKIE'S KITCHEN - DAY,doc_69_chunk_6,"Tucker, is something wr...",
70、INT. JACKIE'S KITCHEN - DAY,doc_69_chunk_6,Why? Uh.,
57、EXT. SOCCER FIELD - 3 O'CLOCK PRACTICE,doc_56_chunk_3,"Not great. Plus, I've got things on my mind. You know. Things.","Scene or location unspecified: Jackie speaks to Rachel while not turning to face her, appearing preoccupied."
57、EXT. SOCCER FIELD - 3 O'CLOCK PRACTICE,doc_56_chunk_3,"Yeh, that does tend to make me sick to my stomach. Actually, I'm, uh... Thinking. Deciding if this is the time to say...","Scene or location unspecified: Jackie responds to Rachel's question about whether she is seeing someone, with a sarcastic tone and hesitation."
57、EXT. SOCCER FIELD - 3 O'CLOCK PRACTICE,doc_56_chunk_3,...thinking of going back to Random House. On a part-time basis.,"Scene or location unspecified: Jackie continues her previous thought, revealing she is considering returning to work at Random House part-time, still not facing Rachel."
65、INT. JACKIE'S KITCHEN - NIGHT,doc_64_chunk_2,Grammy had a different kind. There are lots of kinds. Her was very bad.,
65、INT. JACKIE'S KITCHEN - NIGHT,doc_64_chunk_2,"Actually, I'm getting better already.",
65、INT. JACKIE'S KITCHEN - NIGHT,doc_64_chunk_2,"I had a lot of treatments, and they weren't any fun, but the tests show the cancer got smaller.",
70、INT. JACKIE'S KITCHEN - DAY,doc_69_chunk_1,I could help with the debate.,
70、INT. JACKIE'S KITCHEN - DAY,doc_69_chunk_1,Actually. I could only help him.,
70、INT. JACKIE'S KITCHEN - DAY,doc_69_chunk_1,You don't like his friends.,
65、INT. JACKIE'S KITCHEN - NIGHT,doc_64_chunk_3,"I'm still sick, but I'm better.",
65、INT. JACKIE'S KITCHEN - NIGHT,doc_64_chunk_3,That's right. And you're mad.,
65、INT. JACKIE'S KITCHEN - NIGHT,doc_64_chunk_3,"I know how scared I get when you're sick. So I waited to tell you. Until it was getting smaller. I thought that was best, maybe I was wr...",
69、INT. ELEMENTARY SCHOOL COMMON ROOM - NIGHT,doc_68_chunk_1,Small world.,
69、INT. ELEMENTARY SCHOOL COMMON ROOM - NIGHT,doc_68_chunk_1,You're a cross-dresser.,
69、INT. ELEMENTARY SCHOOL COMMON ROOM - NIGHT,doc_68_chunk_1,She hasn't mentioned this.,
69、INT. ELEMENTARY SCHOOL COMMON ROOM - NIGHT,doc_68_chunk_1,Moi?,
73、EXT. NORTH VALE STABLES - NIGHT,doc_72_chunk_0,"Hold tight, sweetheart.","Scene: On a horse under a full moon, Jackie is riding with Annabelle, heading toward distant hills."
67、INT. JACKIE'S BEDROOM - NIGHT,doc_66_chunk_2,In the still...still of the ni-ight...I held you...held you so ti-ight...,
67、INT. JACKIE'S BEDROOM - NIGHT,doc_66_chunk_2,Sugar. I was slow dancing to that song before Rachel was even born.,
67、INT. JACKIE'S BEDROOM - NIGHT,doc_66_chunk_2,Does she have a tattoo? The butterfly. Just below her navel.,
75、INT. JACKIE'S FRONT DOOR - DUSK,doc_74_chunk_4,Can't complain.,"Scene: In a bedroom, Jackie responds to Rachel's question about her day while standing near her open chest of drawers."
73、EXT. NORTH VALE STABLES - NIGHT,doc_72_chunk_3,Promise.,"Scene: Jackie is holding Annabelle, who is in her mother's arms; Jackie speaks softly, likely in response to Annabelle's statement."
62、INT. JACKIE'S KITCHEN - NIGHT,doc_61_chunk_4,"Bi-coastal parenting. Happens every day. Luke gets the kids every other summer, every other holiday, it's not ideal, but people make it work, and...",Scene: Jackie speaks to Rachel about Luke's children and co-parenting arrangements.
62、INT. JACKIE'S KITCHEN - NIGHT,doc_61_chunk_4,Did I hear the word...,Scene: Jackie reacts to Rachel blurting out 'We can't live like that' during a discussion about Luke.
62、INT. JACKIE'S KITCHEN - NIGHT,doc_61_chunk_4,Then let him talks to me. We don't need you to solve our prob...,"Scene: Jackie speaks to Rachel, cutting off as she asserts that Luke should speak to her directly about their issues."
70、INT. JACKIE'S KITCHEN - DAY,doc_69_chunk_0,"Well, did you really think you'd meet someone at eleven that you'd spend the rest of your life with?","Kitchen, Jackie is peeling hardboiled eggs with Annabelle, discussing Annabelle's relationship."
70、INT. JACKIE'S KITCHEN - DAY,doc_69_chunk_0,What's Thursd...,"Kitchen, Jackie is interrupted while asking about Thursday, in conversation with Annabelle about a debate."
76、INT. LUKE AND RACHEL'S DEN - NIGHT,doc_75_chunk_6,"It's covered, okay? I appreciate your concern. Can I talk to her? And real quiet...",
77、INT. ANNABELLE'S ROOM - MOMENTS LATER,doc_76_chunk_6,You use your words.,
76、INT. LUKE AND RACHEL'S DEN - NIGHT,doc_75_chunk_4,Hi. How's the vitamins up there? Having big fun?,"Hospital room in Montreal; Jackie is speaking on the phone, likely to Rachel, during a rainy evening."
71、EXT. YARD - DAY,doc_70_chunk_6,"That's right, Ben. That's why Firemen have giant ladders and climb up and down poles. They're like... messengers... carrier pigeons... between heaven and earth.","Scene or location not specified: Jackie speaks to Ben and possibly others, explaining a metaphor about firemen."
73、EXT. NORTH VALE STABLES - NIGHT,doc_72_chunk_2,"I'm never, never going to forget this.",
73、EXT. NORTH VALE STABLES - NIGHT,doc_72_chunk_2,"You're old enough to learn the loophole. You can say 'never, never'. If you mean it enough. To say it twice.",
71、EXT. YARD - DAY,doc_70_chunk_1,BEEEENNNNNN!,Scene: Jackie looks up screaming; she sees Ben crouched at the top of an evergreen tree swaying in the wind.
71、EXT. YARD - DAY,doc_70_chunk_1,Don't move!,Scene: Jackie sees Ben crouched at the top of an evergreen tree swaying in the wind; she warns him not to move.
81、INT. JACKIE'S HOME - DAY,doc_80_chunk_2,...go to the park. In the worst way.,
62、INT. JACKIE'S KITCHEN - NIGHT,doc_61_chunk_8,"Life's a trade-off. You get cancer, your hair falls out, but you do get to smoke dope.","Scene: Conversation between Jackie and Rachel, topic is cancer and its side effects."
62、INT. JACKIE'S KITCHEN - NIGHT,doc_61_chunk_8,No such luck. I'm beating the shit out of this. Pardon my French.,"Scene: Conversation between Jackie and Rachel, topic is Jackie's battle with cancer."
62、INT. JACKIE'S KITCHEN - NIGHT,doc_61_chunk_8,How the hell would you know?,"Scene: Conversation between Jackie and Rachel, topic is Rachel's belief in Jackie's recovery."
62、INT. JACKIE'S KITCHEN - NIGHT,doc_61_chunk_8,How would you know anything?,"Scene: Conversation between Jackie and Rachel, topic is Rachel's understanding of Jackie's situation."
76、INT. LUKE AND RACHEL'S DEN - NIGHT,doc_75_chunk_5,Eat your heart out. Is Annabelle there?,
76、INT. LUKE AND RACHEL'S DEN - NIGHT,doc_75_chunk_5,How's she doing with Brad?,
76、INT. LUKE AND RACHEL'S DEN - NIGHT,doc_75_chunk_5,"Thanks, but it's under control.",
82、EXT. PARK - DAY,doc_81_chunk_7,"Ben was born in two hours, went",
72、INT. BEN'S BEDROOM - NIGHT,doc_71_chunk_0,God...I will do anything...I will go through any amount of pain you give me. If you'll just let me see them grow up.,"Scene: In a bedroom doorway, Jackie whispers a prayer while watching her sleeping son."
72、INT. BEN'S BEDROOM - NIGHT,doc_71_chunk_0,Is that asking so damn much?,"Scene: In a bedroom doorway, Jackie speaks quietly after her prayer, still watching her son."
70、INT. JACKIE'S KITCHEN - DAY,doc_69_chunk_2,"You wouldn't kiss him, huh?",
70、INT. JACKIE'S KITCHEN - DAY,doc_69_chunk_2,Good girl.,
70、INT. JACKIE'S KITCHEN - DAY,doc_69_chunk_2,And what do you do wh...,
70、INT. JACKIE'S KITCHEN - DAY,doc_69_chunk_2,You have to ignore him.,
70、INT. JACKIE'S KITCHEN - DAY,doc_69_chunk_2,"He's not even there. You don't see him, you don't hear him, you're just too much of a woman to bother with little boys.",
80、INT. NEWARK AIRPORT - DAY,doc_79_chunk_0,It's a miracle! I can walk!,"Arrival gate at an airport; Jackie speaks to her children (Annabelle, Ben, and Rachel) upon reuniting with them after faking an injury."
82、EXT. PARK - DAY,doc_81_chunk_4,"That's motherhood. That's the job, with or without a career. I'm telling you the biggest gift",
82、EXT. PARK - DAY,doc_81_chunk_10,Is that what he told you?,
82、EXT. PARK - DAY,doc_81_chunk_10,"Well, he got that part right.",
71、EXT. YARD - DAY,doc_70_chunk_5,Ben. God doesn't like visitors.,
71、EXT. YARD - DAY,doc_70_chunk_5,"Ask her, she's a heroic Fireperson. She does this twenty times a day.",
71、EXT. YARD - DAY,doc_70_chunk_5,Ben. God doesn't like visitors.,
71、EXT. YARD - DAY,doc_70_chunk_5,"Ask her, she's a heroic Fireperson. She does this twenty times a day.",
"84、EXT. CAR POOL LINE, ELEMENTARY SCHOOL - DAY",doc_83_chunk_1,"He looks familiar. Did he do a
Calvin Klein ad?",
70、INT. JACKIE'S KITCHEN - DAY,doc_69_chunk_5,"Oh, yeh.","Scene: In a house, Jackie responds to Annabelle's question about something working."
70、INT. JACKIE'S KITCHEN - DAY,doc_69_chunk_5,How many devilled eggs can you eat?,"Scene: In a house, Jackie asks Annabelle a question while they are together, possibly during a meal or party preparation."
70、INT. JACKIE'S KITCHEN - DAY,doc_69_chunk_5,"We can always go to the store, if w...","Scene: In a house, Jackie speaks to Annabelle about possibly going to the store, before being interrupted."
75、INT. JACKIE'S FRONT DOOR - DUSK,doc_74_chunk_5,"It's a mess, right now. That's
my project when I get back.",
75、INT. JACKIE'S FRONT DOOR - DUSK,doc_74_chunk_5,"See, I'm not going to Houston,
after all.
Like you obviously figured out.",
75、INT. JACKIE'S FRONT DOOR - DUSK,doc_74_chunk_5,"There's this clinic in Montreal.
We've studied their process, we
like their success rate...",
81、INT. JACKIE'S HOME - DAY,doc_80_chunk_1,Okay. These are good.,
81、INT. JACKIE'S HOME - DAY,doc_80_chunk_1,"I've got a lot of medicine in me, sweetie. And I'm a little wobbly for driving or running ar...",
82、EXT. PARK - DAY,doc_81_chunk_6,Feeling the pressure?,"Scene with Rachel and Jackie; Jackie speaks to Rachel after Rachel gives advice about not dying, while both are observing Ben on the swings."
85、EXT. JACKIE'S YARD - DAY,doc_84_chunk_2,Actually. They'll want Annabelle's mother.,
67、INT. JACKIE'S BEDROOM - NIGHT,doc_66_chunk_4,She is but an arriviste.,
67、INT. JACKIE'S BEDROOM - NIGHT,doc_66_chunk_4,"A newcomer. She's still got a
thing or two to learn.",
67、INT. JACKIE'S BEDROOM - NIGHT,doc_66_chunk_4,I held you...held you so ti-ight...,Scene: Singing begins; context suggests a musical moment with Annabelle and Ben present.
67、INT. JACKIE'S BEDROOM - NIGHT,doc_66_chunk_4,"You sing lead, you've got the voice...",Scene: Speaking to Annabelle during a musical performance.
67、INT. JACKIE'S BEDROOM - NIGHT,doc_66_chunk_4,The stud and I will doo-wop.,"Scene: Speaking to Annabelle, referring to Ben, during a musical performance."
"84、EXT. CAR POOL LINE, ELEMENTARY SCHOOL - DAY",doc_83_chunk_0,Who in the world is he?,"Scene: By the car, Jackie is speaking to Rachel, noticing a boy across the way who is talking to Annabelle."
75、INT. JACKIE'S FRONT DOOR - DUSK,doc_74_chunk_6,"They combine some compounds that have been getting results in France, with vitamin injections. Seems to activate the chemo...",
75、INT. JACKIE'S FRONT DOOR - DUSK,doc_74_chunk_6,"It's promising, this one. We're upbeat.",
75、INT. JACKIE'S FRONT DOOR - DUSK,doc_74_chunk_6,I really look like shit.,
75、INT. JACKIE'S FRONT DOOR - DUSK,doc_74_chunk_6,"Yeh, that's bull. I'm going for serene, they say some actually get there.",
82、EXT. PARK - DAY,doc_81_chunk_0,Serene means you accept.,"Scene: In a park, under a bare tree, Jackie speaks to Rachel about emotions and acceptance."
82、EXT. PARK - DAY,doc_81_chunk_0,Part of me hasn't quit yet.,"Scene: In a park, under a bare tree, Jackie continues speaking to Rachel about her inner struggle."
82、EXT. PARK - DAY,doc_81_chunk_2,"You mean, after I'm dead? Do you?",
82、EXT. PARK - DAY,doc_81_chunk_2,Juggle it! Move the darkroom into your house. You've got that room downstairs with the treadmill Luke never uses anyway. Don't lose your confidence. Don't lose your edge.,
85、EXT. JACKIE'S YARD - DAY,doc_84_chunk_7,You've turned her into you. And I may not get another chance. To turn her back.,
71、EXT. YARD - DAY,doc_70_chunk_4,"Ben! Mommy's so glad to see you -- Now
stop climbing!","Scene: Outdoors in a wooded area, Jackie speaks to her son Ben who is climbing a tree."
71、EXT. YARD - DAY,doc_70_chunk_4,Ben listen to me...,"Scene: Outdoors in a wooded area, Jackie speaks to her son Ben who is continuing to climb."
71、EXT. YARD - DAY,doc_70_chunk_4,Where Ben?,"Scene: Outdoors in a wooded area, Jackie asks Ben where he is trying to go."
71、EXT. YARD - DAY,doc_70_chunk_4,Ben where do you have to get to?,"Scene: Outdoors in a wooded area, Jackie questions Ben about his destination."
82、EXT. PARK - DAY,doc_81_chunk_8,"Somehow, his blanket always looked like a cape, even the nurse said that. He loves to hear that story, over and over. How he was born a magician.",
82、EXT. PARK - DAY,doc_81_chunk_8,Took 28 hours. She just wasn't sure about entering this world.,
82、EXT. PARK - DAY,doc_81_chunk_9,"The doctor wanted to go in and get her, but I knew she'd come in her own time.",
82、EXT. PARK - DAY,doc_81_chunk_9,That's who she is. Don't let anybody rush her.,
82、EXT. PARK - DAY,doc_81_chunk_9,What?,
87、INT. BAR - NIGHT,doc_86_chunk_11,Now that's enough fear for either one of us to kill the other. And no jury in the world would convict.,
82、EXT. PARK - DAY,doc_81_chunk_1,I'm thinking. Do I know you well enough to really chew you out?,"Scene: Jackie speaks to Rachel, questioning whether she has the right to reprimand her."
82、EXT. PARK - DAY,doc_81_chunk_1,"Have you lost your
mind
?! You fought
years
for that job! And you
quit
??",Scene: Jackie confronts Rachel in disbelief over her quitting a hard-earned job.
87、INT. BAR - NIGHT,doc_86_chunk_12,But I forgive you.,"Scene: Jackie toasts Rachel, offering forgiveness; they are in a moment of emotional reconciliation."
89、INT. JACKIE'S BEDROOM,doc_88_chunk_0,,
75、INT. JACKIE'S FRONT DOOR - DUSK,doc_74_chunk_7,Prob'ly low percentage on mothers.,
75、INT. JACKIE'S FRONT DOOR - DUSK,doc_74_chunk_7,"You try to center on the big issues, y'know. What it's all about. What this whole trip has meant. But then, the really big issues keep swamping y...",
75、INT. JACKIE'S FRONT DOOR - DUSK,doc_74_chunk_7,"You don't have any pot, I s'pose?","Jackie speaks to Rachel, asking for marijuana."
75、INT. JACKIE'S FRONT DOOR - DUSK,doc_74_chunk_7,The primo stuff is great for pain.,"Jackie speaks to Rachel, discussing the quality of marijuana for pain relief."
77、INT. ANNABELLE'S ROOM - MOMENTS LATER,doc_76_chunk_4,I've been thinking about our little Brad problem? And I think it's time we move to Plan B...,"Scene at clinic window: Jackie speaks on the phone, discussing a problem involving Brad with Annabelle."
77、INT. ANNABELLE'S ROOM - MOMENTS LATER,doc_76_chunk_4,"I know. I know how rough life can be. And how unfair. So here's what we do. Tomorrow, on the lunch yard, you walk straight up to that little jerk...",Scene at clinic window: Jackie comforts Annabelle and gives advice about confronting someone named Brad in the lunch yard.
87、INT. BAR - NIGHT,doc_86_chunk_3,"No, there isn't.",
87、INT. BAR - NIGHT,doc_86_chunk_3,What do you see? Down that road.,
87、INT. BAR - NIGHT,doc_86_chunk_5,Trade you a smoke. For a secret.,"Scene: In a public place, Jackie speaks to Rachel during an emotional conversation about regret and ability."
85、EXT. JACKIE'S YARD - DAY,doc_84_chunk_3,You are defending what you did?,
85、EXT. JACKIE'S YARD - DAY,doc_84_chunk_3,You put filth in my child's mouth.,
85、EXT. JACKIE'S YARD - DAY,doc_84_chunk_3,You had her lie about that... that fancy-boy model!,
72、INT. BEN'S BEDROOM - NIGHT,doc_71_chunk_1,Annabelle...wake up honey...,"Scene: In Annabelle's bedroom at night, Jackie is waking her daughter up."
72、INT. BEN'S BEDROOM - NIGHT,doc_71_chunk_1,Nothing sweetheart.,"Scene: In Annabelle's bedroom at night, Jackie reassures her daughter after being asked what's wrong."
72、INT. BEN'S BEDROOM - NIGHT,doc_71_chunk_1,I got Ginny Weintraub to come stay with Ben.,"Scene: In Annabelle's bedroom at night, Jackie explains to Annabelle why she woke her up."
72、INT. BEN'S BEDROOM - NIGHT,doc_71_chunk_1,How'd you like to go someplace special with me? Right now.,"Scene: In Annabelle's bedroom at night, Jackie invites Annabelle to go somewhere special."
82、EXT. PARK - DAY,doc_81_chunk_3,"Yes. I made the choice that was right for me. And I don't regret it. But even for me, there were days when I felt so lost, so invisible. And then I'd hate myself for the kids not being enough.",
82、EXT. PARK - DAY,doc_81_chunk_3,"I know you, huh? The car pools, the measles, the PTA. It's not gonna be enough for you in the long run. You have to think long term.",
89、INT. JACKIE'S BEDROOM,doc_88_chunk_4,"Oh, look at this.",
9、INT. SCHOOL COUNSELOR'S OFFICE - 2:30 THAT DAY,doc_8_chunk_1,,
71、EXT. YARD - DAY,doc_70_chunk_2,"I don't care if you're a dwarf, so long as you do your job.","Scene: In the air, as Jackie is being carried by Jessica towards Ben; Jackie speaks to Jessica about her capabilities."
71、EXT. YARD - DAY,doc_70_chunk_2,BEN! I'M COMING! STAY THERE! MOMMY'S COMING!,"Scene: In the air, as Jackie is being carried by Jessica towards Ben; Jackie calls out to her son Ben."
71、EXT. YARD - DAY,doc_70_chunk_2,That's absolutely out of the question.,"Scene: In the air, as Jackie is being carried by Jessica towards Ben; Jackie responds to Jessica's request to loosen her grip."
71、EXT. YARD - DAY,doc_70_chunk_2,BEN! I'M HERE!,"Scene: In the air, as Jackie is being carried by Jessica towards Ben; Jackie calls out to her son Ben."
85、EXT. JACKIE'S YARD - DAY,doc_84_chunk_9,"You
are gonna be taking Ben's training
wheels off.
You
are the one my little
girl will confess her first
love
to.
You will see them
married
, you will
play with their
babies
, you fucking
BITCH, I hate your GUTS!",
89、INT. JACKIE'S BEDROOM,doc_88_chunk_9,Right here. Right here. Inside the magician. Shhhh.,
85、EXT. JACKIE'S YARD - DAY,doc_84_chunk_8,"You've got a point there, for a change. Oh, yes you do.",
85、EXT. JACKIE'S YARD - DAY,doc_84_chunk_8,"You didn't get morning sickness for seven months, you didn't breast feed till your nipples fell off, you didn't spend every minute of every day thinking and planning and knowing that your decisions were shaping the people",
85、EXT. JACKIE'S YARD - DAY,doc_84_chunk_6,"Well, that's what parenting is about, little girl. They are pleading to know how they are supposed to do it. And you sure as hell showed her.",
85、EXT. JACKIE'S YARD - DAY,doc_84_chunk_6,And there will come another moment. When the stakes are really there. And she will look back on this. And remember how good it felt. How easy it was.,
75、INT. JACKIE'S FRONT DOOR - DUSK,doc_74_chunk_8,"So. She ignores this little Kovitsky punk, takes the high moral ground...",Scene context not specified: Jackie speaks to Rachel about someone taking the high moral ground while observing Rachel's reaction.
75、INT. JACKIE'S FRONT DOOR - DUSK,doc_74_chunk_8,He's relentless. A major asshole.,"Scene context not specified: Jackie continues speaking to Rachel, commenting on someone being an asshole."
75、INT. JACKIE'S FRONT DOOR - DUSK,doc_74_chunk_8,What else? Keep on keepin' on.,Scene context not specified: Jackie responds to Rachel's unspoken question about what to do.
75、INT. JACKIE'S FRONT DOOR - DUSK,doc_74_chunk_8,"She has to stick with it. Have the patience, the guts, to ignore the pain. You disagree?","Scene context not specified: Jackie speaks to Rachel about enduring pain and staying strong, then asks for Rachel's opinion."
87、INT. BAR - NIGHT,doc_86_chunk_6,"You know, I lost Ben awhile back? In a supermarket.","Scene or location unspecified: Jackie speaks to Rachel, revealing she lost Ben in a supermarket."
87、INT. BAR - NIGHT,doc_86_chunk_6,I lost him. I was panicked.,"Scene or location unspecified: Jackie continues speaking to Rachel, expressing panic over losing Ben."
9、INT. SCHOOL COUNSELOR'S OFFICE - 2:30 THAT DAY,doc_8_chunk_8,"You tried that last week and we were
on hold forty-five minutes...",
87、INT. BAR - NIGHT,doc_86_chunk_1,Thanks for coming out.,
87、INT. BAR - NIGHT,doc_86_chunk_1,Luke called. He says you're checking out. Of the Heartbreak Hotel.,
87、INT. BAR - NIGHT,doc_86_chunk_1,"She likes a Stolie, no ice.",
87、INT. BAR - NIGHT,doc_86_chunk_1,What's this about? Because we fought?,
89、INT. JACKIE'S BEDROOM,doc_88_chunk_5,That's you and me. Our first photo as a couple.,
89、INT. JACKIE'S BEDROOM,doc_88_chunk_5,This good-looking. Was beyond my imagination.,
9、INT. SCHOOL COUNSELOR'S OFFICE - 2:30 THAT DAY,doc_8_chunk_3,Excuse him. He never learned how to turn the darn thing off.,"Scene with Mrs. Franklin and Luke, where Jackie intervenes regarding Luke's behavior."
89、INT. JACKIE'S BEDROOM,doc_88_chunk_6,So what do you think we're gonna talk about?,
89、INT. JACKIE'S BEDROOM,doc_88_chunk_6,The secret of it. That only magicians. Can ever understand.,
89、INT. JACKIE'S BEDROOM,doc_88_chunk_8,Right here. Right here. Inside the magician. Shhhh.,"Scene where Jackie whispers to Ben, placing their hands over his heart, implying her presence within him; the context suggests a moment of emotional revelation or connection."
87、INT. BAR - NIGHT,doc_86_chunk_10,"Don't you get it? You look down the road to her wedding. You're in the room alone with her, fitting her veil, fluffing her dress. Telling her no woman was never that beautiful.",
87、INT. BAR - NIGHT,doc_86_chunk_10,And your fear is. She'll be thinking. I wish Mom were here.,
87、INT. BAR - NIGHT,doc_86_chunk_10,And mine is. She won't.,
87、INT. BAR - NIGHT,doc_86_chunk_4,"Come on, a wuss like me? The stiff
who wouldn't help her own daughter
fight back?","Scene: At a restaurant, Jackie responds to Rachel's comment about the Jack Kennedy Syndrome, discussing her own perceived shortcomings as a mother."
87、INT. BAR - NIGHT,doc_86_chunk_4,"Well, maybe you weren't.","Scene: At a restaurant, Jackie continues the conversation with Rachel, reflecting on Rachel's previous statement about her."
"10、EXT. SCHOOL, ENGLEWOOD, NEW JERSEY - MOMENTS LATER",doc_9_chunk_1,Easy enough.,
91、INT. JACKIE'S BEDROOM,doc_90_chunk_1,"There's an amazing thing when a woman has a daughter. One day you look up, and you see...a sister. Someone. You can say. Anything to. Anything.",
87、INT. BAR - NIGHT,doc_86_chunk_9,What do I have that you don't?,
87、INT. BAR - NIGHT,doc_86_chunk_9,You're the hip and fresh.,
87、INT. BAR - NIGHT,doc_86_chunk_9,You'll learn.,
87、INT. BAR - NIGHT,doc_86_chunk_9,I have their past.,
87、INT. BAR - NIGHT,doc_86_chunk_9,You. Have their future.,
87、INT. BAR - NIGHT,doc_86_chunk_7,I was running around like a chicken with my head chopped off. Doing my imitation of you.,"Scene context not specified: Jackie speaks to Rachel, describing her frantic behavior while searching for a child."
87、INT. BAR - NIGHT,doc_86_chunk_7,"He only remembers I found him. My point is, telling you this story would have been the kindest, most helpful thing I could ever have done for you.","Scene context not specified: Jackie continues speaking to Rachel, explaining her perspective on sharing a past experience."
9、INT. SCHOOL COUNSELOR'S OFFICE - 2:30 THAT DAY,doc_8_chunk_6,Thank you Luke.,"Scene: Jackie is speaking to Luke after a meeting with Mrs. Franklin, expressing gratitude."
9、INT. SCHOOL COUNSELOR'S OFFICE - 2:30 THAT DAY,doc_8_chunk_6,Jackie?,Scene: Jackie is being addressed by Luke as they get up to leave after the meeting with Mrs. Franklin.
89、INT. JACKIE'S BEDROOM,doc_88_chunk_1,Just want to be a little sharper. For a few minutes. A few minutes.,
89、INT. JACKIE'S BEDROOM,doc_88_chunk_1,"Some things to say. To the kids, huh?",
89、INT. JACKIE'S BEDROOM,doc_88_chunk_1,"Then, bring in the presents. We'll have big fun.",
89、INT. JACKIE'S BEDROOM,doc_88_chunk_1,Just sit me up. Nice and tall. Bring Benjamin first.,
85、EXT. JACKIE'S YARD - DAY,doc_84_chunk_5,Mine. Is a little different. Right there. At the swing. In her face.,
85、EXT. JACKIE'S YARD - DAY,doc_84_chunk_5,"See, in that crisis, I saw an opportunity. For some real growth.",
85、EXT. JACKIE'S YARD - DAY,doc_84_chunk_5,Shut the fuck up. I didn't go behind your back. The one scored.,"Speaking to Rachel, defending her actions during a conflict."
85、EXT. JACKIE'S YARD - DAY,doc_84_chunk_5,"Doing the right thing. Knowing who you are, inside. Not caving to peer pressure, or lowering yourself to that level, steering your own course...","Speaking to Rachel, reflecting on personal integrity and moral choices."
89、INT. JACKIE'S BEDROOM,doc_88_chunk_10,"No, it isn't. Because it isn't everything. And we want everything, don't we?",
89、INT. JACKIE'S BEDROOM,doc_88_chunk_10,But God does let us keep the one best thing we have together. The one best thing we've always had.,
89、INT. JACKIE'S BEDROOM,doc_88_chunk_10,I love you. And you love me.,
89、INT. JACKIE'S BEDROOM,doc_88_chunk_10,It's worth a lot. Will you keep it?,
85、EXT. JACKIE'S YARD - DAY,doc_84_chunk_1,"Now we're going to have a fight, you and I.",Scene: Confrontation between Jackie and Rachel; topic is an impending fight.
85、EXT. JACKIE'S YARD - DAY,doc_84_chunk_1,And I'm going to win.,Scene: Confrontation between Jackie and Rachel; topic is Jackie's confidence in winning the fight.
85、EXT. JACKIE'S YARD - DAY,doc_84_chunk_1,"Now, 'limp dick', I know. What. Is 'snowballing'?",Scene: Jackie interrogating Rachel; topic is the meaning of 'snowballing'.
85、EXT. JACKIE'S YARD - DAY,doc_84_chunk_1,"Because there'll be, oh, 20 or mothers phoning me in the next hour or so. And they'll b...",Scene: Jackie confronting Rachel; topic is other mothers contacting Jackie.
9、INT. SCHOOL COUNSELOR'S OFFICE - 2:30 THAT DAY,doc_8_chunk_5,"This man would walk thru fire for
Annabelle, gladly, any day of the week.","Scene involving Mrs. Franklin, Luke, and Jackie; discussing Annabelle's needs and relationships."
9、INT. SCHOOL COUNSELOR'S OFFICE - 2:30 THAT DAY,doc_8_chunk_5,"Except for last Thursday when Rachel
forgot to pick them up --","Scene involving Mrs. Franklin, Luke, and Jackie; discussing a past incident involving Rachel and Annabelle."
9、INT. SCHOOL COUNSELOR'S OFFICE - 2:30 THAT DAY,doc_8_chunk_2,Mrs. Franklin we're not --,
9、INT. SCHOOL COUNSELOR'S OFFICE - 2:30 THAT DAY,doc_8_chunk_2,Remarried. There is no move.,
9、INT. SCHOOL COUNSELOR'S OFFICE - 2:30 THAT DAY,doc_8_chunk_2,Are you here?,
9、INT. SCHOOL COUNSELOR'S OFFICE - 2:30 THAT DAY,doc_8_chunk_2,Because you don't really seem here.,
9、INT. SCHOOL COUNSELOR'S OFFICE - 2:30 THAT DAY,doc_8_chunk_2,Something's up wi...,
89、INT. JACKIE'S BEDROOM,doc_88_chunk_7,"See, when we die. Our body goes away. Our body. But we ...we are not our body, are we?",
89、INT. JACKIE'S BEDROOM,doc_88_chunk_7,He doesn't know. Maybe he thought we were. If a soldier loses his legs in a war. Is he the same guy? Sure he is. But you can still see him. Half. Of him. This is so fucking hard. But her eyes stay dry. Dying. Is where the whole body goes away. So you can't see any of it.,
91、INT. JACKIE'S BEDROOM,doc_90_chunk_2,"I wrote a whole lot of letters. To each of you. And the envelope says when to open it. Like, which birthday. Or...when you get your driver's permit. First time you see Rome. Things like that. Things like that.",
91、INT. JACKIE'S BEDROOM,doc_90_chunk_2,"Keep Ben's for awhile, okay? Until he's old enough to not open them all at once.",
91、INT. JACKIE'S BEDROOM,doc_90_chunk_4,What you're grown-up enough to know. Is that people. Can do two things at once. Okay?,
91、INT. JACKIE'S BEDROOM,doc_90_chunk_4,You can miss me. And. Take me with you.,
91、INT. JACKIE'S BEDROOM,doc_90_chunk_4,When you're in trouble. Have me there. When you fall in love. Have me there. You can.,
85、EXT. JACKIE'S YARD - DAY,doc_84_chunk_4,So you became the hero. And I became the schmuck.,Scene: Confrontation between Jackie and Rachel; Jackie accuses Rachel of portraying herself as the hero while making Jackie look like a loser.
85、EXT. JACKIE'S YARD - DAY,doc_84_chunk_4,You taught my child that I am some limp dick loser. Who didn't care about her pain.,Scene: Confrontation between Jackie and Rachel; Jackie expresses anger over being portrayed negatively to her child.
85、EXT. JACKIE'S YARD - DAY,doc_84_chunk_4,You think I didn't have some dirty words for that little putz? You think I couldn't figure out some low blows?,Scene: Confrontation between Jackie and Rachel; Jackie defends her restraint in a conflict.
85、EXT. JACKIE'S YARD - DAY,doc_84_chunk_4,"Well, maybe your version of growing up is 'Just win, baby'.",Scene: Confrontation between Jackie and Rachel; Jackie criticizes Rachel's philosophy on life and conflict.
87、INT. BAR - NIGHT,doc_86_chunk_8,Why didn't I?,"Scene: In a tense conversation with Rachel, Jackie reflects on their past relationship."
87、INT. BAR - NIGHT,doc_86_chunk_8,We were competing. Even then. Yes we were.,"Scene: In a tense conversation with Rachel, Jackie reflects on their past relationship."
87、INT. BAR - NIGHT,doc_86_chunk_8,Instead of being partners. Watching each other's back. Seeing things were covered.,"Scene: In a tense conversation with Rachel, Jackie reflects on their past relationship."
87、INT. BAR - NIGHT,doc_86_chunk_8,"You're not scared you'll think you don't measure up. You're scared they'll think it. That's the JFK thing, yeh?","Scene: In a tense conversation with Rachel, Jackie reflects on their past relationship and public perception."
91、INT. JACKIE'S BEDROOM,doc_90_chunk_5,"That's how we go on, you know. Forever. Because someone takes us along.",
91、INT. JACKIE'S BEDROOM,doc_90_chunk_5,On your wedding night. When your babies are born. I want to be there. Will you take me?,
91、INT. JACKIE'S BEDROOM,doc_90_chunk_5,You made my life wonderful. You.,
91、INT. JACKIE'S BEDROOM,doc_90_chunk_5,"Take that with you, too.",
91、INT. JACKIE'S BEDROOM,doc_90_chunk_3,Are you afraid for me? Where I'm going.,Scene or location not specified: Jackie speaks with Annabelle about her impending departure.
91、INT. JACKIE'S BEDROOM,doc_90_chunk_3,Don't be. I'm going. Where we all go. Now how can that be bad.,Scene or location not specified: Jackie reassures Annabelle about her destination.
91、INT. JACKIE'S BEDROOM,doc_90_chunk_3,Good. That's very good.,Scene or location not specified: Jackie responds to Annabelle expressing she will miss her.
9、INT. SCHOOL COUNSELOR'S OFFICE - 2:30 THAT DAY,doc_8_chunk_4,"Since our divorce Luke has seen a number of different women in three short years and without a lot of warning for the kids, he's now living with a woman half his age --","Scene involving Jackie and Luke discussing Luke's relationships after their divorce, focusing on his new partner Rachel."
9、INT. SCHOOL COUNSELOR'S OFFICE - 2:30 THAT DAY,doc_8_chunk_4,We're not discussing your age.,"Scene involving Jackie and Luke discussing Luke's relationships after their divorce, focusing on his new partner Rachel."
9、INT. SCHOOL COUNSELOR'S OFFICE - 2:30 THAT DAY,doc_8_chunk_4,"They want to be with you Luke, they go to your house to be with their father.",Scene involving Jackie and Luke discussing their children's visits to Luke's home.
"10、EXT. SCHOOL, ENGLEWOOD, NEW JERSEY - MOMENTS LATER",doc_9_chunk_0,I'm worried.,"Scene: Exiting a suburban school, walking to the parking area, Jackie is speaking with Luke about concerns, possibly related to parenting or scheduling."
"10、EXT. SCHOOL, ENGLEWOOD, NEW JERSEY - MOMENTS LATER",doc_9_chunk_0,"Luke, I need to switch next Friday for Thursday, so why don't you take the weekend... (pointedly) ...that way you'll be there, and I'll pick up Monday, Tuesday, and Wednesday.","Scene: Exiting a suburban school, walking to the parking area, Jackie is discussing a schedule change with Luke, likely regarding child custody or shared responsibilities."
91、INT. JACKIE'S BEDROOM,doc_90_chunk_0,Don't. Take me with you.,"Scene: A private moment between mother and daughter, Jackie and Annabelle, reuniting after separation; Jackie pleads not to be left behind."
91、INT. JACKIE'S BEDROOM,doc_90_chunk_0,Thank God. I got to see you. Grown up.,"Scene: A private moment between mother and daughter, Jackie and Annabelle, reuniting after separation; Jackie expresses gratitude for seeing her daughter again."
91、INT. JACKIE'S BEDROOM,doc_90_chunk_0,Let me be the judge of that.,"Scene: A private moment between mother and daughter, Jackie and Annabelle, reuniting after separation; Jackie gently responds to Annabelle's claim that she hasn't grown up."
